ISO-10303-21;
HEADER;
FILE_DESCRIPTION(('Open CASCADE Model'),'2;1');
FILE_NAME('Open CASCADE Shape Model','2026-09-03T13:09:17',('Author'),(
    'Open CASCADE'),'Open CASCADE STEP processor 7.9','Open CASCADE 7.9'
  ,'Unknown');
FILE_SCHEMA(('AUTOMOTIVE_DESIGN { 1 0 10303 214 1 1 1 1 }'));
ENDSEC;
DATA;
#1 = APPLICATION_PROTOCOL_DEFINITION('international standard',
  'automotive_design',2000,#2);
#2 = APPLICATION_CONTEXT(
  'core data for automotive mechanical design processes');
#3 = SHAPE_DEFINITION_REPRESENTATION(#4,#10);
#4 = PRODUCT_DEFINITION_SHAPE('','',#5);
#5 = PRODUCT_DEFINITION('design','',#6,#9);
#6 = PRODUCT_DEFINITION_FORMATION('','',#7);
#7 = PRODUCT('Open CASCADE STEP translator 7.9 14',
  'Open CASCADE STEP translator 7.9 14','',(#8));
#8 = PRODUCT_CONTEXT('',#2,'mechanical');
#9 = PRODUCT_DEFINITION_CONTEXT('part definition',#2,'design');
#10 = ADVANCED_BREP_SHAPE_REPRESENTATION('',(#11,#15),#4539);
#11 = AXIS2_PLACEMENT_3D('',#12,#13,#14);
#12 = CARTESIAN_POINT('',(0.,0.,0.));
#13 = DIRECTION('',(0.,0.,1.));
#14 = DIRECTION('',(1.,0.,-0.));
#15 = MANIFOLD_SOLID_BREP('',#16);
#16 = CLOSED_SHELL('',(#17,#165,#248,#367,#777,#1386,#1413,#1467,#1720,
    #1776,#1909,#1936,#1963,#2013,#2041,#2115,#2170,#2245,#2300,#2354,
    #2409,#2484,#2517,#2544,#2598,#2667,#2714,#2761,#2786,#2840,#2894,
    #2948,#3002,#3056,#3110,#3164,#3218,#3272,#3320,#3372,#3669,#3787,
    #3859,#3972,#3997,#4141,#4221,#4304,#4354,#4437,#4494,#4501,#4532));
#17 = ADVANCED_FACE('',(#18),#32,.F.);
#18 = FACE_BOUND('',#19,.F.);
#19 = EDGE_LOOP('',(#20,#55,#83,#111,#139));
#20 = ORIENTED_EDGE('',*,*,#21,.T.);
#21 = EDGE_CURVE('',#22,#24,#26,.T.);
#22 = VERTEX_POINT('',#23);
#23 = CARTESIAN_POINT('',(-8.881784197001E-16,64.,0.));
#24 = VERTEX_POINT('',#25);
#25 = CARTESIAN_POINT('',(-8.881784197001E-16,64.,33.5));
#26 = SURFACE_CURVE('',#27,(#31,#43),.PCURVE_S1.);
#27 = LINE('',#28,#29);
#28 = CARTESIAN_POINT('',(-8.881784197001E-16,64.,0.));
#29 = VECTOR('',#30,1.);
#30 = DIRECTION('',(0.,0.,1.));
#31 = PCURVE('',#32,#37);
#32 = PLANE('',#33);
#33 = AXIS2_PLACEMENT_3D('',#34,#35,#36);
#34 = CARTESIAN_POINT('',(0.,36.641760083033,16.401680174237));
#35 = DIRECTION('',(1.,0.,0.));
#36 = DIRECTION('',(-0.,0.,1.));
#37 = DEFINITIONAL_REPRESENTATION('',(#38),#42);
#38 = LINE('',#39,#40);
#39 = CARTESIAN_POINT('',(-16.40168017423,-27.35823991696));
#40 = VECTOR('',#41,1.);
#41 = DIRECTION('',(1.,0.));
#42 = ( GEOMETRIC_REPRESENTATION_CONTEXT(2) 
PARAMETRIC_REPRESENTATION_CONTEXT() REPRESENTATION_CONTEXT('2D SPACE',''
  ) );
#43 = PCURVE('',#44,#49);
#44 = CYLINDRICAL_SURFACE('',#45,6.);
#45 = AXIS2_PLACEMENT_3D('',#46,#47,#48);
#46 = CARTESIAN_POINT('',(6.,64.,0.));
#47 = DIRECTION('',(0.,0.,1.));
#48 = DIRECTION('',(-0.,1.,0.));
#49 = DEFINITIONAL_REPRESENTATION('',(#50),#54);
#50 = LINE('',#51,#52);
#51 = CARTESIAN_POINT('',(1.570796326795,0.));
#52 = VECTOR('',#53,1.);
#53 = DIRECTION('',(0.,1.));
#54 = ( GEOMETRIC_REPRESENTATION_CONTEXT(2) 
PARAMETRIC_REPRESENTATION_CONTEXT() REPRESENTATION_CONTEXT('2D SPACE',''
  ) );
#55 = ORIENTED_EDGE('',*,*,#56,.T.);
#56 = EDGE_CURVE('',#24,#57,#59,.T.);
#57 = VERTEX_POINT('',#58);
#58 = CARTESIAN_POINT('',(-4.440892098501E-16,31.5,33.5));
#59 = SURFACE_CURVE('',#60,(#64,#71),.PCURVE_S1.);
#60 = LINE('',#61,#62);
#61 = CARTESIAN_POINT('',(-4.440892098501E-16,64.,33.5));
#62 = VECTOR('',#63,1.);
#63 = DIRECTION('',(0.,-1.,0.));
#64 = PCURVE('',#32,#65);
#65 = DEFINITIONAL_REPRESENTATION('',(#66),#70);
#66 = LINE('',#67,#68);
#67 = CARTESIAN_POINT('',(17.098319825763,-27.35823991696));
#68 = VECTOR('',#69,1.);
#69 = DIRECTION('',(0.,1.));
#70 = ( GEOMETRIC_REPRESENTATION_CONTEXT(2) 
PARAMETRIC_REPRESENTATION_CONTEXT() REPRESENTATION_CONTEXT('2D SPACE',''
  ) );
#71 = PCURVE('',#72,#77);
#72 = CYLINDRICAL_SURFACE('',#73,2.5);
#73 = AXIS2_PLACEMENT_3D('',#74,#75,#76);
#74 = CARTESIAN_POINT('',(2.5,64.,33.5));
#75 = DIRECTION('',(0.,-1.,0.));
#76 = DIRECTION('',(-1.,-0.,0.));
#77 = DEFINITIONAL_REPRESENTATION('',(#78),#82);
#78 = LINE('',#79,#80);
#79 = CARTESIAN_POINT('',(-0.,0.));
#80 = VECTOR('',#81,1.);
#81 = DIRECTION('',(-0.,1.));
#82 = ( GEOMETRIC_REPRESENTATION_CONTEXT(2) 
PARAMETRIC_REPRESENTATION_CONTEXT() REPRESENTATION_CONTEXT('2D SPACE',''
  ) );
#83 = ORIENTED_EDGE('',*,*,#84,.T.);
#84 = EDGE_CURVE('',#57,#85,#87,.T.);
#85 = VERTEX_POINT('',#86);
#86 = CARTESIAN_POINT('',(-8.881784197001E-16,6.,27.428571428571));
#87 = SURFACE_CURVE('',#88,(#92,#99),.PCURVE_S1.);
#88 = LINE('',#89,#90);
#89 = CARTESIAN_POINT('',(0.,42.,36.));
#90 = VECTOR('',#91,1.);
#91 = DIRECTION('',(0.,-0.972806214685,-0.231620527306));
#92 = PCURVE('',#32,#93);
#93 = DEFINITIONAL_REPRESENTATION('',(#94),#98);
#94 = LINE('',#95,#96);
#95 = CARTESIAN_POINT('',(19.598319825763,-5.358239916967));
#96 = VECTOR('',#97,1.);
#97 = DIRECTION('',(-0.231620527306,0.972806214685));
#98 = ( GEOMETRIC_REPRESENTATION_CONTEXT(2) 
PARAMETRIC_REPRESENTATION_CONTEXT() REPRESENTATION_CONTEXT('2D SPACE',''
  ) );
#99 = PCURVE('',#100,#105);
#100 = PLANE('',#101);
#101 = AXIS2_PLACEMENT_3D('',#102,#103,#104);
#102 = CARTESIAN_POINT('',(0.,42.,36.));
#103 = DIRECTION('',(0.,0.231620527306,-0.972806214685));
#104 = DIRECTION('',(0.,-0.972806214685,-0.231620527306));
#105 = DEFINITIONAL_REPRESENTATION('',(#106),#110);
#106 = LINE('',#107,#108);
#107 = CARTESIAN_POINT('',(0.,0.));
#108 = VECTOR('',#109,1.);
#109 = DIRECTION('',(1.,0.));
#110 = ( GEOMETRIC_REPRESENTATION_CONTEXT(2) 
PARAMETRIC_REPRESENTATION_CONTEXT() REPRESENTATION_CONTEXT('2D SPACE',''
  ) );
#111 = ORIENTED_EDGE('',*,*,#112,.T.);
#112 = EDGE_CURVE('',#85,#113,#115,.T.);
#113 = VERTEX_POINT('',#114);
#114 = CARTESIAN_POINT('',(-8.881784197001E-16,6.,0.));
#115 = SURFACE_CURVE('',#116,(#120,#127),.PCURVE_S1.);
#116 = LINE('',#117,#118);
#117 = CARTESIAN_POINT('',(-8.881784197001E-16,6.,26.));
#118 = VECTOR('',#119,1.);
#119 = DIRECTION('',(0.,0.,-1.));
#120 = PCURVE('',#32,#121);
#121 = DEFINITIONAL_REPRESENTATION('',(#122),#126);
#122 = LINE('',#123,#124);
#123 = CARTESIAN_POINT('',(9.598319825763,30.641760083033));
#124 = VECTOR('',#125,1.);
#125 = DIRECTION('',(-1.,0.));
#126 = ( GEOMETRIC_REPRESENTATION_CONTEXT(2) 
PARAMETRIC_REPRESENTATION_CONTEXT() REPRESENTATION_CONTEXT('2D SPACE',''
  ) );
#127 = PCURVE('',#128,#133);
#128 = CYLINDRICAL_SURFACE('',#129,6.);
#129 = AXIS2_PLACEMENT_3D('',#130,#131,#132);
#130 = CARTESIAN_POINT('',(6.,6.,26.));
#131 = DIRECTION('',(0.,0.,-1.));
#132 = DIRECTION('',(0.,-1.,-0.));
#133 = DEFINITIONAL_REPRESENTATION('',(#134),#138);
#134 = LINE('',#135,#136);
#135 = CARTESIAN_POINT('',(1.570796326795,0.));
#136 = VECTOR('',#137,1.);
#137 = DIRECTION('',(0.,1.));
#138 = ( GEOMETRIC_REPRESENTATION_CONTEXT(2) 
PARAMETRIC_REPRESENTATION_CONTEXT() REPRESENTATION_CONTEXT('2D SPACE',''
  ) );
#139 = ORIENTED_EDGE('',*,*,#140,.T.);
#140 = EDGE_CURVE('',#113,#22,#141,.T.);
#141 = SURFACE_CURVE('',#142,(#146,#153),.PCURVE_S1.);
#142 = LINE('',#143,#144);
#143 = CARTESIAN_POINT('',(0.,0.,0.));
#144 = VECTOR('',#145,1.);
#145 = DIRECTION('',(0.,1.,0.));
#146 = PCURVE('',#32,#147);
#147 = DEFINITIONAL_REPRESENTATION('',(#148),#152);
#148 = LINE('',#149,#150);
#149 = CARTESIAN_POINT('',(-16.40168017423,36.641760083033));
#150 = VECTOR('',#151,1.);
#151 = DIRECTION('',(0.,-1.));
#152 = ( GEOMETRIC_REPRESENTATION_CONTEXT(2) 
PARAMETRIC_REPRESENTATION_CONTEXT() REPRESENTATION_CONTEXT('2D SPACE',''
  ) );
#153 = PCURVE('',#154,#159);
#154 = PLANE('',#155);
#155 = AXIS2_PLACEMENT_3D('',#156,#157,#158);
#156 = CARTESIAN_POINT('',(0.,0.,0.));
#157 = DIRECTION('',(0.,0.,1.));
#158 = DIRECTION('',(0.,1.,0.));
#159 = DEFINITIONAL_REPRESENTATION('',(#160),#164);
#160 = LINE('',#161,#162);
#161 = CARTESIAN_POINT('',(0.,0.));
#162 = VECTOR('',#163,1.);
#163 = DIRECTION('',(1.,0.));
#164 = ( GEOMETRIC_REPRESENTATION_CONTEXT(2) 
PARAMETRIC_REPRESENTATION_CONTEXT() REPRESENTATION_CONTEXT('2D SPACE',''
  ) );
#165 = ADVANCED_FACE('',(#166),#44,.T.);
#166 = FACE_BOUND('',#167,.T.);
#167 = EDGE_LOOP('',(#168,#198,#220,#221));
#168 = ORIENTED_EDGE('',*,*,#169,.F.);
#169 = EDGE_CURVE('',#170,#172,#174,.T.);
#170 = VERTEX_POINT('',#171);
#171 = CARTESIAN_POINT('',(6.,70.,0.));
#172 = VERTEX_POINT('',#173);
#173 = CARTESIAN_POINT('',(6.,70.,33.5));
#174 = SURFACE_CURVE('',#175,(#179,#186),.PCURVE_S1.);
#175 = LINE('',#176,#177);
#176 = CARTESIAN_POINT('',(6.,70.,0.));
#177 = VECTOR('',#178,1.);
#178 = DIRECTION('',(0.,0.,1.));
#179 = PCURVE('',#44,#180);
#180 = DEFINITIONAL_REPRESENTATION('',(#181),#185);
#181 = LINE('',#182,#183);
#182 = CARTESIAN_POINT('',(0.,0.));
#183 = VECTOR('',#184,1.);
#184 = DIRECTION('',(0.,1.));
#185 = ( GEOMETRIC_REPRESENTATION_CONTEXT(2) 
PARAMETRIC_REPRESENTATION_CONTEXT() REPRESENTATION_CONTEXT('2D SPACE',''
  ) );
#186 = PCURVE('',#187,#192);
#187 = PLANE('',#188);
#188 = AXIS2_PLACEMENT_3D('',#189,#190,#191);
#189 = CARTESIAN_POINT('',(0.,70.,0.));
#190 = DIRECTION('',(0.,-1.,0.));
#191 = DIRECTION('',(0.,0.,1.));
#192 = DEFINITIONAL_REPRESENTATION('',(#193),#197);
#193 = LINE('',#194,#195);
#194 = CARTESIAN_POINT('',(0.,-6.));
#195 = VECTOR('',#196,1.);
#196 = DIRECTION('',(1.,0.));
#197 = ( GEOMETRIC_REPRESENTATION_CONTEXT(2) 
PARAMETRIC_REPRESENTATION_CONTEXT() REPRESENTATION_CONTEXT('2D SPACE',''
  ) );
#198 = ORIENTED_EDGE('',*,*,#199,.T.);
#199 = EDGE_CURVE('',#170,#22,#200,.T.);
#200 = SURFACE_CURVE('',#201,(#206,#213),.PCURVE_S1.);
#201 = CIRCLE('',#202,6.);
#202 = AXIS2_PLACEMENT_3D('',#203,#204,#205);
#203 = CARTESIAN_POINT('',(6.,64.,0.));
#204 = DIRECTION('',(0.,0.,1.));
#205 = DIRECTION('',(0.,-1.,0.));
#206 = PCURVE('',#44,#207);
#207 = DEFINITIONAL_REPRESENTATION('',(#208),#212);
#208 = LINE('',#209,#210);
#209 = CARTESIAN_POINT('',(-3.14159265359,0.));
#210 = VECTOR('',#211,1.);
#211 = DIRECTION('',(1.,0.));
#212 = ( GEOMETRIC_REPRESENTATION_CONTEXT(2) 
PARAMETRIC_REPRESENTATION_CONTEXT() REPRESENTATION_CONTEXT('2D SPACE',''
  ) );
#213 = PCURVE('',#154,#214);
#214 = DEFINITIONAL_REPRESENTATION('',(#215),#219);
#215 = CIRCLE('',#216,6.);
#216 = AXIS2_PLACEMENT_2D('',#217,#218);
#217 = CARTESIAN_POINT('',(64.,-6.));
#218 = DIRECTION('',(-1.,0.));
#219 = ( GEOMETRIC_REPRESENTATION_CONTEXT(2) 
PARAMETRIC_REPRESENTATION_CONTEXT() REPRESENTATION_CONTEXT('2D SPACE',''
  ) );
#220 = ORIENTED_EDGE('',*,*,#21,.T.);
#221 = ORIENTED_EDGE('',*,*,#222,.F.);
#222 = EDGE_CURVE('',#172,#24,#223,.T.);
#223 = SURFACE_CURVE('',#224,(#229,#236),.PCURVE_S1.);
#224 = CIRCLE('',#225,6.);
#225 = AXIS2_PLACEMENT_3D('',#226,#227,#228);
#226 = CARTESIAN_POINT('',(6.,64.,33.5));
#227 = DIRECTION('',(0.,-0.,1.));
#228 = DIRECTION('',(0.,1.,0.));
#229 = PCURVE('',#44,#230);
#230 = DEFINITIONAL_REPRESENTATION('',(#231),#235);
#231 = LINE('',#232,#233);
#232 = CARTESIAN_POINT('',(0.,33.5));
#233 = VECTOR('',#234,1.);
#234 = DIRECTION('',(1.,0.));
#235 = ( GEOMETRIC_REPRESENTATION_CONTEXT(2) 
PARAMETRIC_REPRESENTATION_CONTEXT() REPRESENTATION_CONTEXT('2D SPACE',''
  ) );
#236 = PCURVE('',#237,#242);
#237 = TOROIDAL_SURFACE('',#238,3.5,2.5);
#238 = AXIS2_PLACEMENT_3D('',#239,#240,#241);
#239 = CARTESIAN_POINT('',(6.,64.,33.5));
#240 = DIRECTION('',(-0.,-0.,1.));
#241 = DIRECTION('',(0.,1.,0.));
#242 = DEFINITIONAL_REPRESENTATION('',(#243),#247);
#243 = LINE('',#244,#245);
#244 = CARTESIAN_POINT('',(0.,0.));
#245 = VECTOR('',#246,1.);
#246 = DIRECTION('',(1.,0.));
#247 = ( GEOMETRIC_REPRESENTATION_CONTEXT(2) 
PARAMETRIC_REPRESENTATION_CONTEXT() REPRESENTATION_CONTEXT('2D SPACE',''
  ) );
#248 = ADVANCED_FACE('',(#249),#72,.T.);
#249 = FACE_BOUND('',#250,.F.);
#250 = EDGE_LOOP('',(#251,#288,#318,#319,#341));
#251 = ORIENTED_EDGE('',*,*,#252,.T.);
#252 = EDGE_CURVE('',#253,#255,#257,.T.);
#253 = VERTEX_POINT('',#254);
#254 = CARTESIAN_POINT('',(2.5,42.293516572461,36.));
#255 = VERTEX_POINT('',#256);
#256 = CARTESIAN_POINT('',(1.920948681735,41.714465254196,
    35.932015536713));
#257 = SURFACE_CURVE('',#258,(#263,#273),.PCURVE_S1.);
#258 = ELLIPSE('',#259,3.535533905933,2.5);
#259 = AXIS2_PLACEMENT_3D('',#260,#261,#262);
#260 = CARTESIAN_POINT('',(2.5,42.293516572461,33.5));
#261 = DIRECTION('',(0.707106781187,-0.707106781187,0.));
#262 = DIRECTION('',(0.707106781187,0.707106781187,0.));
#263 = PCURVE('',#72,#264);
#264 = DEFINITIONAL_REPRESENTATION('',(#265),#272);
#265 = B_SPLINE_CURVE_WITH_KNOTS('',5,(#266,#267,#268,#269,#270,#271),
  .UNSPECIFIED.,.F.,.F.,(6,6),(1.570796326795,1.804539507664),
  .PIECEWISE_BEZIER_KNOTS.);
#266 = CARTESIAN_POINT('',(-1.570796326795,21.706483427539));
#267 = CARTESIAN_POINT('',(-1.524047690621,21.823355017973));
#268 = CARTESIAN_POINT('',(-1.477299054447,21.94022660969));
#269 = CARTESIAN_POINT('',(-1.430550418274,22.05656607966));
#270 = CARTESIAN_POINT('',(-1.3838017821,22.171841336309));
#271 = CARTESIAN_POINT('',(-1.337053145926,22.285534745804));
#272 = ( GEOMETRIC_REPRESENTATION_CONTEXT(2) 
PARAMETRIC_REPRESENTATION_CONTEXT() REPRESENTATION_CONTEXT('2D SPACE',''
  ) );
#273 = PCURVE('',#274,#279);
#274 = CYLINDRICAL_SURFACE('',#275,2.5);
#275 = AXIS2_PLACEMENT_3D('',#276,#277,#278);
#276 = CARTESIAN_POINT('',(0.,42.293516572461,33.5));
#277 = DIRECTION('',(1.,0.,0.));
#278 = DIRECTION('',(0.,-0.231620527306,0.972806214685));
#279 = DEFINITIONAL_REPRESENTATION('',(#280),#287);
#280 = B_SPLINE_CURVE_WITH_KNOTS('',5,(#281,#282,#283,#284,#285,#286),
  .UNSPECIFIED.,.F.,.F.,(6,6),(1.570796326795,1.804539507664),
  .PIECEWISE_BEZIER_KNOTS.);
#281 = CARTESIAN_POINT('',(-0.233743180869,2.5));
#282 = CARTESIAN_POINT('',(-0.186994544695,2.383128409566));
#283 = CARTESIAN_POINT('',(-0.140245908521,2.266256817848));
#284 = CARTESIAN_POINT('',(-9.349727234757E-02,2.149917347879));
#285 = CARTESIAN_POINT('',(-4.674863617381E-02,2.03464209123));
#286 = CARTESIAN_POINT('',(-3.126388037344E-14,1.920948681735));
#287 = ( GEOMETRIC_REPRESENTATION_CONTEXT(2) 
PARAMETRIC_REPRESENTATION_CONTEXT() REPRESENTATION_CONTEXT('2D SPACE',''
  ) );
#288 = ORIENTED_EDGE('',*,*,#289,.T.);
#289 = EDGE_CURVE('',#255,#57,#290,.T.);
#290 = SURFACE_CURVE('',#291,(#296,#307),.PCURVE_S1.);
#291 = ELLIPSE('',#292,10.793516572461,2.5);
#292 = AXIS2_PLACEMENT_3D('',#293,#294,#295);
#293 = CARTESIAN_POINT('',(2.5,31.5,33.5));
#294 = DIRECTION('',(0.,-0.231620527306,0.972806214685));
#295 = DIRECTION('',(0.,-0.972806214685,-0.231620527306));
#296 = PCURVE('',#72,#297);
#297 = DEFINITIONAL_REPRESENTATION('',(#298),#306);
#298 = B_SPLINE_CURVE_WITH_KNOTS('',6,(#299,#300,#301,#302,#303,#304,
    #305),.UNSPECIFIED.,.F.,.F.,(7,7),(3.375335834459,4.712388980385),
  .PIECEWISE_BEZIER_KNOTS.);
#299 = CARTESIAN_POINT('',(-1.337053145926,22.285534745804));
#300 = CARTESIAN_POINT('',(-1.114210954938,22.827490416521));
#301 = CARTESIAN_POINT('',(-0.891272887067,23.977952411282));
#302 = CARTESIAN_POINT('',(-0.668700992123,25.689458859526));
#303 = CARTESIAN_POINT('',(-0.445596844221,27.820315496899));
#304 = CARTESIAN_POINT('',(-0.222842190988,30.160156994629));
#305 = CARTESIAN_POINT('',(-1.085444095099E-16,32.5));
#306 = ( GEOMETRIC_REPRESENTATION_CONTEXT(2) 
PARAMETRIC_REPRESENTATION_CONTEXT() REPRESENTATION_CONTEXT('2D SPACE',''
  ) );
#307 = PCURVE('',#100,#308);
#308 = DEFINITIONAL_REPRESENTATION('',(#309),#317);
#309 = ( BOUNDED_CURVE() B_SPLINE_CURVE(2,(#310,#311,#312,#313,#314,#315
,#316),.UNSPECIFIED.,.T.,.F.) B_SPLINE_CURVE_WITH_KNOTS((1,2,2,2,2,1),(
    -2.094395102393,0.,2.094395102393,4.188790204786,6.28318530718,
8.377580409573),.UNSPECIFIED.) CURVE() GEOMETRIC_REPRESENTATION_ITEM() 
RATIONAL_B_SPLINE_CURVE((1.,0.5,1.,0.5,1.,0.5,1.)) REPRESENTATION_ITEM(
  '') );
#310 = CARTESIAN_POINT('',(21.587033144923,-2.5));
#311 = CARTESIAN_POINT('',(21.587033144923,-6.830127018922));
#312 = CARTESIAN_POINT('',(5.396758286231,-4.665063509461));
#313 = CARTESIAN_POINT('',(-10.79351657246,-2.5));
#314 = CARTESIAN_POINT('',(5.396758286231,-0.334936490539));
#315 = CARTESIAN_POINT('',(21.587033144923,1.830127018922));
#316 = CARTESIAN_POINT('',(21.587033144923,-2.5));
#317 = ( GEOMETRIC_REPRESENTATION_CONTEXT(2) 
PARAMETRIC_REPRESENTATION_CONTEXT() REPRESENTATION_CONTEXT('2D SPACE',''
  ) );
#318 = ORIENTED_EDGE('',*,*,#56,.F.);
#319 = ORIENTED_EDGE('',*,*,#320,.T.);
#320 = EDGE_CURVE('',#24,#321,#323,.T.);
#321 = VERTEX_POINT('',#322);
#322 = CARTESIAN_POINT('',(2.5,64.,36.));
#323 = SURFACE_CURVE('',#324,(#329,#335),.PCURVE_S1.);
#324 = CIRCLE('',#325,2.5);
#325 = AXIS2_PLACEMENT_3D('',#326,#327,#328);
#326 = CARTESIAN_POINT('',(2.5,64.,33.5));
#327 = DIRECTION('',(6.123233995737E-17,1.,0.));
#328 = DIRECTION('',(-1.,6.123233995737E-17,0.));
#329 = PCURVE('',#72,#330);
#330 = DEFINITIONAL_REPRESENTATION('',(#331),#334);
#331 = B_SPLINE_CURVE_WITH_KNOTS('',1,(#332,#333),.UNSPECIFIED.,.F.,.F.,
  (2,2),(0.,1.570796326795),.PIECEWISE_BEZIER_KNOTS.);
#332 = CARTESIAN_POINT('',(0.,0.));
#333 = CARTESIAN_POINT('',(-1.570796326795,0.));
#334 = ( GEOMETRIC_REPRESENTATION_CONTEXT(2) 
PARAMETRIC_REPRESENTATION_CONTEXT() REPRESENTATION_CONTEXT('2D SPACE',''
  ) );
#335 = PCURVE('',#237,#336);
#336 = DEFINITIONAL_REPRESENTATION('',(#337),#340);
#337 = B_SPLINE_CURVE_WITH_KNOTS('',1,(#338,#339),.UNSPECIFIED.,.F.,.F.,
  (2,2),(0.,1.570796326795),.PIECEWISE_BEZIER_KNOTS.);
#338 = CARTESIAN_POINT('',(1.570796326795,0.));
#339 = CARTESIAN_POINT('',(1.570796326795,1.570796326795));
#340 = ( GEOMETRIC_REPRESENTATION_CONTEXT(2) 
PARAMETRIC_REPRESENTATION_CONTEXT() REPRESENTATION_CONTEXT('2D SPACE',''
  ) );
#341 = ORIENTED_EDGE('',*,*,#342,.T.);
#342 = EDGE_CURVE('',#321,#253,#343,.T.);
#343 = SURFACE_CURVE('',#344,(#348,#355),.PCURVE_S1.);
#344 = LINE('',#345,#346);
#345 = CARTESIAN_POINT('',(2.5,64.,36.));
#346 = VECTOR('',#347,1.);
#347 = DIRECTION('',(0.,-1.,0.));
#348 = PCURVE('',#72,#349);
#349 = DEFINITIONAL_REPRESENTATION('',(#350),#354);
#350 = LINE('',#351,#352);
#351 = CARTESIAN_POINT('',(-1.570796326795,0.));
#352 = VECTOR('',#353,1.);
#353 = DIRECTION('',(-0.,1.));
#354 = ( GEOMETRIC_REPRESENTATION_CONTEXT(2) 
PARAMETRIC_REPRESENTATION_CONTEXT() REPRESENTATION_CONTEXT('2D SPACE',''
  ) );
#355 = PCURVE('',#356,#361);
#356 = PLANE('',#357);
#357 = AXIS2_PLACEMENT_3D('',#358,#359,#360);
#358 = CARTESIAN_POINT('',(0.,70.,36.));
#359 = DIRECTION('',(0.,0.,-1.));
#360 = DIRECTION('',(0.,-1.,0.));
#361 = DEFINITIONAL_REPRESENTATION('',(#362),#366);
#362 = LINE('',#363,#364);
#363 = CARTESIAN_POINT('',(6.,-2.5));
#364 = VECTOR('',#365,1.);
#365 = DIRECTION('',(1.,0.));
#366 = ( GEOMETRIC_REPRESENTATION_CONTEXT(2) 
PARAMETRIC_REPRESENTATION_CONTEXT() REPRESENTATION_CONTEXT('2D SPACE',''
  ) );
#367 = ADVANCED_FACE('',(#368,#539),#154,.F.);
#368 = FACE_BOUND('',#369,.F.);
#369 = EDGE_LOOP('',(#370,#400,#429,#457,#490,#511,#512,#513));
#370 = ORIENTED_EDGE('',*,*,#371,.T.);
#371 = EDGE_CURVE('',#372,#374,#376,.T.);
#372 = VERTEX_POINT('',#373);
#373 = CARTESIAN_POINT('',(6.,-8.881784197001E-16,0.));
#374 = VERTEX_POINT('',#375);
#375 = CARTESIAN_POINT('',(114.,-8.881784197001E-16,0.));
#376 = SURFACE_CURVE('',#377,(#381,#388),.PCURVE_S1.);
#377 = LINE('',#378,#379);
#378 = CARTESIAN_POINT('',(0.,0.,0.));
#379 = VECTOR('',#380,1.);
#380 = DIRECTION('',(1.,0.,0.));
#381 = PCURVE('',#154,#382);
#382 = DEFINITIONAL_REPRESENTATION('',(#383),#387);
#383 = LINE('',#384,#385);
#384 = CARTESIAN_POINT('',(0.,0.));
#385 = VECTOR('',#386,1.);
#386 = DIRECTION('',(0.,-1.));
#387 = ( GEOMETRIC_REPRESENTATION_CONTEXT(2) 
PARAMETRIC_REPRESENTATION_CONTEXT() REPRESENTATION_CONTEXT('2D SPACE',''
  ) );
#388 = PCURVE('',#389,#394);
#389 = PLANE('',#390);
#390 = AXIS2_PLACEMENT_3D('',#391,#392,#393);
#391 = CARTESIAN_POINT('',(0.,0.,26.));
#392 = DIRECTION('',(-0.,1.,0.));
#393 = DIRECTION('',(0.,0.,-1.));
#394 = DEFINITIONAL_REPRESENTATION('',(#395),#399);
#395 = LINE('',#396,#397);
#396 = CARTESIAN_POINT('',(26.,0.));
#397 = VECTOR('',#398,1.);
#398 = DIRECTION('',(0.,-1.));
#399 = ( GEOMETRIC_REPRESENTATION_CONTEXT(2) 
PARAMETRIC_REPRESENTATION_CONTEXT() REPRESENTATION_CONTEXT('2D SPACE',''
  ) );
#400 = ORIENTED_EDGE('',*,*,#401,.T.);
#401 = EDGE_CURVE('',#374,#402,#404,.T.);
#402 = VERTEX_POINT('',#403);
#403 = CARTESIAN_POINT('',(120.,6.,0.));
#404 = SURFACE_CURVE('',#405,(#410,#417),.PCURVE_S1.);
#405 = CIRCLE('',#406,6.);
#406 = AXIS2_PLACEMENT_3D('',#407,#408,#409);
#407 = CARTESIAN_POINT('',(114.,6.,0.));
#408 = DIRECTION('',(0.,-0.,1.));
#409 = DIRECTION('',(0.,1.,0.));
#410 = PCURVE('',#154,#411);
#411 = DEFINITIONAL_REPRESENTATION('',(#412),#416);
#412 = CIRCLE('',#413,6.);
#413 = AXIS2_PLACEMENT_2D('',#414,#415);
#414 = CARTESIAN_POINT('',(6.,-114.));
#415 = DIRECTION('',(1.,0.));
#416 = ( GEOMETRIC_REPRESENTATION_CONTEXT(2) 
PARAMETRIC_REPRESENTATION_CONTEXT() REPRESENTATION_CONTEXT('2D SPACE',''
  ) );
#417 = PCURVE('',#418,#423);
#418 = CYLINDRICAL_SURFACE('',#419,6.);
#419 = AXIS2_PLACEMENT_3D('',#420,#421,#422);
#420 = CARTESIAN_POINT('',(114.,6.,26.));
#421 = DIRECTION('',(0.,0.,-1.));
#422 = DIRECTION('',(0.,-1.,-0.));
#423 = DEFINITIONAL_REPRESENTATION('',(#424),#428);
#424 = LINE('',#425,#426);
#425 = CARTESIAN_POINT('',(3.14159265359,26.));
#426 = VECTOR('',#427,1.);
#427 = DIRECTION('',(-1.,0.));
#428 = ( GEOMETRIC_REPRESENTATION_CONTEXT(2) 
PARAMETRIC_REPRESENTATION_CONTEXT() REPRESENTATION_CONTEXT('2D SPACE',''
  ) );
#429 = ORIENTED_EDGE('',*,*,#430,.T.);
#430 = EDGE_CURVE('',#402,#431,#433,.T.);
#431 = VERTEX_POINT('',#432);
#432 = CARTESIAN_POINT('',(120.,64.,0.));
#433 = SURFACE_CURVE('',#434,(#438,#445),.PCURVE_S1.);
#434 = LINE('',#435,#436);
#435 = CARTESIAN_POINT('',(120.,0.,0.));
#436 = VECTOR('',#437,1.);
#437 = DIRECTION('',(0.,1.,0.));
#438 = PCURVE('',#154,#439);
#439 = DEFINITIONAL_REPRESENTATION('',(#440),#444);
#440 = LINE('',#441,#442);
#441 = CARTESIAN_POINT('',(0.,-120.));
#442 = VECTOR('',#443,1.);
#443 = DIRECTION('',(1.,0.));
#444 = ( GEOMETRIC_REPRESENTATION_CONTEXT(2) 
PARAMETRIC_REPRESENTATION_CONTEXT() REPRESENTATION_CONTEXT('2D SPACE',''
  ) );
#445 = PCURVE('',#446,#451);
#446 = PLANE('',#447);
#447 = AXIS2_PLACEMENT_3D('',#448,#449,#450);
#448 = CARTESIAN_POINT('',(120.,36.641760083033,16.401680174237));
#449 = DIRECTION('',(1.,0.,0.));
#450 = DIRECTION('',(-0.,0.,1.));
#451 = DEFINITIONAL_REPRESENTATION('',(#452),#456);
#452 = LINE('',#453,#454);
#453 = CARTESIAN_POINT('',(-16.40168017423,36.641760083033));
#454 = VECTOR('',#455,1.);
#455 = DIRECTION('',(0.,-1.));
#456 = ( GEOMETRIC_REPRESENTATION_CONTEXT(2) 
PARAMETRIC_REPRESENTATION_CONTEXT() REPRESENTATION_CONTEXT('2D SPACE',''
  ) );
#457 = ORIENTED_EDGE('',*,*,#458,.F.);
#458 = EDGE_CURVE('',#459,#431,#461,.T.);
#459 = VERTEX_POINT('',#460);
#460 = CARTESIAN_POINT('',(114.,70.,0.));
#461 = SURFACE_CURVE('',#462,(#467,#478),.PCURVE_S1.);
#462 = CIRCLE('',#463,6.);
#463 = AXIS2_PLACEMENT_3D('',#464,#465,#466);
#464 = CARTESIAN_POINT('',(114.,64.,0.));
#465 = DIRECTION('',(-0.,-0.,-1.));
#466 = DIRECTION('',(0.,-1.,0.));
#467 = PCURVE('',#154,#468);
#468 = DEFINITIONAL_REPRESENTATION('',(#469),#477);
#469 = ( BOUNDED_CURVE() B_SPLINE_CURVE(2,(#470,#471,#472,#473,#474,#475
,#476),.UNSPECIFIED.,.T.,.F.) B_SPLINE_CURVE_WITH_KNOTS((1,2,2,2,2,1),(
    -2.094395102393,0.,2.094395102393,4.188790204786,6.28318530718,
8.377580409573),.UNSPECIFIED.) CURVE() GEOMETRIC_REPRESENTATION_ITEM() 
RATIONAL_B_SPLINE_CURVE((1.,0.5,1.,0.5,1.,0.5,1.)) REPRESENTATION_ITEM(
  '') );
#470 = CARTESIAN_POINT('',(58.,-114.));
#471 = CARTESIAN_POINT('',(58.,-103.6076951545));
#472 = CARTESIAN_POINT('',(67.,-108.8038475772));
#473 = CARTESIAN_POINT('',(76.,-114.));
#474 = CARTESIAN_POINT('',(67.,-119.1961524227));
#475 = CARTESIAN_POINT('',(58.,-124.3923048454));
#476 = CARTESIAN_POINT('',(58.,-114.));
#477 = ( GEOMETRIC_REPRESENTATION_CONTEXT(2) 
PARAMETRIC_REPRESENTATION_CONTEXT() REPRESENTATION_CONTEXT('2D SPACE',''
  ) );
#478 = PCURVE('',#479,#484);
#479 = CYLINDRICAL_SURFACE('',#480,6.);
#480 = AXIS2_PLACEMENT_3D('',#481,#482,#483);
#481 = CARTESIAN_POINT('',(114.,64.,0.));
#482 = DIRECTION('',(0.,0.,1.));
#483 = DIRECTION('',(-0.,1.,0.));
#484 = DEFINITIONAL_REPRESENTATION('',(#485),#489);
#485 = LINE('',#486,#487);
#486 = CARTESIAN_POINT('',(3.14159265359,-0.));
#487 = VECTOR('',#488,1.);
#488 = DIRECTION('',(-1.,0.));
#489 = ( GEOMETRIC_REPRESENTATION_CONTEXT(2) 
PARAMETRIC_REPRESENTATION_CONTEXT() REPRESENTATION_CONTEXT('2D SPACE',''
  ) );
#490 = ORIENTED_EDGE('',*,*,#491,.F.);
#491 = EDGE_CURVE('',#170,#459,#492,.T.);
#492 = SURFACE_CURVE('',#493,(#497,#504),.PCURVE_S1.);
#493 = LINE('',#494,#495);
#494 = CARTESIAN_POINT('',(0.,70.,0.));
#495 = VECTOR('',#496,1.);
#496 = DIRECTION('',(1.,0.,0.));
#497 = PCURVE('',#154,#498);
#498 = DEFINITIONAL_REPRESENTATION('',(#499),#503);
#499 = LINE('',#500,#501);
#500 = CARTESIAN_POINT('',(70.,0.));
#501 = VECTOR('',#502,1.);
#502 = DIRECTION('',(0.,-1.));
#503 = ( GEOMETRIC_REPRESENTATION_CONTEXT(2) 
PARAMETRIC_REPRESENTATION_CONTEXT() REPRESENTATION_CONTEXT('2D SPACE',''
  ) );
#504 = PCURVE('',#187,#505);
#505 = DEFINITIONAL_REPRESENTATION('',(#506),#510);
#506 = LINE('',#507,#508);
#507 = CARTESIAN_POINT('',(0.,0.));
#508 = VECTOR('',#509,1.);
#509 = DIRECTION('',(0.,-1.));
#510 = ( GEOMETRIC_REPRESENTATION_CONTEXT(2) 
PARAMETRIC_REPRESENTATION_CONTEXT() REPRESENTATION_CONTEXT('2D SPACE',''
  ) );
#511 = ORIENTED_EDGE('',*,*,#199,.T.);
#512 = ORIENTED_EDGE('',*,*,#140,.F.);
#513 = ORIENTED_EDGE('',*,*,#514,.F.);
#514 = EDGE_CURVE('',#372,#113,#515,.T.);
#515 = SURFACE_CURVE('',#516,(#521,#532),.PCURVE_S1.);
#516 = CIRCLE('',#517,6.);
#517 = AXIS2_PLACEMENT_3D('',#518,#519,#520);
#518 = CARTESIAN_POINT('',(6.,6.,0.));
#519 = DIRECTION('',(0.,0.,-1.));
#520 = DIRECTION('',(0.,1.,0.));
#521 = PCURVE('',#154,#522);
#522 = DEFINITIONAL_REPRESENTATION('',(#523),#531);
#523 = ( BOUNDED_CURVE() B_SPLINE_CURVE(2,(#524,#525,#526,#527,#528,#529
,#530),.UNSPECIFIED.,.T.,.F.) B_SPLINE_CURVE_WITH_KNOTS((1,2,2,2,2,1),(
    -2.094395102393,0.,2.094395102393,4.188790204786,6.28318530718,
8.377580409573),.UNSPECIFIED.) CURVE() GEOMETRIC_REPRESENTATION_ITEM() 
RATIONAL_B_SPLINE_CURVE((1.,0.5,1.,0.5,1.,0.5,1.)) REPRESENTATION_ITEM(
  '') );
#524 = CARTESIAN_POINT('',(12.,-6.));
#525 = CARTESIAN_POINT('',(12.,-16.39230484541));
#526 = CARTESIAN_POINT('',(3.,-11.1961524227));
#527 = CARTESIAN_POINT('',(-6.,-6.));
#528 = CARTESIAN_POINT('',(3.,-0.803847577293));
#529 = CARTESIAN_POINT('',(12.,4.392304845413));
#530 = CARTESIAN_POINT('',(12.,-6.));
#531 = ( GEOMETRIC_REPRESENTATION_CONTEXT(2) 
PARAMETRIC_REPRESENTATION_CONTEXT() REPRESENTATION_CONTEXT('2D SPACE',''
  ) );
#532 = PCURVE('',#128,#533);
#533 = DEFINITIONAL_REPRESENTATION('',(#534),#538);
#534 = LINE('',#535,#536);
#535 = CARTESIAN_POINT('',(-3.14159265359,26.));
#536 = VECTOR('',#537,1.);
#537 = DIRECTION('',(1.,0.));
#538 = ( GEOMETRIC_REPRESENTATION_CONTEXT(2) 
PARAMETRIC_REPRESENTATION_CONTEXT() REPRESENTATION_CONTEXT('2D SPACE',''
  ) );
#539 = FACE_BOUND('',#540,.F.);
#540 = EDGE_LOOP('',(#541,#571,#604,#632,#661,#689,#722,#750));
#541 = ORIENTED_EDGE('',*,*,#542,.F.);
#542 = EDGE_CURVE('',#543,#545,#547,.T.);
#543 = VERTEX_POINT('',#544);
#544 = CARTESIAN_POINT('',(6.,2.,0.));
#545 = VERTEX_POINT('',#546);
#546 = CARTESIAN_POINT('',(114.,2.,0.));
#547 = SURFACE_CURVE('',#548,(#552,#559),.PCURVE_S1.);
#548 = LINE('',#549,#550);
#549 = CARTESIAN_POINT('',(0.,2.,0.));
#550 = VECTOR('',#551,1.);
#551 = DIRECTION('',(1.,0.,0.));
#552 = PCURVE('',#154,#553);
#553 = DEFINITIONAL_REPRESENTATION('',(#554),#558);
#554 = LINE('',#555,#556);
#555 = CARTESIAN_POINT('',(2.,0.));
#556 = VECTOR('',#557,1.);
#557 = DIRECTION('',(0.,-1.));
#558 = ( GEOMETRIC_REPRESENTATION_CONTEXT(2) 
PARAMETRIC_REPRESENTATION_CONTEXT() REPRESENTATION_CONTEXT('2D SPACE',''
  ) );
#559 = PCURVE('',#560,#565);
#560 = PLANE('',#561);
#561 = AXIS2_PLACEMENT_3D('',#562,#563,#564);
#562 = CARTESIAN_POINT('',(0.,2.,26.));
#563 = DIRECTION('',(-0.,1.,0.));
#564 = DIRECTION('',(0.,0.,-1.));
#565 = DEFINITIONAL_REPRESENTATION('',(#566),#570);
#566 = LINE('',#567,#568);
#567 = CARTESIAN_POINT('',(26.,0.));
#568 = VECTOR('',#569,1.);
#569 = DIRECTION('',(0.,-1.));
#570 = ( GEOMETRIC_REPRESENTATION_CONTEXT(2) 
PARAMETRIC_REPRESENTATION_CONTEXT() REPRESENTATION_CONTEXT('2D SPACE',''
  ) );
#571 = ORIENTED_EDGE('',*,*,#572,.T.);
#572 = EDGE_CURVE('',#543,#573,#575,.T.);
#573 = VERTEX_POINT('',#574);
#574 = CARTESIAN_POINT('',(2.,6.,0.));
#575 = SURFACE_CURVE('',#576,(#581,#592),.PCURVE_S1.);
#576 = CIRCLE('',#577,4.);
#577 = AXIS2_PLACEMENT_3D('',#578,#579,#580);
#578 = CARTESIAN_POINT('',(6.,6.,0.));
#579 = DIRECTION('',(0.,0.,-1.));
#580 = DIRECTION('',(1.224646799147E-16,1.,0.));
#581 = PCURVE('',#154,#582);
#582 = DEFINITIONAL_REPRESENTATION('',(#583),#591);
#583 = ( BOUNDED_CURVE() B_SPLINE_CURVE(2,(#584,#585,#586,#587,#588,#589
,#590),.UNSPECIFIED.,.T.,.F.) B_SPLINE_CURVE_WITH_KNOTS((1,2,2,2,2,1),(
    -2.094395102393,0.,2.094395102393,4.188790204786,6.28318530718,
8.377580409573),.UNSPECIFIED.) CURVE() GEOMETRIC_REPRESENTATION_ITEM() 
RATIONAL_B_SPLINE_CURVE((1.,0.5,1.,0.5,1.,0.5,1.)) REPRESENTATION_ITEM(
  '') );
#584 = CARTESIAN_POINT('',(10.,-6.));
#585 = CARTESIAN_POINT('',(10.,-12.92820323027));
#586 = CARTESIAN_POINT('',(4.,-9.464101615138));
#587 = CARTESIAN_POINT('',(-2.,-6.));
#588 = CARTESIAN_POINT('',(4.,-2.535898384862));
#589 = CARTESIAN_POINT('',(10.,0.928203230276));
#590 = CARTESIAN_POINT('',(10.,-6.));
#591 = ( GEOMETRIC_REPRESENTATION_CONTEXT(2) 
PARAMETRIC_REPRESENTATION_CONTEXT() REPRESENTATION_CONTEXT('2D SPACE',''
  ) );
#592 = PCURVE('',#593,#598);
#593 = CYLINDRICAL_SURFACE('',#594,4.);
#594 = AXIS2_PLACEMENT_3D('',#595,#596,#597);
#595 = CARTESIAN_POINT('',(6.,6.,26.));
#596 = DIRECTION('',(0.,0.,-1.));
#597 = DIRECTION('',(0.,-1.,-0.));
#598 = DEFINITIONAL_REPRESENTATION('',(#599),#603);
#599 = LINE('',#600,#601);
#600 = CARTESIAN_POINT('',(-3.14159265359,26.));
#601 = VECTOR('',#602,1.);
#602 = DIRECTION('',(1.,0.));
#603 = ( GEOMETRIC_REPRESENTATION_CONTEXT(2) 
PARAMETRIC_REPRESENTATION_CONTEXT() REPRESENTATION_CONTEXT('2D SPACE',''
  ) );
#604 = ORIENTED_EDGE('',*,*,#605,.T.);
#605 = EDGE_CURVE('',#573,#606,#608,.T.);
#606 = VERTEX_POINT('',#607);
#607 = CARTESIAN_POINT('',(2.,64.,0.));
#608 = SURFACE_CURVE('',#609,(#613,#620),.PCURVE_S1.);
#609 = LINE('',#610,#611);
#610 = CARTESIAN_POINT('',(2.,0.,0.));
#611 = VECTOR('',#612,1.);
#612 = DIRECTION('',(-0.,1.,0.));
#613 = PCURVE('',#154,#614);
#614 = DEFINITIONAL_REPRESENTATION('',(#615),#619);
#615 = LINE('',#616,#617);
#616 = CARTESIAN_POINT('',(0.,-2.));
#617 = VECTOR('',#618,1.);
#618 = DIRECTION('',(1.,0.));
#619 = ( GEOMETRIC_REPRESENTATION_CONTEXT(2) 
PARAMETRIC_REPRESENTATION_CONTEXT() REPRESENTATION_CONTEXT('2D SPACE',''
  ) );
#620 = PCURVE('',#621,#626);
#621 = PLANE('',#622);
#622 = AXIS2_PLACEMENT_3D('',#623,#624,#625);
#623 = CARTESIAN_POINT('',(2.,36.641760083033,16.401680174237));
#624 = DIRECTION('',(1.,0.,0.));
#625 = DIRECTION('',(-0.,0.,1.));
#626 = DEFINITIONAL_REPRESENTATION('',(#627),#631);
#627 = LINE('',#628,#629);
#628 = CARTESIAN_POINT('',(-16.40168017423,36.641760083033));
#629 = VECTOR('',#630,1.);
#630 = DIRECTION('',(0.,-1.));
#631 = ( GEOMETRIC_REPRESENTATION_CONTEXT(2) 
PARAMETRIC_REPRESENTATION_CONTEXT() REPRESENTATION_CONTEXT('2D SPACE',''
  ) );
#632 = ORIENTED_EDGE('',*,*,#633,.F.);
#633 = EDGE_CURVE('',#634,#606,#636,.T.);
#634 = VERTEX_POINT('',#635);
#635 = CARTESIAN_POINT('',(6.,68.,0.));
#636 = SURFACE_CURVE('',#637,(#642,#649),.PCURVE_S1.);
#637 = CIRCLE('',#638,4.);
#638 = AXIS2_PLACEMENT_3D('',#639,#640,#641);
#639 = CARTESIAN_POINT('',(6.,64.,0.));
#640 = DIRECTION('',(-0.,0.,1.));
#641 = DIRECTION('',(1.224646799147E-16,-1.,0.));
#642 = PCURVE('',#154,#643);
#643 = DEFINITIONAL_REPRESENTATION('',(#644),#648);
#644 = CIRCLE('',#645,4.);
#645 = AXIS2_PLACEMENT_2D('',#646,#647);
#646 = CARTESIAN_POINT('',(64.,-6.));
#647 = DIRECTION('',(-1.,-1.224646799147E-16));
#648 = ( GEOMETRIC_REPRESENTATION_CONTEXT(2) 
PARAMETRIC_REPRESENTATION_CONTEXT() REPRESENTATION_CONTEXT('2D SPACE',''
  ) );
#649 = PCURVE('',#650,#655);
#650 = CYLINDRICAL_SURFACE('',#651,4.);
#651 = AXIS2_PLACEMENT_3D('',#652,#653,#654);
#652 = CARTESIAN_POINT('',(6.,64.,0.));
#653 = DIRECTION('',(0.,0.,1.));
#654 = DIRECTION('',(-0.,1.,0.));
#655 = DEFINITIONAL_REPRESENTATION('',(#656),#660);
#656 = LINE('',#657,#658);
#657 = CARTESIAN_POINT('',(-3.14159265359,0.));
#658 = VECTOR('',#659,1.);
#659 = DIRECTION('',(1.,0.));
#660 = ( GEOMETRIC_REPRESENTATION_CONTEXT(2) 
PARAMETRIC_REPRESENTATION_CONTEXT() REPRESENTATION_CONTEXT('2D SPACE',''
  ) );
#661 = ORIENTED_EDGE('',*,*,#662,.T.);
#662 = EDGE_CURVE('',#634,#663,#665,.T.);
#663 = VERTEX_POINT('',#664);
#664 = CARTESIAN_POINT('',(114.,68.,0.));
#665 = SURFACE_CURVE('',#666,(#670,#677),.PCURVE_S1.);
#666 = LINE('',#667,#668);
#667 = CARTESIAN_POINT('',(0.,68.,0.));
#668 = VECTOR('',#669,1.);
#669 = DIRECTION('',(1.,0.,0.));
#670 = PCURVE('',#154,#671);
#671 = DEFINITIONAL_REPRESENTATION('',(#672),#676);
#672 = LINE('',#673,#674);
#673 = CARTESIAN_POINT('',(68.,0.));
#674 = VECTOR('',#675,1.);
#675 = DIRECTION('',(0.,-1.));
#676 = ( GEOMETRIC_REPRESENTATION_CONTEXT(2) 
PARAMETRIC_REPRESENTATION_CONTEXT() REPRESENTATION_CONTEXT('2D SPACE',''
  ) );
#677 = PCURVE('',#678,#683);
#678 = PLANE('',#679);
#679 = AXIS2_PLACEMENT_3D('',#680,#681,#682);
#680 = CARTESIAN_POINT('',(0.,68.,0.));
#681 = DIRECTION('',(0.,-1.,0.));
#682 = DIRECTION('',(0.,0.,1.));
#683 = DEFINITIONAL_REPRESENTATION('',(#684),#688);
#684 = LINE('',#685,#686);
#685 = CARTESIAN_POINT('',(0.,0.));
#686 = VECTOR('',#687,1.);
#687 = DIRECTION('',(0.,-1.));
#688 = ( GEOMETRIC_REPRESENTATION_CONTEXT(2) 
PARAMETRIC_REPRESENTATION_CONTEXT() REPRESENTATION_CONTEXT('2D SPACE',''
  ) );
#689 = ORIENTED_EDGE('',*,*,#690,.T.);
#690 = EDGE_CURVE('',#663,#691,#693,.T.);
#691 = VERTEX_POINT('',#692);
#692 = CARTESIAN_POINT('',(118.,64.,0.));
#693 = SURFACE_CURVE('',#694,(#699,#710),.PCURVE_S1.);
#694 = CIRCLE('',#695,4.);
#695 = AXIS2_PLACEMENT_3D('',#696,#697,#698);
#696 = CARTESIAN_POINT('',(114.,64.,0.));
#697 = DIRECTION('',(-0.,0.,-1.));
#698 = DIRECTION('',(-1.224646799147E-16,-1.,0.));
#699 = PCURVE('',#154,#700);
#700 = DEFINITIONAL_REPRESENTATION('',(#701),#709);
#701 = ( BOUNDED_CURVE() B_SPLINE_CURVE(2,(#702,#703,#704,#705,#706,#707
,#708),.UNSPECIFIED.,.T.,.F.) B_SPLINE_CURVE_WITH_KNOTS((1,2,2,2,2,1),(
    -2.094395102393,0.,2.094395102393,4.188790204786,6.28318530718,
8.377580409573),.UNSPECIFIED.) CURVE() GEOMETRIC_REPRESENTATION_ITEM() 
RATIONAL_B_SPLINE_CURVE((1.,0.5,1.,0.5,1.,0.5,1.)) REPRESENTATION_ITEM(
  '') );
#702 = CARTESIAN_POINT('',(60.,-114.));
#703 = CARTESIAN_POINT('',(60.,-107.0717967697));
#704 = CARTESIAN_POINT('',(66.,-110.5358983848));
#705 = CARTESIAN_POINT('',(72.,-114.));
#706 = CARTESIAN_POINT('',(66.,-117.4641016151));
#707 = CARTESIAN_POINT('',(60.,-120.9282032302));
#708 = CARTESIAN_POINT('',(60.,-114.));
#709 = ( GEOMETRIC_REPRESENTATION_CONTEXT(2) 
PARAMETRIC_REPRESENTATION_CONTEXT() REPRESENTATION_CONTEXT('2D SPACE',''
  ) );
#710 = PCURVE('',#711,#716);
#711 = CYLINDRICAL_SURFACE('',#712,4.);
#712 = AXIS2_PLACEMENT_3D('',#713,#714,#715);
#713 = CARTESIAN_POINT('',(114.,64.,0.));
#714 = DIRECTION('',(0.,0.,1.));
#715 = DIRECTION('',(-0.,1.,0.));
#716 = DEFINITIONAL_REPRESENTATION('',(#717),#721);
#717 = LINE('',#718,#719);
#718 = CARTESIAN_POINT('',(3.14159265359,-0.));
#719 = VECTOR('',#720,1.);
#720 = DIRECTION('',(-1.,0.));
#721 = ( GEOMETRIC_REPRESENTATION_CONTEXT(2) 
PARAMETRIC_REPRESENTATION_CONTEXT() REPRESENTATION_CONTEXT('2D SPACE',''
  ) );
#722 = ORIENTED_EDGE('',*,*,#723,.F.);
#723 = EDGE_CURVE('',#724,#691,#726,.T.);
#724 = VERTEX_POINT('',#725);
#725 = CARTESIAN_POINT('',(118.,6.,0.));
#726 = SURFACE_CURVE('',#727,(#731,#738),.PCURVE_S1.);
#727 = LINE('',#728,#729);
#728 = CARTESIAN_POINT('',(118.,0.,0.));
#729 = VECTOR('',#730,1.);
#730 = DIRECTION('',(-0.,1.,0.));
#731 = PCURVE('',#154,#732);
#732 = DEFINITIONAL_REPRESENTATION('',(#733),#737);
#733 = LINE('',#734,#735);
#734 = CARTESIAN_POINT('',(0.,-118.));
#735 = VECTOR('',#736,1.);
#736 = DIRECTION('',(1.,0.));
#737 = ( GEOMETRIC_REPRESENTATION_CONTEXT(2) 
PARAMETRIC_REPRESENTATION_CONTEXT() REPRESENTATION_CONTEXT('2D SPACE',''
  ) );
#738 = PCURVE('',#739,#744);
#739 = PLANE('',#740);
#740 = AXIS2_PLACEMENT_3D('',#741,#742,#743);
#741 = CARTESIAN_POINT('',(118.,36.641760083033,16.401680174237));
#742 = DIRECTION('',(1.,0.,0.));
#743 = DIRECTION('',(-0.,0.,1.));
#744 = DEFINITIONAL_REPRESENTATION('',(#745),#749);
#745 = LINE('',#746,#747);
#746 = CARTESIAN_POINT('',(-16.40168017423,36.641760083033));
#747 = VECTOR('',#748,1.);
#748 = DIRECTION('',(0.,-1.));
#749 = ( GEOMETRIC_REPRESENTATION_CONTEXT(2) 
PARAMETRIC_REPRESENTATION_CONTEXT() REPRESENTATION_CONTEXT('2D SPACE',''
  ) );
#750 = ORIENTED_EDGE('',*,*,#751,.F.);
#751 = EDGE_CURVE('',#545,#724,#752,.T.);
#752 = SURFACE_CURVE('',#753,(#758,#765),.PCURVE_S1.);
#753 = CIRCLE('',#754,4.);
#754 = AXIS2_PLACEMENT_3D('',#755,#756,#757);
#755 = CARTESIAN_POINT('',(114.,6.,0.));
#756 = DIRECTION('',(0.,0.,1.));
#757 = DIRECTION('',(-1.224646799147E-16,1.,0.));
#758 = PCURVE('',#154,#759);
#759 = DEFINITIONAL_REPRESENTATION('',(#760),#764);
#760 = CIRCLE('',#761,4.);
#761 = AXIS2_PLACEMENT_2D('',#762,#763);
#762 = CARTESIAN_POINT('',(6.,-114.));
#763 = DIRECTION('',(1.,1.224646799147E-16));
#764 = ( GEOMETRIC_REPRESENTATION_CONTEXT(2) 
PARAMETRIC_REPRESENTATION_CONTEXT() REPRESENTATION_CONTEXT('2D SPACE',''
  ) );
#765 = PCURVE('',#766,#771);
#766 = CYLINDRICAL_SURFACE('',#767,4.);
#767 = AXIS2_PLACEMENT_3D('',#768,#769,#770);
#768 = CARTESIAN_POINT('',(114.,6.,26.));
#769 = DIRECTION('',(0.,0.,-1.));
#770 = DIRECTION('',(0.,-1.,-0.));
#771 = DEFINITIONAL_REPRESENTATION('',(#772),#776);
#772 = LINE('',#773,#774);
#773 = CARTESIAN_POINT('',(3.14159265359,26.));
#774 = VECTOR('',#775,1.);
#775 = DIRECTION('',(-1.,0.));
#776 = ( GEOMETRIC_REPRESENTATION_CONTEXT(2) 
PARAMETRIC_REPRESENTATION_CONTEXT() REPRESENTATION_CONTEXT('2D SPACE',''
  ) );
#777 = ADVANCED_FACE('',(#778,#940,#974,#1080,#1114,#1148,#1182,#1216,
    #1250,#1284,#1318,#1352),#100,.F.);
#778 = FACE_BOUND('',#779,.F.);
#779 = EDGE_LOOP('',(#780,#781,#782,#805,#838,#861,#892,#915));
#780 = ORIENTED_EDGE('',*,*,#84,.F.);
#781 = ORIENTED_EDGE('',*,*,#289,.F.);
#782 = ORIENTED_EDGE('',*,*,#783,.T.);
#783 = EDGE_CURVE('',#255,#784,#786,.T.);
#784 = VERTEX_POINT('',#785);
#785 = CARTESIAN_POINT('',(118.07905131826,41.714465254196,
    35.932015536713));
#786 = SURFACE_CURVE('',#787,(#791,#798),.PCURVE_S1.);
#787 = LINE('',#788,#789);
#788 = CARTESIAN_POINT('',(0.,41.714465254196,35.932015536713));
#789 = VECTOR('',#790,1.);
#790 = DIRECTION('',(1.,0.,0.));
#791 = PCURVE('',#100,#792);
#792 = DEFINITIONAL_REPRESENTATION('',(#793),#797);
#793 = LINE('',#794,#795);
#794 = CARTESIAN_POINT('',(0.293516572461,0.));
#795 = VECTOR('',#796,1.);
#796 = DIRECTION('',(0.,-1.));
#797 = ( GEOMETRIC_REPRESENTATION_CONTEXT(2) 
PARAMETRIC_REPRESENTATION_CONTEXT() REPRESENTATION_CONTEXT('2D SPACE',''
  ) );
#798 = PCURVE('',#274,#799);
#799 = DEFINITIONAL_REPRESENTATION('',(#800),#804);
#800 = LINE('',#801,#802);
#801 = CARTESIAN_POINT('',(-0.,0.));
#802 = VECTOR('',#803,1.);
#803 = DIRECTION('',(-0.,1.));
#804 = ( GEOMETRIC_REPRESENTATION_CONTEXT(2) 
PARAMETRIC_REPRESENTATION_CONTEXT() REPRESENTATION_CONTEXT('2D SPACE',''
  ) );
#805 = ORIENTED_EDGE('',*,*,#806,.T.);
#806 = EDGE_CURVE('',#784,#807,#809,.T.);
#807 = VERTEX_POINT('',#808);
#808 = CARTESIAN_POINT('',(120.,31.5,33.5));
#809 = SURFACE_CURVE('',#810,(#815,#822),.PCURVE_S1.);
#810 = ELLIPSE('',#811,10.793516572461,2.5);
#811 = AXIS2_PLACEMENT_3D('',#812,#813,#814);
#812 = CARTESIAN_POINT('',(117.5,31.5,33.5));
#813 = DIRECTION('',(0.,0.231620527306,-0.972806214685));
#814 = DIRECTION('',(0.,0.972806214685,0.231620527306));
#815 = PCURVE('',#100,#816);
#816 = DEFINITIONAL_REPRESENTATION('',(#817),#821);
#817 = ELLIPSE('',#818,10.793516572461,2.5);
#818 = AXIS2_PLACEMENT_2D('',#819,#820);
#819 = CARTESIAN_POINT('',(10.793516572461,-117.5));
#820 = DIRECTION('',(-1.,0.));
#821 = ( GEOMETRIC_REPRESENTATION_CONTEXT(2) 
PARAMETRIC_REPRESENTATION_CONTEXT() REPRESENTATION_CONTEXT('2D SPACE',''
  ) );
#822 = PCURVE('',#823,#828);
#823 = CYLINDRICAL_SURFACE('',#824,2.5);
#824 = AXIS2_PLACEMENT_3D('',#825,#826,#827);
#825 = CARTESIAN_POINT('',(117.5,42.,33.5));
#826 = DIRECTION('',(-0.,1.,-0.));
#827 = DIRECTION('',(1.,0.,0.));
#828 = DEFINITIONAL_REPRESENTATION('',(#829),#837);
#829 = B_SPLINE_CURVE_WITH_KNOTS('',6,(#830,#831,#832,#833,#834,#835,
    #836),.UNSPECIFIED.,.F.,.F.,(7,7),(0.233743180869,1.570796326795),
  .PIECEWISE_BEZIER_KNOTS.);
#830 = CARTESIAN_POINT('',(-1.337053145926,-0.285534745805));
#831 = CARTESIAN_POINT('',(-1.114210954938,-0.827490416523));
#832 = CARTESIAN_POINT('',(-0.891272887066,-1.977952411284));
#833 = CARTESIAN_POINT('',(-0.668700992123,-3.689458859529));
#834 = CARTESIAN_POINT('',(-0.445596844221,-5.8203154969));
#835 = CARTESIAN_POINT('',(-0.222842190988,-8.16015699463));
#836 = CARTESIAN_POINT('',(-1.110223024625E-16,-10.5));
#837 = ( GEOMETRIC_REPRESENTATION_CONTEXT(2) 
PARAMETRIC_REPRESENTATION_CONTEXT() REPRESENTATION_CONTEXT('2D SPACE',''
  ) );
#838 = ORIENTED_EDGE('',*,*,#839,.T.);
#839 = EDGE_CURVE('',#807,#840,#842,.T.);
#840 = VERTEX_POINT('',#841);
#841 = CARTESIAN_POINT('',(120.,6.,27.428571428571));
#842 = SURFACE_CURVE('',#843,(#847,#854),.PCURVE_S1.);
#843 = LINE('',#844,#845);
#844 = CARTESIAN_POINT('',(120.,42.,36.));
#845 = VECTOR('',#846,1.);
#846 = DIRECTION('',(0.,-0.972806214685,-0.231620527306));
#847 = PCURVE('',#100,#848);
#848 = DEFINITIONAL_REPRESENTATION('',(#849),#853);
#849 = LINE('',#850,#851);
#850 = CARTESIAN_POINT('',(0.,-120.));
#851 = VECTOR('',#852,1.);
#852 = DIRECTION('',(1.,0.));
#853 = ( GEOMETRIC_REPRESENTATION_CONTEXT(2) 
PARAMETRIC_REPRESENTATION_CONTEXT() REPRESENTATION_CONTEXT('2D SPACE',''
  ) );
#854 = PCURVE('',#446,#855);
#855 = DEFINITIONAL_REPRESENTATION('',(#856),#860);
#856 = LINE('',#857,#858);
#857 = CARTESIAN_POINT('',(19.598319825763,-5.358239916967));
#858 = VECTOR('',#859,1.);
#859 = DIRECTION('',(-0.231620527306,0.972806214685));
#860 = ( GEOMETRIC_REPRESENTATION_CONTEXT(2) 
PARAMETRIC_REPRESENTATION_CONTEXT() REPRESENTATION_CONTEXT('2D SPACE',''
  ) );
#861 = ORIENTED_EDGE('',*,*,#862,.F.);
#862 = EDGE_CURVE('',#863,#840,#865,.T.);
#863 = VERTEX_POINT('',#864);
#864 = CARTESIAN_POINT('',(114.,-8.881784197001E-16,26.));
#865 = SURFACE_CURVE('',#866,(#871,#882),.PCURVE_S1.);
#866 = ELLIPSE('',#867,6.167723755692,6.);
#867 = AXIS2_PLACEMENT_3D('',#868,#869,#870);
#868 = CARTESIAN_POINT('',(114.,6.,27.428571428571));
#869 = DIRECTION('',(0.,-0.231620527306,0.972806214685));
#870 = DIRECTION('',(0.,-0.972806214685,-0.231620527306));
#871 = PCURVE('',#100,#872);
#872 = DEFINITIONAL_REPRESENTATION('',(#873),#881);
#873 = ( BOUNDED_CURVE() B_SPLINE_CURVE(2,(#874,#875,#876,#877,#878,#879
,#880),.UNSPECIFIED.,.T.,.F.) B_SPLINE_CURVE_WITH_KNOTS((1,2,2,2,2,1),(
    -2.094395102393,0.,2.094395102393,4.188790204786,6.28318530718,
8.377580409573),.UNSPECIFIED.) CURVE() GEOMETRIC_REPRESENTATION_ITEM() 
RATIONAL_B_SPLINE_CURVE((1.,0.5,1.,0.5,1.,0.5,1.)) REPRESENTATION_ITEM(
  '') );
#874 = CARTESIAN_POINT('',(43.174066289846,-114.));
#875 = CARTESIAN_POINT('',(43.174066289846,-124.3923048454));
#876 = CARTESIAN_POINT('',(33.922480656307,-119.1961524227));
#877 = CARTESIAN_POINT('',(24.670895022769,-114.));
#878 = CARTESIAN_POINT('',(33.922480656307,-108.8038475772));
#879 = CARTESIAN_POINT('',(43.174066289846,-103.6076951545));
#880 = CARTESIAN_POINT('',(43.174066289846,-114.));
#881 = ( GEOMETRIC_REPRESENTATION_CONTEXT(2) 
PARAMETRIC_REPRESENTATION_CONTEXT() REPRESENTATION_CONTEXT('2D SPACE',''
  ) );
#882 = PCURVE('',#418,#883);
#883 = DEFINITIONAL_REPRESENTATION('',(#884),#891);
#884 = B_SPLINE_CURVE_WITH_KNOTS('',5,(#885,#886,#887,#888,#889,#890),
  .UNSPECIFIED.,.F.,.F.,(6,6),(0.,1.570796326795),
  .PIECEWISE_BEZIER_KNOTS.);
#885 = CARTESIAN_POINT('',(-1.110223024625E-16,-1.110223024625E-16));
#886 = CARTESIAN_POINT('',(-0.314159265359,1.185846126156E-16));
#887 = CARTESIAN_POINT('',(-0.628316827015,-0.175755006328));
#888 = CARTESIAN_POINT('',(-0.942478492626,-0.530568878366));
#889 = CARTESIAN_POINT('',(-1.256637061436,-0.979772478059));
#890 = CARTESIAN_POINT('',(-1.570796326795,-1.428571428571));
#891 = ( GEOMETRIC_REPRESENTATION_CONTEXT(2) 
PARAMETRIC_REPRESENTATION_CONTEXT() REPRESENTATION_CONTEXT('2D SPACE',''
  ) );
#892 = ORIENTED_EDGE('',*,*,#893,.F.);
#893 = EDGE_CURVE('',#894,#863,#896,.T.);
#894 = VERTEX_POINT('',#895);
#895 = CARTESIAN_POINT('',(6.,-8.881784197001E-16,26.));
#896 = SURFACE_CURVE('',#897,(#901,#908),.PCURVE_S1.);
#897 = LINE('',#898,#899);
#898 = CARTESIAN_POINT('',(0.,0.,26.));
#899 = VECTOR('',#900,1.);
#900 = DIRECTION('',(1.,0.,0.));
#901 = PCURVE('',#100,#902);
#902 = DEFINITIONAL_REPRESENTATION('',(#903),#907);
#903 = LINE('',#904,#905);
#904 = CARTESIAN_POINT('',(43.174066289846,0.));
#905 = VECTOR('',#906,1.);
#906 = DIRECTION('',(0.,-1.));
#907 = ( GEOMETRIC_REPRESENTATION_CONTEXT(2) 
PARAMETRIC_REPRESENTATION_CONTEXT() REPRESENTATION_CONTEXT('2D SPACE',''
  ) );
#908 = PCURVE('',#389,#909);
#909 = DEFINITIONAL_REPRESENTATION('',(#910),#914);
#910 = LINE('',#911,#912);
#911 = CARTESIAN_POINT('',(0.,0.));
#912 = VECTOR('',#913,1.);
#913 = DIRECTION('',(0.,-1.));
#914 = ( GEOMETRIC_REPRESENTATION_CONTEXT(2) 
PARAMETRIC_REPRESENTATION_CONTEXT() REPRESENTATION_CONTEXT('2D SPACE',''
  ) );
#915 = ORIENTED_EDGE('',*,*,#916,.T.);
#916 = EDGE_CURVE('',#894,#85,#917,.T.);
#917 = SURFACE_CURVE('',#918,(#923,#930),.PCURVE_S1.);
#918 = ELLIPSE('',#919,6.167723755692,6.);
#919 = AXIS2_PLACEMENT_3D('',#920,#921,#922);
#920 = CARTESIAN_POINT('',(6.,6.,27.428571428571));
#921 = DIRECTION('',(0.,0.231620527306,-0.972806214685));
#922 = DIRECTION('',(0.,-0.972806214685,-0.231620527306));
#923 = PCURVE('',#100,#924);
#924 = DEFINITIONAL_REPRESENTATION('',(#925),#929);
#925 = ELLIPSE('',#926,6.167723755692,6.);
#926 = AXIS2_PLACEMENT_2D('',#927,#928);
#927 = CARTESIAN_POINT('',(37.006342534154,-6.));
#928 = DIRECTION('',(1.,0.));
#929 = ( GEOMETRIC_REPRESENTATION_CONTEXT(2) 
PARAMETRIC_REPRESENTATION_CONTEXT() REPRESENTATION_CONTEXT('2D SPACE',''
  ) );
#930 = PCURVE('',#128,#931);
#931 = DEFINITIONAL_REPRESENTATION('',(#932),#939);
#932 = B_SPLINE_CURVE_WITH_KNOTS('',5,(#933,#934,#935,#936,#937,#938),
  .UNSPECIFIED.,.F.,.F.,(6,6),(0.,1.570796326795),
  .PIECEWISE_BEZIER_KNOTS.);
#933 = CARTESIAN_POINT('',(0.,-5.551115123126E-17));
#934 = CARTESIAN_POINT('',(0.314159265359,-1.185846126156E-16));
#935 = CARTESIAN_POINT('',(0.628316827015,-0.175755006328));
#936 = CARTESIAN_POINT('',(0.942478492626,-0.530568878366));
#937 = CARTESIAN_POINT('',(1.256637061436,-0.979772478059));
#938 = CARTESIAN_POINT('',(1.570796326795,-1.428571428571));
#939 = ( GEOMETRIC_REPRESENTATION_CONTEXT(2) 
PARAMETRIC_REPRESENTATION_CONTEXT() REPRESENTATION_CONTEXT('2D SPACE',''
  ) );
#940 = FACE_BOUND('',#941,.F.);
#941 = EDGE_LOOP('',(#942));
#942 = ORIENTED_EDGE('',*,*,#943,.T.);
#943 = EDGE_CURVE('',#944,#944,#946,.T.);
#944 = VERTEX_POINT('',#945);
#945 = CARTESIAN_POINT('',(108.,11.673674576224,28.779446327672));
#946 = SURFACE_CURVE('',#947,(#952,#963),.PCURVE_S1.);
#947 = CIRCLE('',#948,4.);
#948 = AXIS2_PLACEMENT_3D('',#949,#950,#951);
#949 = CARTESIAN_POINT('',(104.,11.673674576224,28.779446327672));
#950 = DIRECTION('',(0.,-0.231620527306,0.972806214685));
#951 = DIRECTION('',(1.,0.,0.));
#952 = PCURVE('',#100,#953);
#953 = DEFINITIONAL_REPRESENTATION('',(#954),#962);
#954 = ( BOUNDED_CURVE() B_SPLINE_CURVE(2,(#955,#956,#957,#958,#959,#960
,#961),.UNSPECIFIED.,.T.,.F.) B_SPLINE_CURVE_WITH_KNOTS((1,2,2,2,2,1),(
    -2.094395102393,0.,2.094395102393,4.188790204786,6.28318530718,
8.377580409573),.UNSPECIFIED.) CURVE() GEOMETRIC_REPRESENTATION_ITEM() 
RATIONAL_B_SPLINE_CURVE((1.,0.5,1.,0.5,1.,0.5,1.)) REPRESENTATION_ITEM(
  '') );
#955 = CARTESIAN_POINT('',(31.174066289846,-108.));
#956 = CARTESIAN_POINT('',(24.24586305957,-108.));
#957 = CARTESIAN_POINT('',(27.709964674708,-102.));
#958 = CARTESIAN_POINT('',(31.174066289846,-96.));
#959 = CARTESIAN_POINT('',(34.638167904984,-102.));
#960 = CARTESIAN_POINT('',(38.102269520121,-108.));
#961 = CARTESIAN_POINT('',(31.174066289846,-108.));
#962 = ( GEOMETRIC_REPRESENTATION_CONTEXT(2) 
PARAMETRIC_REPRESENTATION_CONTEXT() REPRESENTATION_CONTEXT('2D SPACE',''
  ) );
#963 = PCURVE('',#964,#969);
#964 = CYLINDRICAL_SURFACE('',#965,4.);
#965 = AXIS2_PLACEMENT_3D('',#966,#967,#968);
#966 = CARTESIAN_POINT('',(104.,11.673674576224,28.779446327672));
#967 = DIRECTION('',(0.,-0.231620527306,0.972806214685));
#968 = DIRECTION('',(1.,0.,0.));
#969 = DEFINITIONAL_REPRESENTATION('',(#970),#973);
#970 = B_SPLINE_CURVE_WITH_KNOTS('',1,(#971,#972),.UNSPECIFIED.,.F.,.F.,
  (2,2),(0.,6.28318530718),.PIECEWISE_BEZIER_KNOTS.);
#971 = CARTESIAN_POINT('',(0.,0.));
#972 = CARTESIAN_POINT('',(6.28318530718,0.));
#973 = ( GEOMETRIC_REPRESENTATION_CONTEXT(2) 
PARAMETRIC_REPRESENTATION_CONTEXT() REPRESENTATION_CONTEXT('2D SPACE',''
  ) );
#974 = FACE_BOUND('',#975,.F.);
#975 = EDGE_LOOP('',(#976,#1004,#1030,#1056));
#976 = ORIENTED_EDGE('',*,*,#977,.T.);
#977 = EDGE_CURVE('',#978,#980,#982,.T.);
#978 = VERTEX_POINT('',#979);
#979 = CARTESIAN_POINT('',(35.,40.371457909443,35.612251883201));
#980 = VERTEX_POINT('',#981);
#981 = CARTESIAN_POINT('',(35.,3.404821751399,26.810671845571));
#982 = SURFACE_CURVE('',#983,(#987,#993),.PCURVE_S1.);
#983 = LINE('',#984,#985);
#984 = CARTESIAN_POINT('',(35.,41.185728954721,35.8061259416));
#985 = VECTOR('',#986,1.);
#986 = DIRECTION('',(0.,-0.972806214685,-0.231620527306));
#987 = PCURVE('',#100,#988);
#988 = DEFINITIONAL_REPRESENTATION('',(#989),#992);
#989 = B_SPLINE_CURVE_WITH_KNOTS('',1,(#990,#991),.UNSPECIFIED.,.F.,.F.,
  (2,2),(0.837033144923,38.837033144923),.PIECEWISE_BEZIER_KNOTS.);
#990 = CARTESIAN_POINT('',(1.674066289846,-35.));
#991 = CARTESIAN_POINT('',(39.674066289846,-35.));
#992 = ( GEOMETRIC_REPRESENTATION_CONTEXT(2) 
PARAMETRIC_REPRESENTATION_CONTEXT() REPRESENTATION_CONTEXT('2D SPACE',''
  ) );
#993 = PCURVE('',#994,#999);
#994 = PLANE('',#995);
#995 = AXIS2_PLACEMENT_3D('',#996,#997,#998);
#996 = CARTESIAN_POINT('',(35.,40.371457909443,35.612251883201));
#997 = DIRECTION('',(1.,0.,0.));
#998 = DIRECTION('',(0.,-0.972806214685,-0.231620527306));
#999 = DEFINITIONAL_REPRESENTATION('',(#1000),#1003);
#1000 = B_SPLINE_CURVE_WITH_KNOTS('',1,(#1001,#1002),.UNSPECIFIED.,.F.,
  .F.,(2,2),(0.837033144923,38.837033144923),.PIECEWISE_BEZIER_KNOTS.);
#1001 = CARTESIAN_POINT('',(-8.881784197001E-16,-1.021857506542E-14));
#1002 = CARTESIAN_POINT('',(38.,-9.163863192026E-15));
#1003 = ( GEOMETRIC_REPRESENTATION_CONTEXT(2) 
PARAMETRIC_REPRESENTATION_CONTEXT() REPRESENTATION_CONTEXT('2D SPACE',''
  ) );
#1004 = ORIENTED_EDGE('',*,*,#1005,.T.);
#1005 = EDGE_CURVE('',#980,#1006,#1008,.T.);
#1006 = VERTEX_POINT('',#1007);
#1007 = CARTESIAN_POINT('',(85.,3.404821751399,26.810671845571));
#1008 = SURFACE_CURVE('',#1009,(#1013,#1019),.PCURVE_S1.);
#1009 = LINE('',#1010,#1011);
#1010 = CARTESIAN_POINT('',(17.5,3.404821751399,26.810671845571));
#1011 = VECTOR('',#1012,1.);
#1012 = DIRECTION('',(1.,0.,0.));
#1013 = PCURVE('',#100,#1014);
#1014 = DEFINITIONAL_REPRESENTATION('',(#1015),#1018);
#1015 = B_SPLINE_CURVE_WITH_KNOTS('',1,(#1016,#1017),.UNSPECIFIED.,.F.,
  .F.,(2,2),(17.5,67.5),.PIECEWISE_BEZIER_KNOTS.);
#1016 = CARTESIAN_POINT('',(39.674066289846,-35.));
#1017 = CARTESIAN_POINT('',(39.674066289846,-85.));
#1018 = ( GEOMETRIC_REPRESENTATION_CONTEXT(2) 
PARAMETRIC_REPRESENTATION_CONTEXT() REPRESENTATION_CONTEXT('2D SPACE',''
  ) );
#1019 = PCURVE('',#1020,#1025);
#1020 = PLANE('',#1021);
#1021 = AXIS2_PLACEMENT_3D('',#1022,#1023,#1024);
#1022 = CARTESIAN_POINT('',(35.,3.404821751399,26.810671845571));
#1023 = DIRECTION('',(-0.,0.972806214685,0.231620527306));
#1024 = DIRECTION('',(1.,0.,0.));
#1025 = DEFINITIONAL_REPRESENTATION('',(#1026),#1029);
#1026 = B_SPLINE_CURVE_WITH_KNOTS('',1,(#1027,#1028),.UNSPECIFIED.,.F.,
  .F.,(2,2),(17.5,67.5),.PIECEWISE_BEZIER_KNOTS.);
#1027 = CARTESIAN_POINT('',(0.,-7.117924245382E-15));
#1028 = CARTESIAN_POINT('',(50.,-7.117924245382E-15));
#1029 = ( GEOMETRIC_REPRESENTATION_CONTEXT(2) 
PARAMETRIC_REPRESENTATION_CONTEXT() REPRESENTATION_CONTEXT('2D SPACE',''
  ) );
#1030 = ORIENTED_EDGE('',*,*,#1031,.T.);
#1031 = EDGE_CURVE('',#1006,#1032,#1034,.T.);
#1032 = VERTEX_POINT('',#1033);
#1033 = CARTESIAN_POINT('',(85.,40.371457909443,35.612251883201));
#1034 = SURFACE_CURVE('',#1035,(#1039,#1045),.PCURVE_S1.);
#1035 = LINE('',#1036,#1037);
#1036 = CARTESIAN_POINT('',(85.,22.702410875699,31.405335922786));
#1037 = VECTOR('',#1038,1.);
#1038 = DIRECTION('',(0.,0.972806214685,0.231620527306));
#1039 = PCURVE('',#100,#1040);
#1040 = DEFINITIONAL_REPRESENTATION('',(#1041),#1044);
#1041 = B_SPLINE_CURVE_WITH_KNOTS('',1,(#1042,#1043),.UNSPECIFIED.,.F.,
  .F.,(2,2),(-19.83703314492,18.162966855077),.PIECEWISE_BEZIER_KNOTS.);
#1042 = CARTESIAN_POINT('',(39.674066289846,-85.));
#1043 = CARTESIAN_POINT('',(1.674066289846,-85.));
#1044 = ( GEOMETRIC_REPRESENTATION_CONTEXT(2) 
PARAMETRIC_REPRESENTATION_CONTEXT() REPRESENTATION_CONTEXT('2D SPACE',''
  ) );
#1045 = PCURVE('',#1046,#1051);
#1046 = PLANE('',#1047);
#1047 = AXIS2_PLACEMENT_3D('',#1048,#1049,#1050);
#1048 = CARTESIAN_POINT('',(85.,3.404821751399,26.810671845571));
#1049 = DIRECTION('',(-1.,0.,0.));
#1050 = DIRECTION('',(0.,0.972806214685,0.231620527306));
#1051 = DEFINITIONAL_REPRESENTATION('',(#1052),#1055);
#1052 = B_SPLINE_CURVE_WITH_KNOTS('',1,(#1053,#1054),.UNSPECIFIED.,.F.,
  .F.,(2,2),(-19.83703314492,18.162966855077),.PIECEWISE_BEZIER_KNOTS.);
#1053 = CARTESIAN_POINT('',(0.,-4.778482244757E-15));
#1054 = CARTESIAN_POINT('',(38.,-5.833194118151E-15));
#1055 = ( GEOMETRIC_REPRESENTATION_CONTEXT(2) 
PARAMETRIC_REPRESENTATION_CONTEXT() REPRESENTATION_CONTEXT('2D SPACE',''
  ) );
#1056 = ORIENTED_EDGE('',*,*,#1057,.T.);
#1057 = EDGE_CURVE('',#1032,#978,#1058,.T.);
#1058 = SURFACE_CURVE('',#1059,(#1063,#1069),.PCURVE_S1.);
#1059 = LINE('',#1060,#1061);
#1060 = CARTESIAN_POINT('',(42.5,40.371457909443,35.612251883201));
#1061 = VECTOR('',#1062,1.);
#1062 = DIRECTION('',(-1.,0.,0.));
#1063 = PCURVE('',#100,#1064);
#1064 = DEFINITIONAL_REPRESENTATION('',(#1065),#1068);
#1065 = B_SPLINE_CURVE_WITH_KNOTS('',1,(#1066,#1067),.UNSPECIFIED.,.F.,
  .F.,(2,2),(-42.5,7.5),.PIECEWISE_BEZIER_KNOTS.);
#1066 = CARTESIAN_POINT('',(1.674066289846,-85.));
#1067 = CARTESIAN_POINT('',(1.674066289846,-35.));
#1068 = ( GEOMETRIC_REPRESENTATION_CONTEXT(2) 
PARAMETRIC_REPRESENTATION_CONTEXT() REPRESENTATION_CONTEXT('2D SPACE',''
  ) );
#1069 = PCURVE('',#1070,#1075);
#1070 = PLANE('',#1071);
#1071 = AXIS2_PLACEMENT_3D('',#1072,#1073,#1074);
#1072 = CARTESIAN_POINT('',(85.,40.371457909443,35.612251883201));
#1073 = DIRECTION('',(-0.,-0.972806214685,-0.231620527306));
#1074 = DIRECTION('',(-1.,0.,0.));
#1075 = DEFINITIONAL_REPRESENTATION('',(#1076),#1079);
#1076 = B_SPLINE_CURVE_WITH_KNOTS('',1,(#1077,#1078),.UNSPECIFIED.,.F.,
  .F.,(2,2),(-42.5,7.5),.PIECEWISE_BEZIER_KNOTS.);
#1077 = CARTESIAN_POINT('',(0.,-6.91220389147E-15));
#1078 = CARTESIAN_POINT('',(50.,-6.91220389147E-15));
#1079 = ( GEOMETRIC_REPRESENTATION_CONTEXT(2) 
PARAMETRIC_REPRESENTATION_CONTEXT() REPRESENTATION_CONTEXT('2D SPACE',''
  ) );
#1080 = FACE_BOUND('',#1081,.F.);
#1081 = EDGE_LOOP('',(#1082));
#1082 = ORIENTED_EDGE('',*,*,#1083,.T.);
#1083 = EDGE_CURVE('',#1084,#1084,#1086,.T.);
#1084 = VERTEX_POINT('',#1085);
#1085 = CARTESIAN_POINT('',(23.,17.510511864337,30.169169491509));
#1086 = SURFACE_CURVE('',#1087,(#1092,#1103),.PCURVE_S1.);
#1087 = CIRCLE('',#1088,1.);
#1088 = AXIS2_PLACEMENT_3D('',#1089,#1090,#1091);
#1089 = CARTESIAN_POINT('',(22.,17.510511864337,30.169169491509));
#1090 = DIRECTION('',(0.,-0.231620527306,0.972806214685));
#1091 = DIRECTION('',(1.,0.,0.));
#1092 = PCURVE('',#100,#1093);
#1093 = DEFINITIONAL_REPRESENTATION('',(#1094),#1102);
#1094 = ( BOUNDED_CURVE() B_SPLINE_CURVE(2,(#1095,#1096,#1097,#1098,
#1099,#1100,#1101),.UNSPECIFIED.,.T.,.F.) B_SPLINE_CURVE_WITH_KNOTS((1,2
    ,2,2,2,1),(-2.094395102393,0.,2.094395102393,4.188790204786,
6.28318530718,8.377580409573),.UNSPECIFIED.) CURVE() 
GEOMETRIC_REPRESENTATION_ITEM() RATIONAL_B_SPLINE_CURVE((1.,0.5,1.,0.5,
1.,0.5,1.)) REPRESENTATION_ITEM('') );
#1095 = CARTESIAN_POINT('',(25.174066289846,-23.));
#1096 = CARTESIAN_POINT('',(23.442015482277,-23.));
#1097 = CARTESIAN_POINT('',(24.308040886061,-21.5));
#1098 = CARTESIAN_POINT('',(25.174066289846,-20.));
#1099 = CARTESIAN_POINT('',(26.04009169363,-21.5));
#1100 = CARTESIAN_POINT('',(26.906117097415,-23.));
#1101 = CARTESIAN_POINT('',(25.174066289846,-23.));
#1102 = ( GEOMETRIC_REPRESENTATION_CONTEXT(2) 
PARAMETRIC_REPRESENTATION_CONTEXT() REPRESENTATION_CONTEXT('2D SPACE',''
  ) );
#1103 = PCURVE('',#1104,#1109);
#1104 = CYLINDRICAL_SURFACE('',#1105,1.);
#1105 = AXIS2_PLACEMENT_3D('',#1106,#1107,#1108);
#1106 = CARTESIAN_POINT('',(22.,17.510511864337,30.169169491509));
#1107 = DIRECTION('',(0.,-0.231620527306,0.972806214685));
#1108 = DIRECTION('',(1.,0.,0.));
#1109 = DEFINITIONAL_REPRESENTATION('',(#1110),#1113);
#1110 = B_SPLINE_CURVE_WITH_KNOTS('',1,(#1111,#1112),.UNSPECIFIED.,.F.,
  .F.,(2,2),(0.,6.28318530718),.PIECEWISE_BEZIER_KNOTS.);
#1111 = CARTESIAN_POINT('',(0.,0.));
#1112 = CARTESIAN_POINT('',(6.28318530718,0.));
#1113 = ( GEOMETRIC_REPRESENTATION_CONTEXT(2) 
PARAMETRIC_REPRESENTATION_CONTEXT() REPRESENTATION_CONTEXT('2D SPACE',''
  ) );
#1114 = FACE_BOUND('',#1115,.F.);
#1115 = EDGE_LOOP('',(#1116));
#1116 = ORIENTED_EDGE('',*,*,#1117,.T.);
#1117 = EDGE_CURVE('',#1118,#1118,#1120,.T.);
#1118 = VERTEX_POINT('',#1119);
#1119 = CARTESIAN_POINT('',(18.,17.510511864337,30.169169491509));
#1120 = SURFACE_CURVE('',#1121,(#1126,#1137),.PCURVE_S1.);
#1121 = CIRCLE('',#1122,1.);
#1122 = AXIS2_PLACEMENT_3D('',#1123,#1124,#1125);
#1123 = CARTESIAN_POINT('',(17.,17.510511864337,30.169169491509));
#1124 = DIRECTION('',(0.,-0.231620527306,0.972806214685));
#1125 = DIRECTION('',(1.,0.,0.));
#1126 = PCURVE('',#100,#1127);
#1127 = DEFINITIONAL_REPRESENTATION('',(#1128),#1136);
#1128 = ( BOUNDED_CURVE() B_SPLINE_CURVE(2,(#1129,#1130,#1131,#1132,
#1133,#1134,#1135),.UNSPECIFIED.,.T.,.F.) B_SPLINE_CURVE_WITH_KNOTS((1,2
    ,2,2,2,1),(-2.094395102393,0.,2.094395102393,4.188790204786,
6.28318530718,8.377580409573),.UNSPECIFIED.) CURVE() 
GEOMETRIC_REPRESENTATION_ITEM() RATIONAL_B_SPLINE_CURVE((1.,0.5,1.,0.5,
1.,0.5,1.)) REPRESENTATION_ITEM('') );
#1129 = CARTESIAN_POINT('',(25.174066289846,-18.));
#1130 = CARTESIAN_POINT('',(23.442015482277,-18.));
#1131 = CARTESIAN_POINT('',(24.308040886061,-16.5));
#1132 = CARTESIAN_POINT('',(25.174066289846,-15.));
#1133 = CARTESIAN_POINT('',(26.04009169363,-16.5));
#1134 = CARTESIAN_POINT('',(26.906117097415,-18.));
#1135 = CARTESIAN_POINT('',(25.174066289846,-18.));
#1136 = ( GEOMETRIC_REPRESENTATION_CONTEXT(2) 
PARAMETRIC_REPRESENTATION_CONTEXT() REPRESENTATION_CONTEXT('2D SPACE',''
  ) );
#1137 = PCURVE('',#1138,#1143);
#1138 = CYLINDRICAL_SURFACE('',#1139,1.);
#1139 = AXIS2_PLACEMENT_3D('',#1140,#1141,#1142);
#1140 = CARTESIAN_POINT('',(17.,17.510511864337,30.169169491509));
#1141 = DIRECTION('',(0.,-0.231620527306,0.972806214685));
#1142 = DIRECTION('',(1.,0.,0.));
#1143 = DEFINITIONAL_REPRESENTATION('',(#1144),#1147);
#1144 = B_SPLINE_CURVE_WITH_KNOTS('',1,(#1145,#1146),.UNSPECIFIED.,.F.,
  .F.,(2,2),(0.,6.28318530718),.PIECEWISE_BEZIER_KNOTS.);
#1145 = CARTESIAN_POINT('',(0.,0.));
#1146 = CARTESIAN_POINT('',(6.28318530718,0.));
#1147 = ( GEOMETRIC_REPRESENTATION_CONTEXT(2) 
PARAMETRIC_REPRESENTATION_CONTEXT() REPRESENTATION_CONTEXT('2D SPACE',''
  ) );
#1148 = FACE_BOUND('',#1149,.F.);
#1149 = EDGE_LOOP('',(#1150));
#1150 = ORIENTED_EDGE('',*,*,#1151,.T.);
#1151 = EDGE_CURVE('',#1152,#1152,#1154,.T.);
#1152 = VERTEX_POINT('',#1153);
#1153 = CARTESIAN_POINT('',(13.,17.510511864337,30.169169491509));
#1154 = SURFACE_CURVE('',#1155,(#1160,#1171),.PCURVE_S1.);
#1155 = CIRCLE('',#1156,1.);
#1156 = AXIS2_PLACEMENT_3D('',#1157,#1158,#1159);
#1157 = CARTESIAN_POINT('',(12.,17.510511864337,30.169169491509));
#1158 = DIRECTION('',(0.,-0.231620527306,0.972806214685));
#1159 = DIRECTION('',(1.,0.,0.));
#1160 = PCURVE('',#100,#1161);
#1161 = DEFINITIONAL_REPRESENTATION('',(#1162),#1170);
#1162 = ( BOUNDED_CURVE() B_SPLINE_CURVE(2,(#1163,#1164,#1165,#1166,
#1167,#1168,#1169),.UNSPECIFIED.,.T.,.F.) B_SPLINE_CURVE_WITH_KNOTS((1,2
    ,2,2,2,1),(-2.094395102393,0.,2.094395102393,4.188790204786,
6.28318530718,8.377580409573),.UNSPECIFIED.) CURVE() 
GEOMETRIC_REPRESENTATION_ITEM() RATIONAL_B_SPLINE_CURVE((1.,0.5,1.,0.5,
1.,0.5,1.)) REPRESENTATION_ITEM('') );
#1163 = CARTESIAN_POINT('',(25.174066289846,-13.));
#1164 = CARTESIAN_POINT('',(23.442015482277,-13.));
#1165 = CARTESIAN_POINT('',(24.308040886061,-11.5));
#1166 = CARTESIAN_POINT('',(25.174066289846,-10.));
#1167 = CARTESIAN_POINT('',(26.04009169363,-11.5));
#1168 = CARTESIAN_POINT('',(26.906117097415,-13.));
#1169 = CARTESIAN_POINT('',(25.174066289846,-13.));
#1170 = ( GEOMETRIC_REPRESENTATION_CONTEXT(2) 
PARAMETRIC_REPRESENTATION_CONTEXT() REPRESENTATION_CONTEXT('2D SPACE',''
  ) );
#1171 = PCURVE('',#1172,#1177);
#1172 = CYLINDRICAL_SURFACE('',#1173,1.);
#1173 = AXIS2_PLACEMENT_3D('',#1174,#1175,#1176);
#1174 = CARTESIAN_POINT('',(12.,17.510511864337,30.169169491509));
#1175 = DIRECTION('',(0.,-0.231620527306,0.972806214685));
#1176 = DIRECTION('',(1.,0.,0.));
#1177 = DEFINITIONAL_REPRESENTATION('',(#1178),#1181);
#1178 = B_SPLINE_CURVE_WITH_KNOTS('',1,(#1179,#1180),.UNSPECIFIED.,.F.,
  .F.,(2,2),(0.,6.28318530718),.PIECEWISE_BEZIER_KNOTS.);
#1179 = CARTESIAN_POINT('',(0.,0.));
#1180 = CARTESIAN_POINT('',(6.28318530718,0.));
#1181 = ( GEOMETRIC_REPRESENTATION_CONTEXT(2) 
PARAMETRIC_REPRESENTATION_CONTEXT() REPRESENTATION_CONTEXT('2D SPACE',''
  ) );
#1182 = FACE_BOUND('',#1183,.F.);
#1183 = EDGE_LOOP('',(#1184));
#1184 = ORIENTED_EDGE('',*,*,#1185,.T.);
#1185 = EDGE_CURVE('',#1186,#1186,#1188,.T.);
#1186 = VERTEX_POINT('',#1187);
#1187 = CARTESIAN_POINT('',(23.,12.64648079091,29.011066854979));
#1188 = SURFACE_CURVE('',#1189,(#1194,#1205),.PCURVE_S1.);
#1189 = CIRCLE('',#1190,1.);
#1190 = AXIS2_PLACEMENT_3D('',#1191,#1192,#1193);
#1191 = CARTESIAN_POINT('',(22.,12.64648079091,29.011066854979));
#1192 = DIRECTION('',(0.,-0.231620527306,0.972806214685));
#1193 = DIRECTION('',(1.,0.,0.));
#1194 = PCURVE('',#100,#1195);
#1195 = DEFINITIONAL_REPRESENTATION('',(#1196),#1204);
#1196 = ( BOUNDED_CURVE() B_SPLINE_CURVE(2,(#1197,#1198,#1199,#1200,
#1201,#1202,#1203),.UNSPECIFIED.,.T.,.F.) B_SPLINE_CURVE_WITH_KNOTS((1,2
    ,2,2,2,1),(-2.094395102393,0.,2.094395102393,4.188790204786,
6.28318530718,8.377580409573),.UNSPECIFIED.) CURVE() 
GEOMETRIC_REPRESENTATION_ITEM() RATIONAL_B_SPLINE_CURVE((1.,0.5,1.,0.5,
1.,0.5,1.)) REPRESENTATION_ITEM('') );
#1197 = CARTESIAN_POINT('',(30.174066289846,-23.));
#1198 = CARTESIAN_POINT('',(28.442015482277,-23.));
#1199 = CARTESIAN_POINT('',(29.308040886061,-21.5));
#1200 = CARTESIAN_POINT('',(30.174066289846,-20.));
#1201 = CARTESIAN_POINT('',(31.04009169363,-21.5));
#1202 = CARTESIAN_POINT('',(31.906117097415,-23.));
#1203 = CARTESIAN_POINT('',(30.174066289846,-23.));
#1204 = ( GEOMETRIC_REPRESENTATION_CONTEXT(2) 
PARAMETRIC_REPRESENTATION_CONTEXT() REPRESENTATION_CONTEXT('2D SPACE',''
  ) );
#1205 = PCURVE('',#1206,#1211);
#1206 = CYLINDRICAL_SURFACE('',#1207,1.);
#1207 = AXIS2_PLACEMENT_3D('',#1208,#1209,#1210);
#1208 = CARTESIAN_POINT('',(22.,12.64648079091,29.011066854979));
#1209 = DIRECTION('',(0.,-0.231620527306,0.972806214685));
#1210 = DIRECTION('',(1.,0.,0.));
#1211 = DEFINITIONAL_REPRESENTATION('',(#1212),#1215);
#1212 = B_SPLINE_CURVE_WITH_KNOTS('',1,(#1213,#1214),.UNSPECIFIED.,.F.,
  .F.,(2,2),(0.,6.28318530718),.PIECEWISE_BEZIER_KNOTS.);
#1213 = CARTESIAN_POINT('',(0.,0.));
#1214 = CARTESIAN_POINT('',(6.28318530718,0.));
#1215 = ( GEOMETRIC_REPRESENTATION_CONTEXT(2) 
PARAMETRIC_REPRESENTATION_CONTEXT() REPRESENTATION_CONTEXT('2D SPACE',''
  ) );
#1216 = FACE_BOUND('',#1217,.F.);
#1217 = EDGE_LOOP('',(#1218));
#1218 = ORIENTED_EDGE('',*,*,#1219,.T.);
#1219 = EDGE_CURVE('',#1220,#1220,#1222,.T.);
#1220 = VERTEX_POINT('',#1221);
#1221 = CARTESIAN_POINT('',(18.,12.64648079091,29.011066854979));
#1222 = SURFACE_CURVE('',#1223,(#1228,#1239),.PCURVE_S1.);
#1223 = CIRCLE('',#1224,1.);
#1224 = AXIS2_PLACEMENT_3D('',#1225,#1226,#1227);
#1225 = CARTESIAN_POINT('',(17.,12.64648079091,29.011066854979));
#1226 = DIRECTION('',(0.,-0.231620527306,0.972806214685));
#1227 = DIRECTION('',(1.,0.,0.));
#1228 = PCURVE('',#100,#1229);
#1229 = DEFINITIONAL_REPRESENTATION('',(#1230),#1238);
#1230 = ( BOUNDED_CURVE() B_SPLINE_CURVE(2,(#1231,#1232,#1233,#1234,
#1235,#1236,#1237),.UNSPECIFIED.,.T.,.F.) B_SPLINE_CURVE_WITH_KNOTS((1,2
    ,2,2,2,1),(-2.094395102393,0.,2.094395102393,4.188790204786,
6.28318530718,8.377580409573),.UNSPECIFIED.) CURVE() 
GEOMETRIC_REPRESENTATION_ITEM() RATIONAL_B_SPLINE_CURVE((1.,0.5,1.,0.5,
1.,0.5,1.)) REPRESENTATION_ITEM('') );
#1231 = CARTESIAN_POINT('',(30.174066289846,-18.));
#1232 = CARTESIAN_POINT('',(28.442015482277,-18.));
#1233 = CARTESIAN_POINT('',(29.308040886061,-16.5));
#1234 = CARTESIAN_POINT('',(30.174066289846,-15.));
#1235 = CARTESIAN_POINT('',(31.04009169363,-16.5));
#1236 = CARTESIAN_POINT('',(31.906117097415,-18.));
#1237 = CARTESIAN_POINT('',(30.174066289846,-18.));
#1238 = ( GEOMETRIC_REPRESENTATION_CONTEXT(2) 
PARAMETRIC_REPRESENTATION_CONTEXT() REPRESENTATION_CONTEXT('2D SPACE',''
  ) );
#1239 = PCURVE('',#1240,#1245);
#1240 = CYLINDRICAL_SURFACE('',#1241,1.);
#1241 = AXIS2_PLACEMENT_3D('',#1242,#1243,#1244);
#1242 = CARTESIAN_POINT('',(17.,12.64648079091,29.011066854979));
#1243 = DIRECTION('',(0.,-0.231620527306,0.972806214685));
#1244 = DIRECTION('',(1.,0.,0.));
#1245 = DEFINITIONAL_REPRESENTATION('',(#1246),#1249);
#1246 = B_SPLINE_CURVE_WITH_KNOTS('',1,(#1247,#1248),.UNSPECIFIED.,.F.,
  .F.,(2,2),(0.,6.28318530718),.PIECEWISE_BEZIER_KNOTS.);
#1247 = CARTESIAN_POINT('',(0.,0.));
#1248 = CARTESIAN_POINT('',(6.28318530718,0.));
#1249 = ( GEOMETRIC_REPRESENTATION_CONTEXT(2) 
PARAMETRIC_REPRESENTATION_CONTEXT() REPRESENTATION_CONTEXT('2D SPACE',''
  ) );
#1250 = FACE_BOUND('',#1251,.F.);
#1251 = EDGE_LOOP('',(#1252));
#1252 = ORIENTED_EDGE('',*,*,#1253,.T.);
#1253 = EDGE_CURVE('',#1254,#1254,#1256,.T.);
#1254 = VERTEX_POINT('',#1255);
#1255 = CARTESIAN_POINT('',(13.,12.64648079091,29.011066854979));
#1256 = SURFACE_CURVE('',#1257,(#1262,#1273),.PCURVE_S1.);
#1257 = CIRCLE('',#1258,1.);
#1258 = AXIS2_PLACEMENT_3D('',#1259,#1260,#1261);
#1259 = CARTESIAN_POINT('',(12.,12.64648079091,29.011066854979));
#1260 = DIRECTION('',(0.,-0.231620527306,0.972806214685));
#1261 = DIRECTION('',(1.,0.,0.));
#1262 = PCURVE('',#100,#1263);
#1263 = DEFINITIONAL_REPRESENTATION('',(#1264),#1272);
#1264 = ( BOUNDED_CURVE() B_SPLINE_CURVE(2,(#1265,#1266,#1267,#1268,
#1269,#1270,#1271),.UNSPECIFIED.,.T.,.F.) B_SPLINE_CURVE_WITH_KNOTS((1,2
    ,2,2,2,1),(-2.094395102393,0.,2.094395102393,4.188790204786,
6.28318530718,8.377580409573),.UNSPECIFIED.) CURVE() 
GEOMETRIC_REPRESENTATION_ITEM() RATIONAL_B_SPLINE_CURVE((1.,0.5,1.,0.5,
1.,0.5,1.)) REPRESENTATION_ITEM('') );
#1265 = CARTESIAN_POINT('',(30.174066289846,-13.));
#1266 = CARTESIAN_POINT('',(28.442015482277,-13.));
#1267 = CARTESIAN_POINT('',(29.308040886061,-11.5));
#1268 = CARTESIAN_POINT('',(30.174066289846,-10.));
#1269 = CARTESIAN_POINT('',(31.04009169363,-11.5));
#1270 = CARTESIAN_POINT('',(31.906117097415,-13.));
#1271 = CARTESIAN_POINT('',(30.174066289846,-13.));
#1272 = ( GEOMETRIC_REPRESENTATION_CONTEXT(2) 
PARAMETRIC_REPRESENTATION_CONTEXT() REPRESENTATION_CONTEXT('2D SPACE',''
  ) );
#1273 = PCURVE('',#1274,#1279);
#1274 = CYLINDRICAL_SURFACE('',#1275,1.);
#1275 = AXIS2_PLACEMENT_3D('',#1276,#1277,#1278);
#1276 = CARTESIAN_POINT('',(12.,12.64648079091,29.011066854979));
#1277 = DIRECTION('',(0.,-0.231620527306,0.972806214685));
#1278 = DIRECTION('',(1.,0.,0.));
#1279 = DEFINITIONAL_REPRESENTATION('',(#1280),#1283);
#1280 = B_SPLINE_CURVE_WITH_KNOTS('',1,(#1281,#1282),.UNSPECIFIED.,.F.,
  .F.,(2,2),(0.,6.28318530718),.PIECEWISE_BEZIER_KNOTS.);
#1281 = CARTESIAN_POINT('',(0.,0.));
#1282 = CARTESIAN_POINT('',(6.28318530718,0.));
#1283 = ( GEOMETRIC_REPRESENTATION_CONTEXT(2) 
PARAMETRIC_REPRESENTATION_CONTEXT() REPRESENTATION_CONTEXT('2D SPACE',''
  ) );
#1284 = FACE_BOUND('',#1285,.F.);
#1285 = EDGE_LOOP('',(#1286));
#1286 = ORIENTED_EDGE('',*,*,#1287,.T.);
#1287 = EDGE_CURVE('',#1288,#1288,#1290,.T.);
#1288 = VERTEX_POINT('',#1289);
#1289 = CARTESIAN_POINT('',(23.,7.782449717483,27.852964218448));
#1290 = SURFACE_CURVE('',#1291,(#1296,#1307),.PCURVE_S1.);
#1291 = CIRCLE('',#1292,1.);
#1292 = AXIS2_PLACEMENT_3D('',#1293,#1294,#1295);
#1293 = CARTESIAN_POINT('',(22.,7.782449717483,27.852964218448));
#1294 = DIRECTION('',(0.,-0.231620527306,0.972806214685));
#1295 = DIRECTION('',(1.,0.,0.));
#1296 = PCURVE('',#100,#1297);
#1297 = DEFINITIONAL_REPRESENTATION('',(#1298),#1306);
#1298 = ( BOUNDED_CURVE() B_SPLINE_CURVE(2,(#1299,#1300,#1301,#1302,
#1303,#1304,#1305),.UNSPECIFIED.,.T.,.F.) B_SPLINE_CURVE_WITH_KNOTS((1,2
    ,2,2,2,1),(-2.094395102393,0.,2.094395102393,4.188790204786,
6.28318530718,8.377580409573),.UNSPECIFIED.) CURVE() 
GEOMETRIC_REPRESENTATION_ITEM() RATIONAL_B_SPLINE_CURVE((1.,0.5,1.,0.5,
1.,0.5,1.)) REPRESENTATION_ITEM('') );
#1299 = CARTESIAN_POINT('',(35.174066289846,-23.));
#1300 = CARTESIAN_POINT('',(33.442015482277,-23.));
#1301 = CARTESIAN_POINT('',(34.308040886061,-21.5));
#1302 = CARTESIAN_POINT('',(35.174066289846,-20.));
#1303 = CARTESIAN_POINT('',(36.04009169363,-21.5));
#1304 = CARTESIAN_POINT('',(36.906117097415,-23.));
#1305 = CARTESIAN_POINT('',(35.174066289846,-23.));
#1306 = ( GEOMETRIC_REPRESENTATION_CONTEXT(2) 
PARAMETRIC_REPRESENTATION_CONTEXT() REPRESENTATION_CONTEXT('2D SPACE',''
  ) );
#1307 = PCURVE('',#1308,#1313);
#1308 = CYLINDRICAL_SURFACE('',#1309,1.);
#1309 = AXIS2_PLACEMENT_3D('',#1310,#1311,#1312);
#1310 = CARTESIAN_POINT('',(22.,7.782449717483,27.852964218448));
#1311 = DIRECTION('',(0.,-0.231620527306,0.972806214685));
#1312 = DIRECTION('',(1.,0.,0.));
#1313 = DEFINITIONAL_REPRESENTATION('',(#1314),#1317);
#1314 = B_SPLINE_CURVE_WITH_KNOTS('',1,(#1315,#1316),.UNSPECIFIED.,.F.,
  .F.,(2,2),(0.,6.28318530718),.PIECEWISE_BEZIER_KNOTS.);
#1315 = CARTESIAN_POINT('',(0.,0.));
#1316 = CARTESIAN_POINT('',(6.28318530718,0.));
#1317 = ( GEOMETRIC_REPRESENTATION_CONTEXT(2) 
PARAMETRIC_REPRESENTATION_CONTEXT() REPRESENTATION_CONTEXT('2D SPACE',''
  ) );
#1318 = FACE_BOUND('',#1319,.F.);
#1319 = EDGE_LOOP('',(#1320));
#1320 = ORIENTED_EDGE('',*,*,#1321,.T.);
#1321 = EDGE_CURVE('',#1322,#1322,#1324,.T.);
#1322 = VERTEX_POINT('',#1323);
#1323 = CARTESIAN_POINT('',(18.,7.782449717483,27.852964218448));
#1324 = SURFACE_CURVE('',#1325,(#1330,#1341),.PCURVE_S1.);
#1325 = CIRCLE('',#1326,1.);
#1326 = AXIS2_PLACEMENT_3D('',#1327,#1328,#1329);
#1327 = CARTESIAN_POINT('',(17.,7.782449717483,27.852964218448));
#1328 = DIRECTION('',(0.,-0.231620527306,0.972806214685));
#1329 = DIRECTION('',(1.,0.,0.));
#1330 = PCURVE('',#100,#1331);
#1331 = DEFINITIONAL_REPRESENTATION('',(#1332),#1340);
#1332 = ( BOUNDED_CURVE() B_SPLINE_CURVE(2,(#1333,#1334,#1335,#1336,
#1337,#1338,#1339),.UNSPECIFIED.,.T.,.F.) B_SPLINE_CURVE_WITH_KNOTS((1,2
    ,2,2,2,1),(-2.094395102393,0.,2.094395102393,4.188790204786,
6.28318530718,8.377580409573),.UNSPECIFIED.) CURVE() 
GEOMETRIC_REPRESENTATION_ITEM() RATIONAL_B_SPLINE_CURVE((1.,0.5,1.,0.5,
1.,0.5,1.)) REPRESENTATION_ITEM('') );
#1333 = CARTESIAN_POINT('',(35.174066289846,-18.));
#1334 = CARTESIAN_POINT('',(33.442015482277,-18.));
#1335 = CARTESIAN_POINT('',(34.308040886061,-16.5));
#1336 = CARTESIAN_POINT('',(35.174066289846,-15.));
#1337 = CARTESIAN_POINT('',(36.04009169363,-16.5));
#1338 = CARTESIAN_POINT('',(36.906117097415,-18.));
#1339 = CARTESIAN_POINT('',(35.174066289846,-18.));
#1340 = ( GEOMETRIC_REPRESENTATION_CONTEXT(2) 
PARAMETRIC_REPRESENTATION_CONTEXT() REPRESENTATION_CONTEXT('2D SPACE',''
  ) );
#1341 = PCURVE('',#1342,#1347);
#1342 = CYLINDRICAL_SURFACE('',#1343,1.);
#1343 = AXIS2_PLACEMENT_3D('',#1344,#1345,#1346);
#1344 = CARTESIAN_POINT('',(17.,7.782449717483,27.852964218448));
#1345 = DIRECTION('',(0.,-0.231620527306,0.972806214685));
#1346 = DIRECTION('',(1.,0.,0.));
#1347 = DEFINITIONAL_REPRESENTATION('',(#1348),#1351);
#1348 = B_SPLINE_CURVE_WITH_KNOTS('',1,(#1349,#1350),.UNSPECIFIED.,.F.,
  .F.,(2,2),(0.,6.28318530718),.PIECEWISE_BEZIER_KNOTS.);
#1349 = CARTESIAN_POINT('',(0.,0.));
#1350 = CARTESIAN_POINT('',(6.28318530718,0.));
#1351 = ( GEOMETRIC_REPRESENTATION_CONTEXT(2) 
PARAMETRIC_REPRESENTATION_CONTEXT() REPRESENTATION_CONTEXT('2D SPACE',''
  ) );
#1352 = FACE_BOUND('',#1353,.F.);
#1353 = EDGE_LOOP('',(#1354));
#1354 = ORIENTED_EDGE('',*,*,#1355,.T.);
#1355 = EDGE_CURVE('',#1356,#1356,#1358,.T.);
#1356 = VERTEX_POINT('',#1357);
#1357 = CARTESIAN_POINT('',(13.,7.782449717483,27.852964218448));
#1358 = SURFACE_CURVE('',#1359,(#1364,#1375),.PCURVE_S1.);
#1359 = CIRCLE('',#1360,1.);
#1360 = AXIS2_PLACEMENT_3D('',#1361,#1362,#1363);
#1361 = CARTESIAN_POINT('',(12.,7.782449717483,27.852964218448));
#1362 = DIRECTION('',(0.,-0.231620527306,0.972806214685));
#1363 = DIRECTION('',(1.,0.,0.));
#1364 = PCURVE('',#100,#1365);
#1365 = DEFINITIONAL_REPRESENTATION('',(#1366),#1374);
#1366 = ( BOUNDED_CURVE() B_SPLINE_CURVE(2,(#1367,#1368,#1369,#1370,
#1371,#1372,#1373),.UNSPECIFIED.,.T.,.F.) B_SPLINE_CURVE_WITH_KNOTS((1,2
    ,2,2,2,1),(-2.094395102393,0.,2.094395102393,4.188790204786,
6.28318530718,8.377580409573),.UNSPECIFIED.) CURVE() 
GEOMETRIC_REPRESENTATION_ITEM() RATIONAL_B_SPLINE_CURVE((1.,0.5,1.,0.5,
1.,0.5,1.)) REPRESENTATION_ITEM('') );
#1367 = CARTESIAN_POINT('',(35.174066289846,-13.));
#1368 = CARTESIAN_POINT('',(33.442015482277,-13.));
#1369 = CARTESIAN_POINT('',(34.308040886061,-11.5));
#1370 = CARTESIAN_POINT('',(35.174066289846,-10.));
#1371 = CARTESIAN_POINT('',(36.04009169363,-11.5));
#1372 = CARTESIAN_POINT('',(36.906117097415,-13.));
#1373 = CARTESIAN_POINT('',(35.174066289846,-13.));
#1374 = ( GEOMETRIC_REPRESENTATION_CONTEXT(2) 
PARAMETRIC_REPRESENTATION_CONTEXT() REPRESENTATION_CONTEXT('2D SPACE',''
  ) );
#1375 = PCURVE('',#1376,#1381);
#1376 = CYLINDRICAL_SURFACE('',#1377,1.);
#1377 = AXIS2_PLACEMENT_3D('',#1378,#1379,#1380);
#1378 = CARTESIAN_POINT('',(12.,7.782449717483,27.852964218448));
#1379 = DIRECTION('',(0.,-0.231620527306,0.972806214685));
#1380 = DIRECTION('',(1.,0.,0.));
#1381 = DEFINITIONAL_REPRESENTATION('',(#1382),#1385);
#1382 = B_SPLINE_CURVE_WITH_KNOTS('',1,(#1383,#1384),.UNSPECIFIED.,.F.,
  .F.,(2,2),(0.,6.28318530718),.PIECEWISE_BEZIER_KNOTS.);
#1383 = CARTESIAN_POINT('',(0.,0.));
#1384 = CARTESIAN_POINT('',(6.28318530718,0.));
#1385 = ( GEOMETRIC_REPRESENTATION_CONTEXT(2) 
PARAMETRIC_REPRESENTATION_CONTEXT() REPRESENTATION_CONTEXT('2D SPACE',''
  ) );
#1386 = ADVANCED_FACE('',(#1387),#128,.T.);
#1387 = FACE_BOUND('',#1388,.T.);
#1388 = EDGE_LOOP('',(#1389,#1390,#1391,#1392));
#1389 = ORIENTED_EDGE('',*,*,#916,.T.);
#1390 = ORIENTED_EDGE('',*,*,#112,.T.);
#1391 = ORIENTED_EDGE('',*,*,#514,.F.);
#1392 = ORIENTED_EDGE('',*,*,#1393,.F.);
#1393 = EDGE_CURVE('',#894,#372,#1394,.T.);
#1394 = SURFACE_CURVE('',#1395,(#1399,#1406),.PCURVE_S1.);
#1395 = LINE('',#1396,#1397);
#1396 = CARTESIAN_POINT('',(6.,-8.881784197001E-16,26.));
#1397 = VECTOR('',#1398,1.);
#1398 = DIRECTION('',(0.,0.,-1.));
#1399 = PCURVE('',#128,#1400);
#1400 = DEFINITIONAL_REPRESENTATION('',(#1401),#1405);
#1401 = LINE('',#1402,#1403);
#1402 = CARTESIAN_POINT('',(0.,0.));
#1403 = VECTOR('',#1404,1.);
#1404 = DIRECTION('',(0.,1.));
#1405 = ( GEOMETRIC_REPRESENTATION_CONTEXT(2) 
PARAMETRIC_REPRESENTATION_CONTEXT() REPRESENTATION_CONTEXT('2D SPACE',''
  ) );
#1406 = PCURVE('',#389,#1407);
#1407 = DEFINITIONAL_REPRESENTATION('',(#1408),#1412);
#1408 = LINE('',#1409,#1410);
#1409 = CARTESIAN_POINT('',(0.,-6.));
#1410 = VECTOR('',#1411,1.);
#1411 = DIRECTION('',(1.,0.));
#1412 = ( GEOMETRIC_REPRESENTATION_CONTEXT(2) 
PARAMETRIC_REPRESENTATION_CONTEXT() REPRESENTATION_CONTEXT('2D SPACE',''
  ) );
#1413 = ADVANCED_FACE('',(#1414),#187,.F.);
#1414 = FACE_BOUND('',#1415,.F.);
#1415 = EDGE_LOOP('',(#1416,#1417,#1418,#1441));
#1416 = ORIENTED_EDGE('',*,*,#169,.F.);
#1417 = ORIENTED_EDGE('',*,*,#491,.T.);
#1418 = ORIENTED_EDGE('',*,*,#1419,.T.);
#1419 = EDGE_CURVE('',#459,#1420,#1422,.T.);
#1420 = VERTEX_POINT('',#1421);
#1421 = CARTESIAN_POINT('',(114.,70.,33.5));
#1422 = SURFACE_CURVE('',#1423,(#1427,#1434),.PCURVE_S1.);
#1423 = LINE('',#1424,#1425);
#1424 = CARTESIAN_POINT('',(114.,70.,0.));
#1425 = VECTOR('',#1426,1.);
#1426 = DIRECTION('',(0.,0.,1.));
#1427 = PCURVE('',#187,#1428);
#1428 = DEFINITIONAL_REPRESENTATION('',(#1429),#1433);
#1429 = LINE('',#1430,#1431);
#1430 = CARTESIAN_POINT('',(0.,-114.));
#1431 = VECTOR('',#1432,1.);
#1432 = DIRECTION('',(1.,0.));
#1433 = ( GEOMETRIC_REPRESENTATION_CONTEXT(2) 
PARAMETRIC_REPRESENTATION_CONTEXT() REPRESENTATION_CONTEXT('2D SPACE',''
  ) );
#1434 = PCURVE('',#479,#1435);
#1435 = DEFINITIONAL_REPRESENTATION('',(#1436),#1440);
#1436 = LINE('',#1437,#1438);
#1437 = CARTESIAN_POINT('',(-0.,0.));
#1438 = VECTOR('',#1439,1.);
#1439 = DIRECTION('',(-0.,1.));
#1440 = ( GEOMETRIC_REPRESENTATION_CONTEXT(2) 
PARAMETRIC_REPRESENTATION_CONTEXT() REPRESENTATION_CONTEXT('2D SPACE',''
  ) );
#1441 = ORIENTED_EDGE('',*,*,#1442,.T.);
#1442 = EDGE_CURVE('',#1420,#172,#1443,.T.);
#1443 = SURFACE_CURVE('',#1444,(#1448,#1455),.PCURVE_S1.);
#1444 = LINE('',#1445,#1446);
#1445 = CARTESIAN_POINT('',(114.,70.,33.5));
#1446 = VECTOR('',#1447,1.);
#1447 = DIRECTION('',(-1.,-0.,-0.));
#1448 = PCURVE('',#187,#1449);
#1449 = DEFINITIONAL_REPRESENTATION('',(#1450),#1454);
#1450 = LINE('',#1451,#1452);
#1451 = CARTESIAN_POINT('',(33.5,-114.));
#1452 = VECTOR('',#1453,1.);
#1453 = DIRECTION('',(-0.,1.));
#1454 = ( GEOMETRIC_REPRESENTATION_CONTEXT(2) 
PARAMETRIC_REPRESENTATION_CONTEXT() REPRESENTATION_CONTEXT('2D SPACE',''
  ) );
#1455 = PCURVE('',#1456,#1461);
#1456 = CYLINDRICAL_SURFACE('',#1457,2.5);
#1457 = AXIS2_PLACEMENT_3D('',#1458,#1459,#1460);
#1458 = CARTESIAN_POINT('',(114.,67.5,33.5));
#1459 = DIRECTION('',(-1.,-0.,-0.));
#1460 = DIRECTION('',(0.,1.,-0.));
#1461 = DEFINITIONAL_REPRESENTATION('',(#1462),#1466);
#1462 = LINE('',#1463,#1464);
#1463 = CARTESIAN_POINT('',(-0.,0.));
#1464 = VECTOR('',#1465,1.);
#1465 = DIRECTION('',(-0.,1.));
#1466 = ( GEOMETRIC_REPRESENTATION_CONTEXT(2) 
PARAMETRIC_REPRESENTATION_CONTEXT() REPRESENTATION_CONTEXT('2D SPACE',''
  ) );
#1467 = ADVANCED_FACE('',(#1468),#237,.T.);
#1468 = FACE_BOUND('',#1469,.T.);
#1469 = EDGE_LOOP('',(#1470,#1569,#1602,#1622,#1623,#1624,#1652));
#1470 = ORIENTED_EDGE('',*,*,#1471,.T.);
#1471 = EDGE_CURVE('',#1472,#1474,#1476,.T.);
#1472 = VERTEX_POINT('',#1473);
#1473 = CARTESIAN_POINT('',(4.,67.,35.997770791776));
#1474 = VERTEX_POINT('',#1475);
#1475 = CARTESIAN_POINT('',(4.197224362268,67.,36.));
#1476 = SURFACE_CURVE('',#1477,(#1504,#1534),.PCURVE_S1.);
#1477 = B_SPLINE_CURVE_WITH_KNOTS('',7,(#1478,#1479,#1480,#1481,#1482,
    #1483,#1484,#1485,#1486,#1487,#1488,#1489,#1490,#1491,#1492,#1493,
    #1494,#1495,#1496,#1497,#1498,#1499,#1500,#1501,#1502,#1503),
  .UNSPECIFIED.,.F.,.F.,(8,6,6,6,8),(0.,0.314982716732,0.452304341683,
    0.658275295447,1.),.UNSPECIFIED.);
#1478 = CARTESIAN_POINT('',(0.803847577293,67.,33.5));
#1479 = CARTESIAN_POINT('',(0.803847577293,67.,33.709700541728));
#1480 = CARTESIAN_POINT('',(0.827543927985,67.,33.91954470947));
#1481 = CARTESIAN_POINT('',(0.874992471281,67.,34.126119326653));
#1482 = CARTESIAN_POINT('',(0.945343128364,67.,34.32640412042));
#1483 = CARTESIAN_POINT('',(1.037244145517,67.,34.517731273034));
#1484 = CARTESIAN_POINT('',(1.148854814522,67.,34.697796634895));
#1485 = CARTESIAN_POINT('',(1.333927853173,67.,34.937553252706));
#1486 = CARTESIAN_POINT('',(1.393423397352,67.,35.007884894805));
#1487 = CARTESIAN_POINT('',(1.456042510794,67.,35.075619945295));
#1488 = CARTESIAN_POINT('',(1.521595694224,67.,35.140646590424));
#1489 = CARTESIAN_POINT('',(1.589888984691,67.,35.202876785186));
#1490 = CARTESIAN_POINT('',(1.660726020116,67.,35.262244785643));
#1491 = CARTESIAN_POINT('',(1.84368010933,67.,35.403392303067));
#1492 = CARTESIAN_POINT('',(1.958736097403,67.,35.481543229285));
#1493 = CARTESIAN_POINT('',(2.078415285205,67.,35.553007531366));
#1494 = CARTESIAN_POINT('',(2.202075931647,67.,35.617759354746));
#1495 = CARTESIAN_POINT('',(2.329111967236,67.,35.675877005848));
#1496 = CARTESIAN_POINT('',(2.458962783177,67.,35.727528587099));
#1497 = CARTESIAN_POINT('',(2.810376104263,67.,35.848345995976));
#1498 = CARTESIAN_POINT('',(3.035945196349,67.,35.906606441732));
#1499 = CARTESIAN_POINT('',(3.265609821402,67.,35.948935673462));
#1500 = CARTESIAN_POINT('',(3.497600083176,67.,35.977093049665));
#1501 = CARTESIAN_POINT('',(3.7306286773,67.,35.993260651088));
#1502 = CARTESIAN_POINT('',(3.963915232941,67.,36.));
#1503 = CARTESIAN_POINT('',(4.197224362268,67.,36.));
#1504 = PCURVE('',#237,#1505);
#1505 = DEFINITIONAL_REPRESENTATION('',(#1506),#1533);
#1506 = B_SPLINE_CURVE_WITH_KNOTS('',7,(#1507,#1508,#1509,#1510,#1511,
    #1512,#1513,#1514,#1515,#1516,#1517,#1518,#1519,#1520,#1521,#1522,
    #1523,#1524,#1525,#1526,#1527,#1528,#1529,#1530,#1531,#1532),
  .UNSPECIFIED.,.F.,.F.,(8,6,6,6,8),(0.,0.314982716732,0.452304341683,
    0.658275295447,1.),.UNSPECIFIED.);
#1507 = CARTESIAN_POINT('',(1.047197551197,0.));
#1508 = CARTESIAN_POINT('',(1.047197551197,8.388021669125E-02));
#1509 = CARTESIAN_POINT('',(1.04522280183,0.167817817882));
#1510 = CARTESIAN_POINT('',(1.041269051009,0.251411991606));
#1511 = CARTESIAN_POINT('',(1.035320529891,0.334422485845));
#1512 = CARTESIAN_POINT('',(1.02732271298,0.416621208707));
#1513 = CARTESIAN_POINT('',(1.017185655857,0.497757038963));
#1514 = CARTESIAN_POINT('',(0.999446884484,0.612220210654));
#1515 = CARTESIAN_POINT('',(0.993637857195,0.646715533018));
#1516 = CARTESIAN_POINT('',(0.987397075448,0.680933397391));
#1517 = CARTESIAN_POINT('',(0.980715050048,0.714854230474));
#1518 = CARTESIAN_POINT('',(0.973581279684,0.748459246497));
#1519 = CARTESIAN_POINT('',(0.965984430369,0.781729559551));
#1520 = CARTESIAN_POINT('',(0.945805316655,0.864016147837));
#1521 = CARTESIAN_POINT('',(0.93262872532,0.912591946134));
#1522 = CARTESIAN_POINT('',(0.91834211633,0.96030639087));
#1523 = CARTESIAN_POINT('',(0.902899323397,1.007099740327));
#1524 = CARTESIAN_POINT('',(0.886249279507,1.052911719415));
#1525 = CARTESIAN_POINT('',(0.868337878525,1.09767713322));
#1526 = CARTESIAN_POINT('',(0.817211997587,1.213738649104));
#1527 = CARTESIAN_POINT('',(0.781696919904,1.283063913714));
#1528 = CARTESIAN_POINT('',(0.742303516562,1.349012212356));
#1529 = CARTESIAN_POINT('',(0.698755559524,1.411244485191));
#1530 = CARTESIAN_POINT('',(0.650790398924,1.469330665694));
#1531 = CARTESIAN_POINT('',(0.598236455588,1.522727296576));
#1532 = CARTESIAN_POINT('',(0.541099525957,1.570796326795));
#1533 = ( GEOMETRIC_REPRESENTATION_CONTEXT(2) 
PARAMETRIC_REPRESENTATION_CONTEXT() REPRESENTATION_CONTEXT('2D SPACE',''
  ) );
#1534 = PCURVE('',#1535,#1540);
#1535 = PLANE('',#1536);
#1536 = AXIS2_PLACEMENT_3D('',#1537,#1538,#1539);
#1537 = CARTESIAN_POINT('',(116.,67.,31.));
#1538 = DIRECTION('',(0.,-1.,0.));
#1539 = DIRECTION('',(-1.,0.,0.));
#1540 = DEFINITIONAL_REPRESENTATION('',(#1541),#1568);
#1541 = B_SPLINE_CURVE_WITH_KNOTS('',7,(#1542,#1543,#1544,#1545,#1546,
    #1547,#1548,#1549,#1550,#1551,#1552,#1553,#1554,#1555,#1556,#1557,
    #1558,#1559,#1560,#1561,#1562,#1563,#1564,#1565,#1566,#1567),
  .UNSPECIFIED.,.F.,.F.,(8,6,6,6,8),(0.,0.314982716732,0.452304341683,
    0.658275295447,1.),.UNSPECIFIED.);
#1542 = CARTESIAN_POINT('',(115.1961524227,-2.5));
#1543 = CARTESIAN_POINT('',(115.1961524227,-2.709700541728));
#1544 = CARTESIAN_POINT('',(115.17245607201,-2.91954470947));
#1545 = CARTESIAN_POINT('',(115.12500752871,-3.126119326653));
#1546 = CARTESIAN_POINT('',(115.05465687163,-3.32640412042));
#1547 = CARTESIAN_POINT('',(114.96275585448,-3.517731273034));
#1548 = CARTESIAN_POINT('',(114.85114518547,-3.697796634895));
#1549 = CARTESIAN_POINT('',(114.66607214682,-3.937553252706));
#1550 = CARTESIAN_POINT('',(114.60657660264,-4.007884894805));
#1551 = CARTESIAN_POINT('',(114.5439574892,-4.075619945295));
#1552 = CARTESIAN_POINT('',(114.47840430577,-4.140646590424));
#1553 = CARTESIAN_POINT('',(114.4101110153,-4.202876785186));
#1554 = CARTESIAN_POINT('',(114.33927397988,-4.262244785643));
#1555 = CARTESIAN_POINT('',(114.15631989067,-4.403392303067));
#1556 = CARTESIAN_POINT('',(114.04126390259,-4.481543229285));
#1557 = CARTESIAN_POINT('',(113.92158471479,-4.553007531366));
#1558 = CARTESIAN_POINT('',(113.79792406835,-4.617759354746));
#1559 = CARTESIAN_POINT('',(113.67088803276,-4.675877005848));
#1560 = CARTESIAN_POINT('',(113.54103721682,-4.727528587099));
#1561 = CARTESIAN_POINT('',(113.18962389573,-4.848345995976));
#1562 = CARTESIAN_POINT('',(112.96405480365,-4.906606441732));
#1563 = CARTESIAN_POINT('',(112.73439017859,-4.948935673462));
#1564 = CARTESIAN_POINT('',(112.50239991682,-4.977093049665));
#1565 = CARTESIAN_POINT('',(112.2693713227,-4.993260651088));
#1566 = CARTESIAN_POINT('',(112.03608476705,-5.));
#1567 = CARTESIAN_POINT('',(111.80277563773,-5.));
#1568 = ( GEOMETRIC_REPRESENTATION_CONTEXT(2) 
PARAMETRIC_REPRESENTATION_CONTEXT() REPRESENTATION_CONTEXT('2D SPACE',''
  ) );
#1569 = ORIENTED_EDGE('',*,*,#1570,.F.);
#1570 = EDGE_CURVE('',#1571,#1474,#1573,.T.);
#1571 = VERTEX_POINT('',#1572);
#1572 = CARTESIAN_POINT('',(6.,67.5,36.));
#1573 = SURFACE_CURVE('',#1574,(#1579,#1586),.PCURVE_S1.);
#1574 = CIRCLE('',#1575,3.5);
#1575 = AXIS2_PLACEMENT_3D('',#1576,#1577,#1578);
#1576 = CARTESIAN_POINT('',(6.,64.,36.));
#1577 = DIRECTION('',(0.,-0.,1.));
#1578 = DIRECTION('',(0.,1.,0.));
#1579 = PCURVE('',#237,#1580);
#1580 = DEFINITIONAL_REPRESENTATION('',(#1581),#1585);
#1581 = LINE('',#1582,#1583);
#1582 = CARTESIAN_POINT('',(0.,1.570796326795));
#1583 = VECTOR('',#1584,1.);
#1584 = DIRECTION('',(1.,0.));
#1585 = ( GEOMETRIC_REPRESENTATION_CONTEXT(2) 
PARAMETRIC_REPRESENTATION_CONTEXT() REPRESENTATION_CONTEXT('2D SPACE',''
  ) );
#1586 = PCURVE('',#1587,#1592);
#1587 = PLANE('',#1588);
#1588 = AXIS2_PLACEMENT_3D('',#1589,#1590,#1591);
#1589 = CARTESIAN_POINT('',(0.,70.,36.));
#1590 = DIRECTION('',(0.,0.,-1.));
#1591 = DIRECTION('',(0.,-1.,0.));
#1592 = DEFINITIONAL_REPRESENTATION('',(#1593),#1601);
#1593 = ( BOUNDED_CURVE() B_SPLINE_CURVE(2,(#1594,#1595,#1596,#1597,
#1598,#1599,#1600),.UNSPECIFIED.,.T.,.F.) B_SPLINE_CURVE_WITH_KNOTS((1,2
    ,2,2,2,1),(-2.094395102393,0.,2.094395102393,4.188790204786,
6.28318530718,8.377580409573),.UNSPECIFIED.) CURVE() 
GEOMETRIC_REPRESENTATION_ITEM() RATIONAL_B_SPLINE_CURVE((1.,0.5,1.,0.5,
1.,0.5,1.)) REPRESENTATION_ITEM('') );
#1594 = CARTESIAN_POINT('',(2.5,-6.));
#1595 = CARTESIAN_POINT('',(2.5,6.217782649107E-02));
#1596 = CARTESIAN_POINT('',(7.75,-2.968911086754));
#1597 = CARTESIAN_POINT('',(13.,-6.));
#1598 = CARTESIAN_POINT('',(7.75,-9.031088913246));
#1599 = CARTESIAN_POINT('',(2.5,-12.06217782649));
#1600 = CARTESIAN_POINT('',(2.5,-6.));
#1601 = ( GEOMETRIC_REPRESENTATION_CONTEXT(2) 
PARAMETRIC_REPRESENTATION_CONTEXT() REPRESENTATION_CONTEXT('2D SPACE',''
  ) );
#1602 = ORIENTED_EDGE('',*,*,#1603,.F.);
#1603 = EDGE_CURVE('',#172,#1571,#1604,.T.);
#1604 = SURFACE_CURVE('',#1605,(#1610,#1616),.PCURVE_S1.);
#1605 = CIRCLE('',#1606,2.5);
#1606 = AXIS2_PLACEMENT_3D('',#1607,#1608,#1609);
#1607 = CARTESIAN_POINT('',(6.,67.5,33.5));
#1608 = DIRECTION('',(1.,0.,0.));
#1609 = DIRECTION('',(0.,1.,-0.));
#1610 = PCURVE('',#237,#1611);
#1611 = DEFINITIONAL_REPRESENTATION('',(#1612),#1615);
#1612 = B_SPLINE_CURVE_WITH_KNOTS('',1,(#1613,#1614),.UNSPECIFIED.,.F.,
  .F.,(2,2),(0.,1.570796326795),.PIECEWISE_BEZIER_KNOTS.);
#1613 = CARTESIAN_POINT('',(0.,0.));
#1614 = CARTESIAN_POINT('',(0.,1.570796326795));
#1615 = ( GEOMETRIC_REPRESENTATION_CONTEXT(2) 
PARAMETRIC_REPRESENTATION_CONTEXT() REPRESENTATION_CONTEXT('2D SPACE',''
  ) );
#1616 = PCURVE('',#1456,#1617);
#1617 = DEFINITIONAL_REPRESENTATION('',(#1618),#1621);
#1618 = B_SPLINE_CURVE_WITH_KNOTS('',1,(#1619,#1620),.UNSPECIFIED.,.F.,
  .F.,(2,2),(0.,1.570796326795),.PIECEWISE_BEZIER_KNOTS.);
#1619 = CARTESIAN_POINT('',(0.,108.));
#1620 = CARTESIAN_POINT('',(-1.570796326795,108.));
#1621 = ( GEOMETRIC_REPRESENTATION_CONTEXT(2) 
PARAMETRIC_REPRESENTATION_CONTEXT() REPRESENTATION_CONTEXT('2D SPACE',''
  ) );
#1622 = ORIENTED_EDGE('',*,*,#222,.T.);
#1623 = ORIENTED_EDGE('',*,*,#320,.T.);
#1624 = ORIENTED_EDGE('',*,*,#1625,.F.);
#1625 = EDGE_CURVE('',#1626,#321,#1628,.T.);
#1626 = VERTEX_POINT('',#1627);
#1627 = CARTESIAN_POINT('',(4.,66.872281323269,36.));
#1628 = SURFACE_CURVE('',#1629,(#1634,#1641),.PCURVE_S1.);
#1629 = CIRCLE('',#1630,3.5);
#1630 = AXIS2_PLACEMENT_3D('',#1631,#1632,#1633);
#1631 = CARTESIAN_POINT('',(6.,64.,36.));
#1632 = DIRECTION('',(0.,-0.,1.));
#1633 = DIRECTION('',(0.,1.,0.));
#1634 = PCURVE('',#237,#1635);
#1635 = DEFINITIONAL_REPRESENTATION('',(#1636),#1640);
#1636 = LINE('',#1637,#1638);
#1637 = CARTESIAN_POINT('',(0.,1.570796326795));
#1638 = VECTOR('',#1639,1.);
#1639 = DIRECTION('',(1.,0.));
#1640 = ( GEOMETRIC_REPRESENTATION_CONTEXT(2) 
PARAMETRIC_REPRESENTATION_CONTEXT() REPRESENTATION_CONTEXT('2D SPACE',''
  ) );
#1641 = PCURVE('',#356,#1642);
#1642 = DEFINITIONAL_REPRESENTATION('',(#1643),#1651);
#1643 = ( BOUNDED_CURVE() B_SPLINE_CURVE(2,(#1644,#1645,#1646,#1647,
#1648,#1649,#1650),.UNSPECIFIED.,.T.,.F.) B_SPLINE_CURVE_WITH_KNOTS((1,2
    ,2,2,2,1),(-2.094395102393,0.,2.094395102393,4.188790204786,
6.28318530718,8.377580409573),.UNSPECIFIED.) CURVE() 
GEOMETRIC_REPRESENTATION_ITEM() RATIONAL_B_SPLINE_CURVE((1.,0.5,1.,0.5,
1.,0.5,1.)) REPRESENTATION_ITEM('') );
#1644 = CARTESIAN_POINT('',(2.5,-6.));
#1645 = CARTESIAN_POINT('',(2.5,6.217782649107E-02));
#1646 = CARTESIAN_POINT('',(7.75,-2.968911086754));
#1647 = CARTESIAN_POINT('',(13.,-6.));
#1648 = CARTESIAN_POINT('',(7.75,-9.031088913246));
#1649 = CARTESIAN_POINT('',(2.5,-12.06217782649));
#1650 = CARTESIAN_POINT('',(2.5,-6.));
#1651 = ( GEOMETRIC_REPRESENTATION_CONTEXT(2) 
PARAMETRIC_REPRESENTATION_CONTEXT() REPRESENTATION_CONTEXT('2D SPACE',''
  ) );
#1652 = ORIENTED_EDGE('',*,*,#1653,.F.);
#1653 = EDGE_CURVE('',#1472,#1626,#1654,.T.);
#1654 = SURFACE_CURVE('',#1655,(#1673,#1694),.PCURVE_S1.);
#1655 = B_SPLINE_CURVE_WITH_KNOTS('',6,(#1656,#1657,#1658,#1659,#1660,
    #1661,#1662,#1663,#1664,#1665,#1666,#1667,#1668,#1669,#1670,#1671,
    #1672),.UNSPECIFIED.,.F.,.F.,(7,5,5,7),(0.,0.398618962498,
    0.650323755449,1.),.UNSPECIFIED.);
#1656 = CARTESIAN_POINT('',(4.,69.2,34.899816836631));
#1657 = CARTESIAN_POINT('',(4.,69.096300015244,35.043037133395));
#1658 = CARTESIAN_POINT('',(4.,68.980142412929,35.177406110684));
#1659 = CARTESIAN_POINT('',(4.,68.852664448659,35.301671090021));
#1660 = CARTESIAN_POINT('',(4.,68.715158571773,35.414898085919));
#1661 = CARTESIAN_POINT('',(4.,68.568989907808,35.516407168817));
#1662 = CARTESIAN_POINT('',(4.,68.318760847952,35.662256937525));
#1663 = CARTESIAN_POINT('',(4.,68.219025078056,35.713885166109));
#1664 = CARTESIAN_POINT('',(4.,68.116760016985,35.760595754314));
#1665 = CARTESIAN_POINT('',(4.,68.012316245821,35.80234475599));
#1666 = CARTESIAN_POINT('',(4.,67.906035514697,35.839136403263));
#1667 = CARTESIAN_POINT('',(4.,67.648505734034,35.91531331309));
#1668 = CARTESIAN_POINT('',(4.,67.49584328832,35.950137861963));
#1669 = CARTESIAN_POINT('',(4.,67.341151373365,35.975622113897));
#1670 = CARTESIAN_POINT('',(4.,67.185223797258,35.99208626161));
#1671 = CARTESIAN_POINT('',(4.,67.028744405036,36.));
#1672 = CARTESIAN_POINT('',(4.,66.872281323269,36.));
#1673 = PCURVE('',#237,#1674);
#1674 = DEFINITIONAL_REPRESENTATION('',(#1675),#1693);
#1675 = B_SPLINE_CURVE_WITH_KNOTS('',6,(#1676,#1677,#1678,#1679,#1680,
    #1681,#1682,#1683,#1684,#1685,#1686,#1687,#1688,#1689,#1690,#1691,
    #1692),.UNSPECIFIED.,.F.,.F.,(7,5,5,7),(0.,0.398618962498,
    0.650323755449,1.),.UNSPECIFIED.);
#1676 = CARTESIAN_POINT('',(0.367173833818,0.594297370536));
#1677 = CARTESIAN_POINT('',(0.373855533867,0.663440648858));
#1678 = CARTESIAN_POINT('',(0.381618473658,0.732187692093));
#1679 = CARTESIAN_POINT('',(0.390535763678,0.800445793756));
#1680 = CARTESIAN_POINT('',(0.4007019553,0.868150790175));
#1681 = CARTESIAN_POINT('',(0.412240007527,0.9352302999));
#1682 = CARTESIAN_POINT('',(0.433538255527,1.043472883965));
#1683 = CARTESIAN_POINT('',(0.442387343835,1.085080546902));
#1684 = CARTESIAN_POINT('',(0.451879447689,1.126377709059));
#1685 = CARTESIAN_POINT('',(0.462057275979,1.167342477514));
#1686 = CARTESIAN_POINT('',(0.472968952896,1.207951351436));
#1687 = CARTESIAN_POINT('',(0.500920780417,1.304057670477));
#1688 = CARTESIAN_POINT('',(0.518694446724,1.35920241433));
#1689 = CARTESIAN_POINT('',(0.538132314439,1.413532458853));
#1690 = CARTESIAN_POINT('',(0.55940211281,1.466973350365));
#1691 = CARTESIAN_POINT('',(0.582700585969,1.519435642505));
#1692 = CARTESIAN_POINT('',(0.60824557891,1.570796326795));
#1693 = ( GEOMETRIC_REPRESENTATION_CONTEXT(2) 
PARAMETRIC_REPRESENTATION_CONTEXT() REPRESENTATION_CONTEXT('2D SPACE',''
  ) );
#1694 = PCURVE('',#1695,#1700);
#1695 = PLANE('',#1696);
#1696 = AXIS2_PLACEMENT_3D('',#1697,#1698,#1699);
#1697 = CARTESIAN_POINT('',(4.,67.,31.));
#1698 = DIRECTION('',(1.,0.,-0.));
#1699 = DIRECTION('',(0.,-1.,0.));
#1700 = DEFINITIONAL_REPRESENTATION('',(#1701),#1719);
#1701 = B_SPLINE_CURVE_WITH_KNOTS('',6,(#1702,#1703,#1704,#1705,#1706,
    #1707,#1708,#1709,#1710,#1711,#1712,#1713,#1714,#1715,#1716,#1717,
    #1718),.UNSPECIFIED.,.F.,.F.,(7,5,5,7),(0.,0.398618962498,
    0.650323755449,1.),.UNSPECIFIED.);
#1702 = CARTESIAN_POINT('',(-2.2,-3.899816836631));
#1703 = CARTESIAN_POINT('',(-2.096300015244,-4.043037133395));
#1704 = CARTESIAN_POINT('',(-1.980142412929,-4.177406110684));
#1705 = CARTESIAN_POINT('',(-1.852664448659,-4.301671090021));
#1706 = CARTESIAN_POINT('',(-1.715158571773,-4.414898085919));
#1707 = CARTESIAN_POINT('',(-1.568989907808,-4.516407168817));
#1708 = CARTESIAN_POINT('',(-1.318760847952,-4.662256937525));
#1709 = CARTESIAN_POINT('',(-1.219025078056,-4.713885166109));
#1710 = CARTESIAN_POINT('',(-1.116760016985,-4.760595754314));
#1711 = CARTESIAN_POINT('',(-1.012316245821,-4.80234475599));
#1712 = CARTESIAN_POINT('',(-0.906035514697,-4.839136403263));
#1713 = CARTESIAN_POINT('',(-0.648505734034,-4.91531331309));
#1714 = CARTESIAN_POINT('',(-0.49584328832,-4.950137861963));
#1715 = CARTESIAN_POINT('',(-0.341151373365,-4.975622113897));
#1716 = CARTESIAN_POINT('',(-0.185223797258,-4.99208626161));
#1717 = CARTESIAN_POINT('',(-2.874440503585E-02,-5.));
#1718 = CARTESIAN_POINT('',(0.127718676731,-5.));
#1719 = ( GEOMETRIC_REPRESENTATION_CONTEXT(2) 
PARAMETRIC_REPRESENTATION_CONTEXT() REPRESENTATION_CONTEXT('2D SPACE',''
  ) );
#1720 = ADVANCED_FACE('',(#1721),#274,.T.);
#1721 = FACE_BOUND('',#1722,.F.);
#1722 = EDGE_LOOP('',(#1723,#1724,#1747,#1775));
#1723 = ORIENTED_EDGE('',*,*,#252,.F.);
#1724 = ORIENTED_EDGE('',*,*,#1725,.T.);
#1725 = EDGE_CURVE('',#253,#1726,#1728,.T.);
#1726 = VERTEX_POINT('',#1727);
#1727 = CARTESIAN_POINT('',(117.5,42.293516572461,36.));
#1728 = SURFACE_CURVE('',#1729,(#1733,#1740),.PCURVE_S1.);
#1729 = LINE('',#1730,#1731);
#1730 = CARTESIAN_POINT('',(0.,42.293516572461,36.));
#1731 = VECTOR('',#1732,1.);
#1732 = DIRECTION('',(1.,0.,0.));
#1733 = PCURVE('',#274,#1734);
#1734 = DEFINITIONAL_REPRESENTATION('',(#1735),#1739);
#1735 = LINE('',#1736,#1737);
#1736 = CARTESIAN_POINT('',(-0.233743180869,0.));
#1737 = VECTOR('',#1738,1.);
#1738 = DIRECTION('',(-0.,1.));
#1739 = ( GEOMETRIC_REPRESENTATION_CONTEXT(2) 
PARAMETRIC_REPRESENTATION_CONTEXT() REPRESENTATION_CONTEXT('2D SPACE',''
  ) );
#1740 = PCURVE('',#356,#1741);
#1741 = DEFINITIONAL_REPRESENTATION('',(#1742),#1746);
#1742 = LINE('',#1743,#1744);
#1743 = CARTESIAN_POINT('',(27.706483427539,0.));
#1744 = VECTOR('',#1745,1.);
#1745 = DIRECTION('',(0.,-1.));
#1746 = ( GEOMETRIC_REPRESENTATION_CONTEXT(2) 
PARAMETRIC_REPRESENTATION_CONTEXT() REPRESENTATION_CONTEXT('2D SPACE',''
  ) );
#1747 = ORIENTED_EDGE('',*,*,#1748,.T.);
#1748 = EDGE_CURVE('',#1726,#784,#1749,.T.);
#1749 = SURFACE_CURVE('',#1750,(#1755,#1765),.PCURVE_S1.);
#1750 = ELLIPSE('',#1751,3.535533905933,2.5);
#1751 = AXIS2_PLACEMENT_3D('',#1752,#1753,#1754);
#1752 = CARTESIAN_POINT('',(117.5,42.293516572461,33.5));
#1753 = DIRECTION('',(0.707106781187,0.707106781187,0.));
#1754 = DIRECTION('',(0.707106781187,-0.707106781187,0.));
#1755 = PCURVE('',#274,#1756);
#1756 = DEFINITIONAL_REPRESENTATION('',(#1757),#1764);
#1757 = B_SPLINE_CURVE_WITH_KNOTS('',5,(#1758,#1759,#1760,#1761,#1762,
    #1763),.UNSPECIFIED.,.F.,.F.,(6,6),(4.712388980385,4.946132161254),
  .PIECEWISE_BEZIER_KNOTS.);
#1758 = CARTESIAN_POINT('',(-0.233743180869,117.5));
#1759 = CARTESIAN_POINT('',(-0.186994544695,117.61687159043));
#1760 = CARTESIAN_POINT('',(-0.140245908521,117.73374318215));
#1761 = CARTESIAN_POINT('',(-9.349727234744E-02,117.85008265212));
#1762 = CARTESIAN_POINT('',(-4.674863617362E-02,117.96535790877));
#1763 = CARTESIAN_POINT('',(1.962874307537E-13,118.07905131826));
#1764 = ( GEOMETRIC_REPRESENTATION_CONTEXT(2) 
PARAMETRIC_REPRESENTATION_CONTEXT() REPRESENTATION_CONTEXT('2D SPACE',''
  ) );
#1765 = PCURVE('',#823,#1766);
#1766 = DEFINITIONAL_REPRESENTATION('',(#1767),#1774);
#1767 = B_SPLINE_CURVE_WITH_KNOTS('',5,(#1768,#1769,#1770,#1771,#1772,
    #1773),.UNSPECIFIED.,.F.,.F.,(6,6),(4.712388980385,4.946132161254),
  .PIECEWISE_BEZIER_KNOTS.);
#1768 = CARTESIAN_POINT('',(-1.570796326795,0.293516572461));
#1769 = CARTESIAN_POINT('',(-1.524047690621,0.176644982027));
#1770 = CARTESIAN_POINT('',(-1.477299054447,5.977339030958E-02));
#1771 = CARTESIAN_POINT('',(-1.430550418273,-5.656607965983E-02));
#1772 = CARTESIAN_POINT('',(-1.3838017821,-0.171841336309));
#1773 = CARTESIAN_POINT('',(-1.337053145926,-0.285534745804));
#1774 = ( GEOMETRIC_REPRESENTATION_CONTEXT(2) 
PARAMETRIC_REPRESENTATION_CONTEXT() REPRESENTATION_CONTEXT('2D SPACE',''
  ) );
#1775 = ORIENTED_EDGE('',*,*,#783,.F.);
#1776 = ADVANCED_FACE('',(#1777),#356,.F.);
#1777 = FACE_BOUND('',#1778,.F.);
#1778 = EDGE_LOOP('',(#1779,#1802,#1803,#1804,#1805,#1826,#1852,#1878));
#1779 = ORIENTED_EDGE('',*,*,#1780,.F.);
#1780 = EDGE_CURVE('',#1726,#1781,#1783,.T.);
#1781 = VERTEX_POINT('',#1782);
#1782 = CARTESIAN_POINT('',(117.5,64.,36.));
#1783 = SURFACE_CURVE('',#1784,(#1788,#1795),.PCURVE_S1.);
#1784 = LINE('',#1785,#1786);
#1785 = CARTESIAN_POINT('',(117.5,42.,36.));
#1786 = VECTOR('',#1787,1.);
#1787 = DIRECTION('',(-0.,1.,-0.));
#1788 = PCURVE('',#356,#1789);
#1789 = DEFINITIONAL_REPRESENTATION('',(#1790),#1794);
#1790 = LINE('',#1791,#1792);
#1791 = CARTESIAN_POINT('',(28.,-117.5));
#1792 = VECTOR('',#1793,1.);
#1793 = DIRECTION('',(-1.,0.));
#1794 = ( GEOMETRIC_REPRESENTATION_CONTEXT(2) 
PARAMETRIC_REPRESENTATION_CONTEXT() REPRESENTATION_CONTEXT('2D SPACE',''
  ) );
#1795 = PCURVE('',#823,#1796);
#1796 = DEFINITIONAL_REPRESENTATION('',(#1797),#1801);
#1797 = LINE('',#1798,#1799);
#1798 = CARTESIAN_POINT('',(-1.570796326795,0.));
#1799 = VECTOR('',#1800,1.);
#1800 = DIRECTION('',(-0.,1.));
#1801 = ( GEOMETRIC_REPRESENTATION_CONTEXT(2) 
PARAMETRIC_REPRESENTATION_CONTEXT() REPRESENTATION_CONTEXT('2D SPACE',''
  ) );
#1802 = ORIENTED_EDGE('',*,*,#1725,.F.);
#1803 = ORIENTED_EDGE('',*,*,#342,.F.);
#1804 = ORIENTED_EDGE('',*,*,#1625,.F.);
#1805 = ORIENTED_EDGE('',*,*,#1806,.T.);
#1806 = EDGE_CURVE('',#1626,#1807,#1809,.T.);
#1807 = VERTEX_POINT('',#1808);
#1808 = CARTESIAN_POINT('',(4.,45.,36.));
#1809 = SURFACE_CURVE('',#1810,(#1814,#1820),.PCURVE_S1.);
#1810 = LINE('',#1811,#1812);
#1811 = CARTESIAN_POINT('',(4.,68.5,36.));
#1812 = VECTOR('',#1813,1.);
#1813 = DIRECTION('',(0.,-1.,0.));
#1814 = PCURVE('',#356,#1815);
#1815 = DEFINITIONAL_REPRESENTATION('',(#1816),#1819);
#1816 = B_SPLINE_CURVE_WITH_KNOTS('',1,(#1817,#1818),.UNSPECIFIED.,.F.,
  .F.,(2,2),(1.5,23.5),.PIECEWISE_BEZIER_KNOTS.);
#1817 = CARTESIAN_POINT('',(3.,-4.));
#1818 = CARTESIAN_POINT('',(25.,-4.));
#1819 = ( GEOMETRIC_REPRESENTATION_CONTEXT(2) 
PARAMETRIC_REPRESENTATION_CONTEXT() REPRESENTATION_CONTEXT('2D SPACE',''
  ) );
#1820 = PCURVE('',#1695,#1821);
#1821 = DEFINITIONAL_REPRESENTATION('',(#1822),#1825);
#1822 = B_SPLINE_CURVE_WITH_KNOTS('',1,(#1823,#1824),.UNSPECIFIED.,.F.,
  .F.,(2,2),(1.5,23.5),.PIECEWISE_BEZIER_KNOTS.);
#1823 = CARTESIAN_POINT('',(0.,-5.));
#1824 = CARTESIAN_POINT('',(22.,-5.));
#1825 = ( GEOMETRIC_REPRESENTATION_CONTEXT(2) 
PARAMETRIC_REPRESENTATION_CONTEXT() REPRESENTATION_CONTEXT('2D SPACE',''
  ) );
#1826 = ORIENTED_EDGE('',*,*,#1827,.T.);
#1827 = EDGE_CURVE('',#1807,#1828,#1830,.T.);
#1828 = VERTEX_POINT('',#1829);
#1829 = CARTESIAN_POINT('',(116.,45.,36.));
#1830 = SURFACE_CURVE('',#1831,(#1835,#1841),.PCURVE_S1.);
#1831 = LINE('',#1832,#1833);
#1832 = CARTESIAN_POINT('',(2.,45.,36.));
#1833 = VECTOR('',#1834,1.);
#1834 = DIRECTION('',(1.,-0.,0.));
#1835 = PCURVE('',#356,#1836);
#1836 = DEFINITIONAL_REPRESENTATION('',(#1837),#1840);
#1837 = B_SPLINE_CURVE_WITH_KNOTS('',1,(#1838,#1839),.UNSPECIFIED.,.F.,
  .F.,(2,2),(2.,114.),.PIECEWISE_BEZIER_KNOTS.);
#1838 = CARTESIAN_POINT('',(25.,-4.));
#1839 = CARTESIAN_POINT('',(25.,-116.));
#1840 = ( GEOMETRIC_REPRESENTATION_CONTEXT(2) 
PARAMETRIC_REPRESENTATION_CONTEXT() REPRESENTATION_CONTEXT('2D SPACE',''
  ) );
#1841 = PCURVE('',#1842,#1847);
#1842 = PLANE('',#1843);
#1843 = AXIS2_PLACEMENT_3D('',#1844,#1845,#1846);
#1844 = CARTESIAN_POINT('',(4.,45.,31.));
#1845 = DIRECTION('',(0.,1.,0.));
#1846 = DIRECTION('',(1.,0.,0.));
#1847 = DEFINITIONAL_REPRESENTATION('',(#1848),#1851);
#1848 = B_SPLINE_CURVE_WITH_KNOTS('',1,(#1849,#1850),.UNSPECIFIED.,.F.,
  .F.,(2,2),(2.,114.),.PIECEWISE_BEZIER_KNOTS.);
#1849 = CARTESIAN_POINT('',(0.,-5.));
#1850 = CARTESIAN_POINT('',(112.,-5.));
#1851 = ( GEOMETRIC_REPRESENTATION_CONTEXT(2) 
PARAMETRIC_REPRESENTATION_CONTEXT() REPRESENTATION_CONTEXT('2D SPACE',''
  ) );
#1852 = ORIENTED_EDGE('',*,*,#1853,.T.);
#1853 = EDGE_CURVE('',#1828,#1854,#1856,.T.);
#1854 = VERTEX_POINT('',#1855);
#1855 = CARTESIAN_POINT('',(116.,66.872281323269,36.));
#1856 = SURFACE_CURVE('',#1857,(#1861,#1867),.PCURVE_S1.);
#1857 = LINE('',#1858,#1859);
#1858 = CARTESIAN_POINT('',(116.,57.5,36.));
#1859 = VECTOR('',#1860,1.);
#1860 = DIRECTION('',(0.,1.,0.));
#1861 = PCURVE('',#356,#1862);
#1862 = DEFINITIONAL_REPRESENTATION('',(#1863),#1866);
#1863 = B_SPLINE_CURVE_WITH_KNOTS('',1,(#1864,#1865),.UNSPECIFIED.,.F.,
  .F.,(2,2),(-12.5,9.5),.PIECEWISE_BEZIER_KNOTS.);
#1864 = CARTESIAN_POINT('',(25.,-116.));
#1865 = CARTESIAN_POINT('',(3.,-116.));
#1866 = ( GEOMETRIC_REPRESENTATION_CONTEXT(2) 
PARAMETRIC_REPRESENTATION_CONTEXT() REPRESENTATION_CONTEXT('2D SPACE',''
  ) );
#1867 = PCURVE('',#1868,#1873);
#1868 = PLANE('',#1869);
#1869 = AXIS2_PLACEMENT_3D('',#1870,#1871,#1872);
#1870 = CARTESIAN_POINT('',(116.,45.,31.));
#1871 = DIRECTION('',(-1.,0.,0.));
#1872 = DIRECTION('',(0.,1.,0.));
#1873 = DEFINITIONAL_REPRESENTATION('',(#1874),#1877);
#1874 = B_SPLINE_CURVE_WITH_KNOTS('',1,(#1875,#1876),.UNSPECIFIED.,.F.,
  .F.,(2,2),(-12.5,9.5),.PIECEWISE_BEZIER_KNOTS.);
#1875 = CARTESIAN_POINT('',(0.,-5.));
#1876 = CARTESIAN_POINT('',(22.,-5.));
#1877 = ( GEOMETRIC_REPRESENTATION_CONTEXT(2) 
PARAMETRIC_REPRESENTATION_CONTEXT() REPRESENTATION_CONTEXT('2D SPACE',''
  ) );
#1878 = ORIENTED_EDGE('',*,*,#1879,.F.);
#1879 = EDGE_CURVE('',#1781,#1854,#1880,.T.);
#1880 = SURFACE_CURVE('',#1881,(#1886,#1897),.PCURVE_S1.);
#1881 = CIRCLE('',#1882,3.5);
#1882 = AXIS2_PLACEMENT_3D('',#1883,#1884,#1885);
#1883 = CARTESIAN_POINT('',(114.,64.,36.));
#1884 = DIRECTION('',(0.,-0.,1.));
#1885 = DIRECTION('',(1.,0.,0.));
#1886 = PCURVE('',#356,#1887);
#1887 = DEFINITIONAL_REPRESENTATION('',(#1888),#1896);
#1888 = ( BOUNDED_CURVE() B_SPLINE_CURVE(2,(#1889,#1890,#1891,#1892,
#1893,#1894,#1895),.UNSPECIFIED.,.T.,.F.) B_SPLINE_CURVE_WITH_KNOTS((1,2
    ,2,2,2,1),(-2.094395102393,0.,2.094395102393,4.188790204786,
6.28318530718,8.377580409573),.UNSPECIFIED.) CURVE() 
GEOMETRIC_REPRESENTATION_ITEM() RATIONAL_B_SPLINE_CURVE((1.,0.5,1.,0.5,
1.,0.5,1.)) REPRESENTATION_ITEM('') );
#1889 = CARTESIAN_POINT('',(6.,-117.5));
#1890 = CARTESIAN_POINT('',(-6.217782649107E-02,-117.5));
#1891 = CARTESIAN_POINT('',(2.968911086754,-112.25));
#1892 = CARTESIAN_POINT('',(6.,-107.));
#1893 = CARTESIAN_POINT('',(9.031088913246,-112.25));
#1894 = CARTESIAN_POINT('',(12.062177826491,-117.5));
#1895 = CARTESIAN_POINT('',(6.,-117.5));
#1896 = ( GEOMETRIC_REPRESENTATION_CONTEXT(2) 
PARAMETRIC_REPRESENTATION_CONTEXT() REPRESENTATION_CONTEXT('2D SPACE',''
  ) );
#1897 = PCURVE('',#1898,#1903);
#1898 = TOROIDAL_SURFACE('',#1899,3.5,2.5);
#1899 = AXIS2_PLACEMENT_3D('',#1900,#1901,#1902);
#1900 = CARTESIAN_POINT('',(114.,64.,33.5));
#1901 = DIRECTION('',(-0.,-0.,1.));
#1902 = DIRECTION('',(1.,0.,0.));
#1903 = DEFINITIONAL_REPRESENTATION('',(#1904),#1908);
#1904 = LINE('',#1905,#1906);
#1905 = CARTESIAN_POINT('',(0.,1.570796326795));
#1906 = VECTOR('',#1907,1.);
#1907 = DIRECTION('',(1.,0.));
#1908 = ( GEOMETRIC_REPRESENTATION_CONTEXT(2) 
PARAMETRIC_REPRESENTATION_CONTEXT() REPRESENTATION_CONTEXT('2D SPACE',''
  ) );
#1909 = ADVANCED_FACE('',(#1910),#389,.F.);
#1910 = FACE_BOUND('',#1911,.F.);
#1911 = EDGE_LOOP('',(#1912,#1913,#1934,#1935));
#1912 = ORIENTED_EDGE('',*,*,#893,.T.);
#1913 = ORIENTED_EDGE('',*,*,#1914,.T.);
#1914 = EDGE_CURVE('',#863,#374,#1915,.T.);
#1915 = SURFACE_CURVE('',#1916,(#1920,#1927),.PCURVE_S1.);
#1916 = LINE('',#1917,#1918);
#1917 = CARTESIAN_POINT('',(114.,-8.881784197001E-16,26.));
#1918 = VECTOR('',#1919,1.);
#1919 = DIRECTION('',(0.,0.,-1.));
#1920 = PCURVE('',#389,#1921);
#1921 = DEFINITIONAL_REPRESENTATION('',(#1922),#1926);
#1922 = LINE('',#1923,#1924);
#1923 = CARTESIAN_POINT('',(0.,-114.));
#1924 = VECTOR('',#1925,1.);
#1925 = DIRECTION('',(1.,0.));
#1926 = ( GEOMETRIC_REPRESENTATION_CONTEXT(2) 
PARAMETRIC_REPRESENTATION_CONTEXT() REPRESENTATION_CONTEXT('2D SPACE',''
  ) );
#1927 = PCURVE('',#418,#1928);
#1928 = DEFINITIONAL_REPRESENTATION('',(#1929),#1933);
#1929 = LINE('',#1930,#1931);
#1930 = CARTESIAN_POINT('',(-0.,0.));
#1931 = VECTOR('',#1932,1.);
#1932 = DIRECTION('',(-0.,1.));
#1933 = ( GEOMETRIC_REPRESENTATION_CONTEXT(2) 
PARAMETRIC_REPRESENTATION_CONTEXT() REPRESENTATION_CONTEXT('2D SPACE',''
  ) );
#1934 = ORIENTED_EDGE('',*,*,#371,.F.);
#1935 = ORIENTED_EDGE('',*,*,#1393,.F.);
#1936 = ADVANCED_FACE('',(#1937),#418,.T.);
#1937 = FACE_BOUND('',#1938,.F.);
#1938 = EDGE_LOOP('',(#1939,#1940,#1961,#1962));
#1939 = ORIENTED_EDGE('',*,*,#862,.T.);
#1940 = ORIENTED_EDGE('',*,*,#1941,.T.);
#1941 = EDGE_CURVE('',#840,#402,#1942,.T.);
#1942 = SURFACE_CURVE('',#1943,(#1947,#1954),.PCURVE_S1.);
#1943 = LINE('',#1944,#1945);
#1944 = CARTESIAN_POINT('',(120.,6.,26.));
#1945 = VECTOR('',#1946,1.);
#1946 = DIRECTION('',(0.,0.,-1.));
#1947 = PCURVE('',#418,#1948);
#1948 = DEFINITIONAL_REPRESENTATION('',(#1949),#1953);
#1949 = LINE('',#1950,#1951);
#1950 = CARTESIAN_POINT('',(-1.570796326795,0.));
#1951 = VECTOR('',#1952,1.);
#1952 = DIRECTION('',(-0.,1.));
#1953 = ( GEOMETRIC_REPRESENTATION_CONTEXT(2) 
PARAMETRIC_REPRESENTATION_CONTEXT() REPRESENTATION_CONTEXT('2D SPACE',''
  ) );
#1954 = PCURVE('',#446,#1955);
#1955 = DEFINITIONAL_REPRESENTATION('',(#1956),#1960);
#1956 = LINE('',#1957,#1958);
#1957 = CARTESIAN_POINT('',(9.598319825763,30.641760083033));
#1958 = VECTOR('',#1959,1.);
#1959 = DIRECTION('',(-1.,0.));
#1960 = ( GEOMETRIC_REPRESENTATION_CONTEXT(2) 
PARAMETRIC_REPRESENTATION_CONTEXT() REPRESENTATION_CONTEXT('2D SPACE',''
  ) );
#1961 = ORIENTED_EDGE('',*,*,#401,.F.);
#1962 = ORIENTED_EDGE('',*,*,#1914,.F.);
#1963 = ADVANCED_FACE('',(#1964),#446,.T.);
#1964 = FACE_BOUND('',#1965,.T.);
#1965 = EDGE_LOOP('',(#1966,#1989,#2010,#2011,#2012));
#1966 = ORIENTED_EDGE('',*,*,#1967,.T.);
#1967 = EDGE_CURVE('',#431,#1968,#1970,.T.);
#1968 = VERTEX_POINT('',#1969);
#1969 = CARTESIAN_POINT('',(120.,64.,33.5));
#1970 = SURFACE_CURVE('',#1971,(#1975,#1982),.PCURVE_S1.);
#1971 = LINE('',#1972,#1973);
#1972 = CARTESIAN_POINT('',(120.,64.,0.));
#1973 = VECTOR('',#1974,1.);
#1974 = DIRECTION('',(0.,0.,1.));
#1975 = PCURVE('',#446,#1976);
#1976 = DEFINITIONAL_REPRESENTATION('',(#1977),#1981);
#1977 = LINE('',#1978,#1979);
#1978 = CARTESIAN_POINT('',(-16.40168017423,-27.35823991696));
#1979 = VECTOR('',#1980,1.);
#1980 = DIRECTION('',(1.,0.));
#1981 = ( GEOMETRIC_REPRESENTATION_CONTEXT(2) 
PARAMETRIC_REPRESENTATION_CONTEXT() REPRESENTATION_CONTEXT('2D SPACE',''
  ) );
#1982 = PCURVE('',#479,#1983);
#1983 = DEFINITIONAL_REPRESENTATION('',(#1984),#1988);
#1984 = LINE('',#1985,#1986);
#1985 = CARTESIAN_POINT('',(-1.570796326795,0.));
#1986 = VECTOR('',#1987,1.);
#1987 = DIRECTION('',(-0.,1.));
#1988 = ( GEOMETRIC_REPRESENTATION_CONTEXT(2) 
PARAMETRIC_REPRESENTATION_CONTEXT() REPRESENTATION_CONTEXT('2D SPACE',''
  ) );
#1989 = ORIENTED_EDGE('',*,*,#1990,.F.);
#1990 = EDGE_CURVE('',#807,#1968,#1991,.T.);
#1991 = SURFACE_CURVE('',#1992,(#1996,#2003),.PCURVE_S1.);
#1992 = LINE('',#1993,#1994);
#1993 = CARTESIAN_POINT('',(120.,42.,33.5));
#1994 = VECTOR('',#1995,1.);
#1995 = DIRECTION('',(-0.,1.,-0.));
#1996 = PCURVE('',#446,#1997);
#1997 = DEFINITIONAL_REPRESENTATION('',(#1998),#2002);
#1998 = LINE('',#1999,#2000);
#1999 = CARTESIAN_POINT('',(17.098319825763,-5.358239916967));
#2000 = VECTOR('',#2001,1.);
#2001 = DIRECTION('',(0.,-1.));
#2002 = ( GEOMETRIC_REPRESENTATION_CONTEXT(2) 
PARAMETRIC_REPRESENTATION_CONTEXT() REPRESENTATION_CONTEXT('2D SPACE',''
  ) );
#2003 = PCURVE('',#823,#2004);
#2004 = DEFINITIONAL_REPRESENTATION('',(#2005),#2009);
#2005 = LINE('',#2006,#2007);
#2006 = CARTESIAN_POINT('',(-0.,0.));
#2007 = VECTOR('',#2008,1.);
#2008 = DIRECTION('',(-0.,1.));
#2009 = ( GEOMETRIC_REPRESENTATION_CONTEXT(2) 
PARAMETRIC_REPRESENTATION_CONTEXT() REPRESENTATION_CONTEXT('2D SPACE',''
  ) );
#2010 = ORIENTED_EDGE('',*,*,#839,.T.);
#2011 = ORIENTED_EDGE('',*,*,#1941,.T.);
#2012 = ORIENTED_EDGE('',*,*,#430,.T.);
#2013 = ADVANCED_FACE('',(#2014),#479,.T.);
#2014 = FACE_BOUND('',#2015,.F.);
#2015 = EDGE_LOOP('',(#2016,#2017,#2018,#2019));
#2016 = ORIENTED_EDGE('',*,*,#1419,.F.);
#2017 = ORIENTED_EDGE('',*,*,#458,.T.);
#2018 = ORIENTED_EDGE('',*,*,#1967,.T.);
#2019 = ORIENTED_EDGE('',*,*,#2020,.T.);
#2020 = EDGE_CURVE('',#1968,#1420,#2021,.T.);
#2021 = SURFACE_CURVE('',#2022,(#2027,#2034),.PCURVE_S1.);
#2022 = CIRCLE('',#2023,6.);
#2023 = AXIS2_PLACEMENT_3D('',#2024,#2025,#2026);
#2024 = CARTESIAN_POINT('',(114.,64.,33.5));
#2025 = DIRECTION('',(0.,-0.,1.));
#2026 = DIRECTION('',(1.,0.,0.));
#2027 = PCURVE('',#479,#2028);
#2028 = DEFINITIONAL_REPRESENTATION('',(#2029),#2033);
#2029 = LINE('',#2030,#2031);
#2030 = CARTESIAN_POINT('',(-1.570796326795,33.5));
#2031 = VECTOR('',#2032,1.);
#2032 = DIRECTION('',(1.,-0.));
#2033 = ( GEOMETRIC_REPRESENTATION_CONTEXT(2) 
PARAMETRIC_REPRESENTATION_CONTEXT() REPRESENTATION_CONTEXT('2D SPACE',''
  ) );
#2034 = PCURVE('',#1898,#2035);
#2035 = DEFINITIONAL_REPRESENTATION('',(#2036),#2040);
#2036 = LINE('',#2037,#2038);
#2037 = CARTESIAN_POINT('',(0.,0.));
#2038 = VECTOR('',#2039,1.);
#2039 = DIRECTION('',(1.,0.));
#2040 = ( GEOMETRIC_REPRESENTATION_CONTEXT(2) 
PARAMETRIC_REPRESENTATION_CONTEXT() REPRESENTATION_CONTEXT('2D SPACE',''
  ) );
#2041 = ADVANCED_FACE('',(#2042),#560,.T.);
#2042 = FACE_BOUND('',#2043,.T.);
#2043 = EDGE_LOOP('',(#2044,#2067,#2093,#2114));
#2044 = ORIENTED_EDGE('',*,*,#2045,.F.);
#2045 = EDGE_CURVE('',#2046,#543,#2048,.T.);
#2046 = VERTEX_POINT('',#2047);
#2047 = CARTESIAN_POINT('',(6.,2.,24.420282557626));
#2048 = SURFACE_CURVE('',#2049,(#2053,#2060),.PCURVE_S1.);
#2049 = LINE('',#2050,#2051);
#2050 = CARTESIAN_POINT('',(6.,2.,26.));
#2051 = VECTOR('',#2052,1.);
#2052 = DIRECTION('',(0.,0.,-1.));
#2053 = PCURVE('',#560,#2054);
#2054 = DEFINITIONAL_REPRESENTATION('',(#2055),#2059);
#2055 = LINE('',#2056,#2057);
#2056 = CARTESIAN_POINT('',(0.,-6.));
#2057 = VECTOR('',#2058,1.);
#2058 = DIRECTION('',(1.,0.));
#2059 = ( GEOMETRIC_REPRESENTATION_CONTEXT(2) 
PARAMETRIC_REPRESENTATION_CONTEXT() REPRESENTATION_CONTEXT('2D SPACE',''
  ) );
#2060 = PCURVE('',#593,#2061);
#2061 = DEFINITIONAL_REPRESENTATION('',(#2062),#2066);
#2062 = LINE('',#2063,#2064);
#2063 = CARTESIAN_POINT('',(0.,0.));
#2064 = VECTOR('',#2065,1.);
#2065 = DIRECTION('',(0.,1.));
#2066 = ( GEOMETRIC_REPRESENTATION_CONTEXT(2) 
PARAMETRIC_REPRESENTATION_CONTEXT() REPRESENTATION_CONTEXT('2D SPACE',''
  ) );
#2067 = ORIENTED_EDGE('',*,*,#2068,.F.);
#2068 = EDGE_CURVE('',#2069,#2046,#2071,.T.);
#2069 = VERTEX_POINT('',#2070);
#2070 = CARTESIAN_POINT('',(114.,2.,24.420282557626));
#2071 = SURFACE_CURVE('',#2072,(#2076,#2082),.PCURVE_S1.);
#2072 = LINE('',#2073,#2074);
#2073 = CARTESIAN_POINT('',(0.,2.,24.420282557626));
#2074 = VECTOR('',#2075,1.);
#2075 = DIRECTION('',(-1.,0.,-0.));
#2076 = PCURVE('',#560,#2077);
#2077 = DEFINITIONAL_REPRESENTATION('',(#2078),#2081);
#2078 = B_SPLINE_CURVE_WITH_KNOTS('',1,(#2079,#2080),.UNSPECIFIED.,.F.,
  .F.,(2,2),(-114.,-6.),.PIECEWISE_BEZIER_KNOTS.);
#2079 = CARTESIAN_POINT('',(1.579717442374,-114.));
#2080 = CARTESIAN_POINT('',(1.579717442374,-6.));
#2081 = ( GEOMETRIC_REPRESENTATION_CONTEXT(2) 
PARAMETRIC_REPRESENTATION_CONTEXT() REPRESENTATION_CONTEXT('2D SPACE',''
  ) );
#2082 = PCURVE('',#2083,#2088);
#2083 = PLANE('',#2084);
#2084 = AXIS2_PLACEMENT_3D('',#2085,#2086,#2087);
#2085 = CARTESIAN_POINT('',(0.,42.463241054612,34.054387570629));
#2086 = DIRECTION('',(0.,0.231620527306,-0.972806214685));
#2087 = DIRECTION('',(0.,-0.972806214685,-0.231620527306));
#2088 = DEFINITIONAL_REPRESENTATION('',(#2089),#2092);
#2089 = B_SPLINE_CURVE_WITH_KNOTS('',1,(#2090,#2091),.UNSPECIFIED.,.F.,
  .F.,(2,2),(-114.,-6.),.PIECEWISE_BEZIER_KNOTS.);
#2090 = CARTESIAN_POINT('',(41.594348847472,-114.));
#2091 = CARTESIAN_POINT('',(41.594348847472,-6.));
#2092 = ( GEOMETRIC_REPRESENTATION_CONTEXT(2) 
PARAMETRIC_REPRESENTATION_CONTEXT() REPRESENTATION_CONTEXT('2D SPACE',''
  ) );
#2093 = ORIENTED_EDGE('',*,*,#2094,.T.);
#2094 = EDGE_CURVE('',#2069,#545,#2095,.T.);
#2095 = SURFACE_CURVE('',#2096,(#2100,#2107),.PCURVE_S1.);
#2096 = LINE('',#2097,#2098);
#2097 = CARTESIAN_POINT('',(114.,2.,26.));
#2098 = VECTOR('',#2099,1.);
#2099 = DIRECTION('',(0.,0.,-1.));
#2100 = PCURVE('',#560,#2101);
#2101 = DEFINITIONAL_REPRESENTATION('',(#2102),#2106);
#2102 = LINE('',#2103,#2104);
#2103 = CARTESIAN_POINT('',(0.,-114.));
#2104 = VECTOR('',#2105,1.);
#2105 = DIRECTION('',(1.,0.));
#2106 = ( GEOMETRIC_REPRESENTATION_CONTEXT(2) 
PARAMETRIC_REPRESENTATION_CONTEXT() REPRESENTATION_CONTEXT('2D SPACE',''
  ) );
#2107 = PCURVE('',#766,#2108);
#2108 = DEFINITIONAL_REPRESENTATION('',(#2109),#2113);
#2109 = LINE('',#2110,#2111);
#2110 = CARTESIAN_POINT('',(-0.,0.));
#2111 = VECTOR('',#2112,1.);
#2112 = DIRECTION('',(-0.,1.));
#2113 = ( GEOMETRIC_REPRESENTATION_CONTEXT(2) 
PARAMETRIC_REPRESENTATION_CONTEXT() REPRESENTATION_CONTEXT('2D SPACE',''
  ) );
#2114 = ORIENTED_EDGE('',*,*,#542,.F.);
#2115 = ADVANCED_FACE('',(#2116),#593,.F.);
#2116 = FACE_BOUND('',#2117,.F.);
#2117 = EDGE_LOOP('',(#2118,#2141,#2142,#2143));
#2118 = ORIENTED_EDGE('',*,*,#2119,.T.);
#2119 = EDGE_CURVE('',#2120,#573,#2122,.T.);
#2120 = VERTEX_POINT('',#2121);
#2121 = CARTESIAN_POINT('',(2.,6.,25.372663510007));
#2122 = SURFACE_CURVE('',#2123,(#2127,#2134),.PCURVE_S1.);
#2123 = LINE('',#2124,#2125);
#2124 = CARTESIAN_POINT('',(2.,6.,26.));
#2125 = VECTOR('',#2126,1.);
#2126 = DIRECTION('',(0.,0.,-1.));
#2127 = PCURVE('',#593,#2128);
#2128 = DEFINITIONAL_REPRESENTATION('',(#2129),#2133);
#2129 = LINE('',#2130,#2131);
#2130 = CARTESIAN_POINT('',(1.570796326795,0.));
#2131 = VECTOR('',#2132,1.);
#2132 = DIRECTION('',(0.,1.));
#2133 = ( GEOMETRIC_REPRESENTATION_CONTEXT(2) 
PARAMETRIC_REPRESENTATION_CONTEXT() REPRESENTATION_CONTEXT('2D SPACE',''
  ) );
#2134 = PCURVE('',#621,#2135);
#2135 = DEFINITIONAL_REPRESENTATION('',(#2136),#2140);
#2136 = LINE('',#2137,#2138);
#2137 = CARTESIAN_POINT('',(9.598319825763,30.641760083033));
#2138 = VECTOR('',#2139,1.);
#2139 = DIRECTION('',(-1.,0.));
#2140 = ( GEOMETRIC_REPRESENTATION_CONTEXT(2) 
PARAMETRIC_REPRESENTATION_CONTEXT() REPRESENTATION_CONTEXT('2D SPACE',''
  ) );
#2141 = ORIENTED_EDGE('',*,*,#572,.F.);
#2142 = ORIENTED_EDGE('',*,*,#2045,.F.);
#2143 = ORIENTED_EDGE('',*,*,#2144,.T.);
#2144 = EDGE_CURVE('',#2046,#2120,#2145,.T.);
#2145 = SURFACE_CURVE('',#2146,(#2151,#2163),.PCURVE_S1.);
#2146 = ELLIPSE('',#2147,4.111815837128,4.);
#2147 = AXIS2_PLACEMENT_3D('',#2148,#2149,#2150);
#2148 = CARTESIAN_POINT('',(6.,6.,25.372663510007));
#2149 = DIRECTION('',(0.,0.231620527306,-0.972806214685));
#2150 = DIRECTION('',(0.,-0.972806214685,-0.231620527306));
#2151 = PCURVE('',#593,#2152);
#2152 = DEFINITIONAL_REPRESENTATION('',(#2153),#2162);
#2153 = B_SPLINE_CURVE_WITH_KNOTS('',7,(#2154,#2155,#2156,#2157,#2158,
    #2159,#2160,#2161),.UNSPECIFIED.,.F.,.F.,(8,8),(0.,1.570796326795),
  .PIECEWISE_BEZIER_KNOTS.);
#2154 = CARTESIAN_POINT('',(0.,1.579717442374));
#2155 = CARTESIAN_POINT('',(0.224399475256,1.579717442374));
#2156 = CARTESIAN_POINT('',(0.448798950513,1.523766325602));
#2157 = CARTESIAN_POINT('',(0.673198425769,1.411872208684));
#2158 = CARTESIAN_POINT('',(0.897597901026,1.250904895491));
#2159 = CARTESIAN_POINT('',(1.121997376282,1.054763194106));
#2160 = CARTESIAN_POINT('',(1.346396851538,0.841050275951));
#2161 = CARTESIAN_POINT('',(1.570796326795,0.627336489993));
#2162 = ( GEOMETRIC_REPRESENTATION_CONTEXT(2) 
PARAMETRIC_REPRESENTATION_CONTEXT() REPRESENTATION_CONTEXT('2D SPACE',''
  ) );
#2163 = PCURVE('',#2083,#2164);
#2164 = DEFINITIONAL_REPRESENTATION('',(#2165),#2169);
#2165 = ELLIPSE('',#2166,4.111815837128,4.);
#2166 = AXIS2_PLACEMENT_2D('',#2167,#2168);
#2167 = CARTESIAN_POINT('',(37.482533010344,-6.));
#2168 = DIRECTION('',(1.,0.));
#2169 = ( GEOMETRIC_REPRESENTATION_CONTEXT(2) 
PARAMETRIC_REPRESENTATION_CONTEXT() REPRESENTATION_CONTEXT('2D SPACE',''
  ) );
#2170 = ADVANCED_FACE('',(#2171),#621,.T.);
#2171 = FACE_BOUND('',#2172,.T.);
#2172 = EDGE_LOOP('',(#2173,#2196,#2224,#2243,#2244));
#2173 = ORIENTED_EDGE('',*,*,#2174,.T.);
#2174 = EDGE_CURVE('',#606,#2175,#2177,.T.);
#2175 = VERTEX_POINT('',#2176);
#2176 = CARTESIAN_POINT('',(2.,64.,33.5));
#2177 = SURFACE_CURVE('',#2178,(#2182,#2189),.PCURVE_S1.);
#2178 = LINE('',#2179,#2180);
#2179 = CARTESIAN_POINT('',(2.,64.,0.));
#2180 = VECTOR('',#2181,1.);
#2181 = DIRECTION('',(0.,0.,1.));
#2182 = PCURVE('',#621,#2183);
#2183 = DEFINITIONAL_REPRESENTATION('',(#2184),#2188);
#2184 = LINE('',#2185,#2186);
#2185 = CARTESIAN_POINT('',(-16.40168017423,-27.35823991696));
#2186 = VECTOR('',#2187,1.);
#2187 = DIRECTION('',(1.,0.));
#2188 = ( GEOMETRIC_REPRESENTATION_CONTEXT(2) 
PARAMETRIC_REPRESENTATION_CONTEXT() REPRESENTATION_CONTEXT('2D SPACE',''
  ) );
#2189 = PCURVE('',#650,#2190);
#2190 = DEFINITIONAL_REPRESENTATION('',(#2191),#2195);
#2191 = LINE('',#2192,#2193);
#2192 = CARTESIAN_POINT('',(1.570796326795,0.));
#2193 = VECTOR('',#2194,1.);
#2194 = DIRECTION('',(0.,1.));
#2195 = ( GEOMETRIC_REPRESENTATION_CONTEXT(2) 
PARAMETRIC_REPRESENTATION_CONTEXT() REPRESENTATION_CONTEXT('2D SPACE',''
  ) );
#2196 = ORIENTED_EDGE('',*,*,#2197,.T.);
#2197 = EDGE_CURVE('',#2175,#2198,#2200,.T.);
#2198 = VERTEX_POINT('',#2199);
#2199 = CARTESIAN_POINT('',(2.,40.134813257969,33.5));
#2200 = SURFACE_CURVE('',#2201,(#2205,#2212),.PCURVE_S1.);
#2201 = LINE('',#2202,#2203);
#2202 = CARTESIAN_POINT('',(2.,64.,33.5));
#2203 = VECTOR('',#2204,1.);
#2204 = DIRECTION('',(0.,-1.,0.));
#2205 = PCURVE('',#621,#2206);
#2206 = DEFINITIONAL_REPRESENTATION('',(#2207),#2211);
#2207 = LINE('',#2208,#2209);
#2208 = CARTESIAN_POINT('',(17.098319825763,-27.35823991696));
#2209 = VECTOR('',#2210,1.);
#2210 = DIRECTION('',(0.,1.));
#2211 = ( GEOMETRIC_REPRESENTATION_CONTEXT(2) 
PARAMETRIC_REPRESENTATION_CONTEXT() REPRESENTATION_CONTEXT('2D SPACE',''
  ) );
#2212 = PCURVE('',#2213,#2218);
#2213 = CYLINDRICAL_SURFACE('',#2214,0.5);
#2214 = AXIS2_PLACEMENT_3D('',#2215,#2216,#2217);
#2215 = CARTESIAN_POINT('',(2.5,64.,33.5));
#2216 = DIRECTION('',(0.,-1.,0.));
#2217 = DIRECTION('',(-1.,-0.,0.));
#2218 = DEFINITIONAL_REPRESENTATION('',(#2219),#2223);
#2219 = LINE('',#2220,#2221);
#2220 = CARTESIAN_POINT('',(-0.,0.));
#2221 = VECTOR('',#2222,1.);
#2222 = DIRECTION('',(-0.,1.));
#2223 = ( GEOMETRIC_REPRESENTATION_CONTEXT(2) 
PARAMETRIC_REPRESENTATION_CONTEXT() REPRESENTATION_CONTEXT('2D SPACE',''
  ) );
#2224 = ORIENTED_EDGE('',*,*,#2225,.F.);
#2225 = EDGE_CURVE('',#2120,#2198,#2226,.T.);
#2226 = SURFACE_CURVE('',#2227,(#2231,#2237),.PCURVE_S1.);
#2227 = LINE('',#2228,#2229);
#2228 = CARTESIAN_POINT('',(2.,37.719885491213,32.925017198391));
#2229 = VECTOR('',#2230,1.);
#2230 = DIRECTION('',(-0.,0.972806214685,0.231620527306));
#2231 = PCURVE('',#621,#2232);
#2232 = DEFINITIONAL_REPRESENTATION('',(#2233),#2236);
#2233 = B_SPLINE_CURVE_WITH_KNOTS('',1,(#2234,#2235),.UNSPECIFIED.,.F.,
  .F.,(2,2),(-32.60658187866,2.482434559217),.PIECEWISE_BEZIER_KNOTS.);
#2234 = CARTESIAN_POINT('',(8.970983335771,30.641760083033));
#2235 = CARTESIAN_POINT('',(17.098319825763,-3.493053174936));
#2236 = ( GEOMETRIC_REPRESENTATION_CONTEXT(2) 
PARAMETRIC_REPRESENTATION_CONTEXT() REPRESENTATION_CONTEXT('2D SPACE',''
  ) );
#2237 = PCURVE('',#2083,#2238);
#2238 = DEFINITIONAL_REPRESENTATION('',(#2239),#2242);
#2239 = B_SPLINE_CURVE_WITH_KNOTS('',1,(#2240,#2241),.UNSPECIFIED.,.F.,
  .F.,(2,2),(-32.60658187866,2.482434559217),.PIECEWISE_BEZIER_KNOTS.);
#2240 = CARTESIAN_POINT('',(37.482533010344,-2.));
#2241 = CARTESIAN_POINT('',(2.393516572461,-2.));
#2242 = ( GEOMETRIC_REPRESENTATION_CONTEXT(2) 
PARAMETRIC_REPRESENTATION_CONTEXT() REPRESENTATION_CONTEXT('2D SPACE',''
  ) );
#2243 = ORIENTED_EDGE('',*,*,#2119,.T.);
#2244 = ORIENTED_EDGE('',*,*,#605,.T.);
#2245 = ADVANCED_FACE('',(#2246),#650,.F.);
#2246 = FACE_BOUND('',#2247,.F.);
#2247 = EDGE_LOOP('',(#2248,#2271,#2272,#2273));
#2248 = ORIENTED_EDGE('',*,*,#2249,.F.);
#2249 = EDGE_CURVE('',#634,#2250,#2252,.T.);
#2250 = VERTEX_POINT('',#2251);
#2251 = CARTESIAN_POINT('',(6.,68.,33.5));
#2252 = SURFACE_CURVE('',#2253,(#2257,#2264),.PCURVE_S1.);
#2253 = LINE('',#2254,#2255);
#2254 = CARTESIAN_POINT('',(6.,68.,0.));
#2255 = VECTOR('',#2256,1.);
#2256 = DIRECTION('',(0.,0.,1.));
#2257 = PCURVE('',#650,#2258);
#2258 = DEFINITIONAL_REPRESENTATION('',(#2259),#2263);
#2259 = LINE('',#2260,#2261);
#2260 = CARTESIAN_POINT('',(0.,0.));
#2261 = VECTOR('',#2262,1.);
#2262 = DIRECTION('',(0.,1.));
#2263 = ( GEOMETRIC_REPRESENTATION_CONTEXT(2) 
PARAMETRIC_REPRESENTATION_CONTEXT() REPRESENTATION_CONTEXT('2D SPACE',''
  ) );
#2264 = PCURVE('',#678,#2265);
#2265 = DEFINITIONAL_REPRESENTATION('',(#2266),#2270);
#2266 = LINE('',#2267,#2268);
#2267 = CARTESIAN_POINT('',(0.,-6.));
#2268 = VECTOR('',#2269,1.);
#2269 = DIRECTION('',(1.,0.));
#2270 = ( GEOMETRIC_REPRESENTATION_CONTEXT(2) 
PARAMETRIC_REPRESENTATION_CONTEXT() REPRESENTATION_CONTEXT('2D SPACE',''
  ) );
#2271 = ORIENTED_EDGE('',*,*,#633,.T.);
#2272 = ORIENTED_EDGE('',*,*,#2174,.T.);
#2273 = ORIENTED_EDGE('',*,*,#2274,.F.);
#2274 = EDGE_CURVE('',#2250,#2175,#2275,.T.);
#2275 = SURFACE_CURVE('',#2276,(#2281,#2288),.PCURVE_S1.);
#2276 = CIRCLE('',#2277,4.);
#2277 = AXIS2_PLACEMENT_3D('',#2278,#2279,#2280);
#2278 = CARTESIAN_POINT('',(6.,64.,33.5));
#2279 = DIRECTION('',(0.,-0.,1.));
#2280 = DIRECTION('',(0.,1.,0.));
#2281 = PCURVE('',#650,#2282);
#2282 = DEFINITIONAL_REPRESENTATION('',(#2283),#2287);
#2283 = LINE('',#2284,#2285);
#2284 = CARTESIAN_POINT('',(0.,33.5));
#2285 = VECTOR('',#2286,1.);
#2286 = DIRECTION('',(1.,0.));
#2287 = ( GEOMETRIC_REPRESENTATION_CONTEXT(2) 
PARAMETRIC_REPRESENTATION_CONTEXT() REPRESENTATION_CONTEXT('2D SPACE',''
  ) );
#2288 = PCURVE('',#2289,#2294);
#2289 = TOROIDAL_SURFACE('',#2290,3.5,0.5);
#2290 = AXIS2_PLACEMENT_3D('',#2291,#2292,#2293);
#2291 = CARTESIAN_POINT('',(6.,64.,33.5));
#2292 = DIRECTION('',(-0.,-0.,1.));
#2293 = DIRECTION('',(0.,1.,0.));
#2294 = DEFINITIONAL_REPRESENTATION('',(#2295),#2299);
#2295 = LINE('',#2296,#2297);
#2296 = CARTESIAN_POINT('',(0.,0.));
#2297 = VECTOR('',#2298,1.);
#2298 = DIRECTION('',(1.,0.));
#2299 = ( GEOMETRIC_REPRESENTATION_CONTEXT(2) 
PARAMETRIC_REPRESENTATION_CONTEXT() REPRESENTATION_CONTEXT('2D SPACE',''
  ) );
#2300 = ADVANCED_FACE('',(#2301),#678,.T.);
#2301 = FACE_BOUND('',#2302,.T.);
#2302 = EDGE_LOOP('',(#2303,#2331,#2332,#2333));
#2303 = ORIENTED_EDGE('',*,*,#2304,.T.);
#2304 = EDGE_CURVE('',#2305,#2250,#2307,.T.);
#2305 = VERTEX_POINT('',#2306);
#2306 = CARTESIAN_POINT('',(114.,68.,33.5));
#2307 = SURFACE_CURVE('',#2308,(#2312,#2319),.PCURVE_S1.);
#2308 = LINE('',#2309,#2310);
#2309 = CARTESIAN_POINT('',(114.,68.,33.5));
#2310 = VECTOR('',#2311,1.);
#2311 = DIRECTION('',(-1.,-0.,-0.));
#2312 = PCURVE('',#678,#2313);
#2313 = DEFINITIONAL_REPRESENTATION('',(#2314),#2318);
#2314 = LINE('',#2315,#2316);
#2315 = CARTESIAN_POINT('',(33.5,-114.));
#2316 = VECTOR('',#2317,1.);
#2317 = DIRECTION('',(-0.,1.));
#2318 = ( GEOMETRIC_REPRESENTATION_CONTEXT(2) 
PARAMETRIC_REPRESENTATION_CONTEXT() REPRESENTATION_CONTEXT('2D SPACE',''
  ) );
#2319 = PCURVE('',#2320,#2325);
#2320 = CYLINDRICAL_SURFACE('',#2321,0.5);
#2321 = AXIS2_PLACEMENT_3D('',#2322,#2323,#2324);
#2322 = CARTESIAN_POINT('',(114.,67.5,33.5));
#2323 = DIRECTION('',(-1.,-0.,-0.));
#2324 = DIRECTION('',(0.,1.,-0.));
#2325 = DEFINITIONAL_REPRESENTATION('',(#2326),#2330);
#2326 = LINE('',#2327,#2328);
#2327 = CARTESIAN_POINT('',(-0.,0.));
#2328 = VECTOR('',#2329,1.);
#2329 = DIRECTION('',(-0.,1.));
#2330 = ( GEOMETRIC_REPRESENTATION_CONTEXT(2) 
PARAMETRIC_REPRESENTATION_CONTEXT() REPRESENTATION_CONTEXT('2D SPACE',''
  ) );
#2331 = ORIENTED_EDGE('',*,*,#2249,.F.);
#2332 = ORIENTED_EDGE('',*,*,#662,.T.);
#2333 = ORIENTED_EDGE('',*,*,#2334,.T.);
#2334 = EDGE_CURVE('',#663,#2305,#2335,.T.);
#2335 = SURFACE_CURVE('',#2336,(#2340,#2347),.PCURVE_S1.);
#2336 = LINE('',#2337,#2338);
#2337 = CARTESIAN_POINT('',(114.,68.,0.));
#2338 = VECTOR('',#2339,1.);
#2339 = DIRECTION('',(0.,0.,1.));
#2340 = PCURVE('',#678,#2341);
#2341 = DEFINITIONAL_REPRESENTATION('',(#2342),#2346);
#2342 = LINE('',#2343,#2344);
#2343 = CARTESIAN_POINT('',(0.,-114.));
#2344 = VECTOR('',#2345,1.);
#2345 = DIRECTION('',(1.,0.));
#2346 = ( GEOMETRIC_REPRESENTATION_CONTEXT(2) 
PARAMETRIC_REPRESENTATION_CONTEXT() REPRESENTATION_CONTEXT('2D SPACE',''
  ) );
#2347 = PCURVE('',#711,#2348);
#2348 = DEFINITIONAL_REPRESENTATION('',(#2349),#2353);
#2349 = LINE('',#2350,#2351);
#2350 = CARTESIAN_POINT('',(-0.,0.));
#2351 = VECTOR('',#2352,1.);
#2352 = DIRECTION('',(-0.,1.));
#2353 = ( GEOMETRIC_REPRESENTATION_CONTEXT(2) 
PARAMETRIC_REPRESENTATION_CONTEXT() REPRESENTATION_CONTEXT('2D SPACE',''
  ) );
#2354 = ADVANCED_FACE('',(#2355),#711,.F.);
#2355 = FACE_BOUND('',#2356,.T.);
#2356 = EDGE_LOOP('',(#2357,#2358,#2359,#2382));
#2357 = ORIENTED_EDGE('',*,*,#2334,.F.);
#2358 = ORIENTED_EDGE('',*,*,#690,.T.);
#2359 = ORIENTED_EDGE('',*,*,#2360,.T.);
#2360 = EDGE_CURVE('',#691,#2361,#2363,.T.);
#2361 = VERTEX_POINT('',#2362);
#2362 = CARTESIAN_POINT('',(118.,64.,33.5));
#2363 = SURFACE_CURVE('',#2364,(#2368,#2375),.PCURVE_S1.);
#2364 = LINE('',#2365,#2366);
#2365 = CARTESIAN_POINT('',(118.,64.,0.));
#2366 = VECTOR('',#2367,1.);
#2367 = DIRECTION('',(0.,0.,1.));
#2368 = PCURVE('',#711,#2369);
#2369 = DEFINITIONAL_REPRESENTATION('',(#2370),#2374);
#2370 = LINE('',#2371,#2372);
#2371 = CARTESIAN_POINT('',(-1.570796326795,0.));
#2372 = VECTOR('',#2373,1.);
#2373 = DIRECTION('',(-0.,1.));
#2374 = ( GEOMETRIC_REPRESENTATION_CONTEXT(2) 
PARAMETRIC_REPRESENTATION_CONTEXT() REPRESENTATION_CONTEXT('2D SPACE',''
  ) );
#2375 = PCURVE('',#739,#2376);
#2376 = DEFINITIONAL_REPRESENTATION('',(#2377),#2381);
#2377 = LINE('',#2378,#2379);
#2378 = CARTESIAN_POINT('',(-16.40168017423,-27.35823991696));
#2379 = VECTOR('',#2380,1.);
#2380 = DIRECTION('',(1.,0.));
#2381 = ( GEOMETRIC_REPRESENTATION_CONTEXT(2) 
PARAMETRIC_REPRESENTATION_CONTEXT() REPRESENTATION_CONTEXT('2D SPACE',''
  ) );
#2382 = ORIENTED_EDGE('',*,*,#2383,.T.);
#2383 = EDGE_CURVE('',#2361,#2305,#2384,.T.);
#2384 = SURFACE_CURVE('',#2385,(#2390,#2397),.PCURVE_S1.);
#2385 = CIRCLE('',#2386,4.);
#2386 = AXIS2_PLACEMENT_3D('',#2387,#2388,#2389);
#2387 = CARTESIAN_POINT('',(114.,64.,33.5));
#2388 = DIRECTION('',(0.,0.,1.));
#2389 = DIRECTION('',(1.,0.,0.));
#2390 = PCURVE('',#711,#2391);
#2391 = DEFINITIONAL_REPRESENTATION('',(#2392),#2396);
#2392 = LINE('',#2393,#2394);
#2393 = CARTESIAN_POINT('',(-1.570796326795,33.5));
#2394 = VECTOR('',#2395,1.);
#2395 = DIRECTION('',(1.,-0.));
#2396 = ( GEOMETRIC_REPRESENTATION_CONTEXT(2) 
PARAMETRIC_REPRESENTATION_CONTEXT() REPRESENTATION_CONTEXT('2D SPACE',''
  ) );
#2397 = PCURVE('',#2398,#2403);
#2398 = TOROIDAL_SURFACE('',#2399,3.5,0.5);
#2399 = AXIS2_PLACEMENT_3D('',#2400,#2401,#2402);
#2400 = CARTESIAN_POINT('',(114.,64.,33.5));
#2401 = DIRECTION('',(-0.,-0.,1.));
#2402 = DIRECTION('',(1.,0.,0.));
#2403 = DEFINITIONAL_REPRESENTATION('',(#2404),#2408);
#2404 = LINE('',#2405,#2406);
#2405 = CARTESIAN_POINT('',(0.,0.));
#2406 = VECTOR('',#2407,1.);
#2407 = DIRECTION('',(1.,0.));
#2408 = ( GEOMETRIC_REPRESENTATION_CONTEXT(2) 
PARAMETRIC_REPRESENTATION_CONTEXT() REPRESENTATION_CONTEXT('2D SPACE',''
  ) );
#2409 = ADVANCED_FACE('',(#2410),#739,.F.);
#2410 = FACE_BOUND('',#2411,.F.);
#2411 = EDGE_LOOP('',(#2412,#2413,#2441,#2462,#2483));
#2412 = ORIENTED_EDGE('',*,*,#2360,.T.);
#2413 = ORIENTED_EDGE('',*,*,#2414,.F.);
#2414 = EDGE_CURVE('',#2415,#2361,#2417,.T.);
#2415 = VERTEX_POINT('',#2416);
#2416 = CARTESIAN_POINT('',(118.,40.134813257969,33.5));
#2417 = SURFACE_CURVE('',#2418,(#2422,#2429),.PCURVE_S1.);
#2418 = LINE('',#2419,#2420);
#2419 = CARTESIAN_POINT('',(118.,42.,33.5));
#2420 = VECTOR('',#2421,1.);
#2421 = DIRECTION('',(-0.,1.,-0.));
#2422 = PCURVE('',#739,#2423);
#2423 = DEFINITIONAL_REPRESENTATION('',(#2424),#2428);
#2424 = LINE('',#2425,#2426);
#2425 = CARTESIAN_POINT('',(17.098319825763,-5.358239916967));
#2426 = VECTOR('',#2427,1.);
#2427 = DIRECTION('',(0.,-1.));
#2428 = ( GEOMETRIC_REPRESENTATION_CONTEXT(2) 
PARAMETRIC_REPRESENTATION_CONTEXT() REPRESENTATION_CONTEXT('2D SPACE',''
  ) );
#2429 = PCURVE('',#2430,#2435);
#2430 = CYLINDRICAL_SURFACE('',#2431,0.5);
#2431 = AXIS2_PLACEMENT_3D('',#2432,#2433,#2434);
#2432 = CARTESIAN_POINT('',(117.5,42.,33.5));
#2433 = DIRECTION('',(-0.,1.,-0.));
#2434 = DIRECTION('',(1.,0.,0.));
#2435 = DEFINITIONAL_REPRESENTATION('',(#2436),#2440);
#2436 = LINE('',#2437,#2438);
#2437 = CARTESIAN_POINT('',(-0.,0.));
#2438 = VECTOR('',#2439,1.);
#2439 = DIRECTION('',(-0.,1.));
#2440 = ( GEOMETRIC_REPRESENTATION_CONTEXT(2) 
PARAMETRIC_REPRESENTATION_CONTEXT() REPRESENTATION_CONTEXT('2D SPACE',''
  ) );
#2441 = ORIENTED_EDGE('',*,*,#2442,.F.);
#2442 = EDGE_CURVE('',#2443,#2415,#2445,.T.);
#2443 = VERTEX_POINT('',#2444);
#2444 = CARTESIAN_POINT('',(118.,6.,25.372663510007));
#2445 = SURFACE_CURVE('',#2446,(#2450,#2456),.PCURVE_S1.);
#2446 = LINE('',#2447,#2448);
#2447 = CARTESIAN_POINT('',(118.,37.719885491213,32.925017198391));
#2448 = VECTOR('',#2449,1.);
#2449 = DIRECTION('',(-0.,0.972806214685,0.231620527306));
#2450 = PCURVE('',#739,#2451);
#2451 = DEFINITIONAL_REPRESENTATION('',(#2452),#2455);
#2452 = B_SPLINE_CURVE_WITH_KNOTS('',1,(#2453,#2454),.UNSPECIFIED.,.F.,
  .F.,(2,2),(-32.60658187866,2.482434559217),.PIECEWISE_BEZIER_KNOTS.);
#2453 = CARTESIAN_POINT('',(8.970983335771,30.641760083033));
#2454 = CARTESIAN_POINT('',(17.098319825763,-3.493053174936));
#2455 = ( GEOMETRIC_REPRESENTATION_CONTEXT(2) 
PARAMETRIC_REPRESENTATION_CONTEXT() REPRESENTATION_CONTEXT('2D SPACE',''
  ) );
#2456 = PCURVE('',#2083,#2457);
#2457 = DEFINITIONAL_REPRESENTATION('',(#2458),#2461);
#2458 = B_SPLINE_CURVE_WITH_KNOTS('',1,(#2459,#2460),.UNSPECIFIED.,.F.,
  .F.,(2,2),(-32.60658187866,2.482434559217),.PIECEWISE_BEZIER_KNOTS.);
#2459 = CARTESIAN_POINT('',(37.482533010344,-118.));
#2460 = CARTESIAN_POINT('',(2.393516572461,-118.));
#2461 = ( GEOMETRIC_REPRESENTATION_CONTEXT(2) 
PARAMETRIC_REPRESENTATION_CONTEXT() REPRESENTATION_CONTEXT('2D SPACE',''
  ) );
#2462 = ORIENTED_EDGE('',*,*,#2463,.T.);
#2463 = EDGE_CURVE('',#2443,#724,#2464,.T.);
#2464 = SURFACE_CURVE('',#2465,(#2469,#2476),.PCURVE_S1.);
#2465 = LINE('',#2466,#2467);
#2466 = CARTESIAN_POINT('',(118.,6.,26.));
#2467 = VECTOR('',#2468,1.);
#2468 = DIRECTION('',(0.,0.,-1.));
#2469 = PCURVE('',#739,#2470);
#2470 = DEFINITIONAL_REPRESENTATION('',(#2471),#2475);
#2471 = LINE('',#2472,#2473);
#2472 = CARTESIAN_POINT('',(9.598319825763,30.641760083033));
#2473 = VECTOR('',#2474,1.);
#2474 = DIRECTION('',(-1.,0.));
#2475 = ( GEOMETRIC_REPRESENTATION_CONTEXT(2) 
PARAMETRIC_REPRESENTATION_CONTEXT() REPRESENTATION_CONTEXT('2D SPACE',''
  ) );
#2476 = PCURVE('',#766,#2477);
#2477 = DEFINITIONAL_REPRESENTATION('',(#2478),#2482);
#2478 = LINE('',#2479,#2480);
#2479 = CARTESIAN_POINT('',(-1.570796326795,0.));
#2480 = VECTOR('',#2481,1.);
#2481 = DIRECTION('',(-0.,1.));
#2482 = ( GEOMETRIC_REPRESENTATION_CONTEXT(2) 
PARAMETRIC_REPRESENTATION_CONTEXT() REPRESENTATION_CONTEXT('2D SPACE',''
  ) );
#2483 = ORIENTED_EDGE('',*,*,#723,.T.);
#2484 = ADVANCED_FACE('',(#2485),#766,.F.);
#2485 = FACE_BOUND('',#2486,.T.);
#2486 = EDGE_LOOP('',(#2487,#2488,#2489,#2490));
#2487 = ORIENTED_EDGE('',*,*,#2463,.T.);
#2488 = ORIENTED_EDGE('',*,*,#751,.F.);
#2489 = ORIENTED_EDGE('',*,*,#2094,.F.);
#2490 = ORIENTED_EDGE('',*,*,#2491,.F.);
#2491 = EDGE_CURVE('',#2443,#2069,#2492,.T.);
#2492 = SURFACE_CURVE('',#2493,(#2498,#2510),.PCURVE_S1.);
#2493 = ELLIPSE('',#2494,4.111815837128,4.);
#2494 = AXIS2_PLACEMENT_3D('',#2495,#2496,#2497);
#2495 = CARTESIAN_POINT('',(114.,6.,25.372663510007));
#2496 = DIRECTION('',(0.,0.231620527306,-0.972806214685));
#2497 = DIRECTION('',(0.,-0.972806214685,-0.231620527306));
#2498 = PCURVE('',#766,#2499);
#2499 = DEFINITIONAL_REPRESENTATION('',(#2500),#2509);
#2500 = B_SPLINE_CURVE_WITH_KNOTS('',7,(#2501,#2502,#2503,#2504,#2505,
    #2506,#2507,#2508),.UNSPECIFIED.,.F.,.F.,(8,8),(4.712388980385,
    6.28318530718),.PIECEWISE_BEZIER_KNOTS.);
#2501 = CARTESIAN_POINT('',(-1.570796326795,0.627336489993));
#2502 = CARTESIAN_POINT('',(-1.346396851538,0.841050275951));
#2503 = CARTESIAN_POINT('',(-1.121997376282,1.054763194106));
#2504 = CARTESIAN_POINT('',(-0.897597901026,1.250904895491));
#2505 = CARTESIAN_POINT('',(-0.67319842577,1.411872208683));
#2506 = CARTESIAN_POINT('',(-0.448798950513,1.523766325602));
#2507 = CARTESIAN_POINT('',(-0.224399475256,1.579717442374));
#2508 = CARTESIAN_POINT('',(0.,1.579717442374));
#2509 = ( GEOMETRIC_REPRESENTATION_CONTEXT(2) 
PARAMETRIC_REPRESENTATION_CONTEXT() REPRESENTATION_CONTEXT('2D SPACE',''
  ) );
#2510 = PCURVE('',#2083,#2511);
#2511 = DEFINITIONAL_REPRESENTATION('',(#2512),#2516);
#2512 = ELLIPSE('',#2513,4.111815837128,4.);
#2513 = AXIS2_PLACEMENT_2D('',#2514,#2515);
#2514 = CARTESIAN_POINT('',(37.482533010344,-114.));
#2515 = DIRECTION('',(1.,0.));
#2516 = ( GEOMETRIC_REPRESENTATION_CONTEXT(2) 
PARAMETRIC_REPRESENTATION_CONTEXT() REPRESENTATION_CONTEXT('2D SPACE',''
  ) );
#2517 = ADVANCED_FACE('',(#2518),#823,.T.);
#2518 = FACE_BOUND('',#2519,.F.);
#2519 = EDGE_LOOP('',(#2520,#2521,#2522,#2542,#2543));
#2520 = ORIENTED_EDGE('',*,*,#1748,.F.);
#2521 = ORIENTED_EDGE('',*,*,#1780,.T.);
#2522 = ORIENTED_EDGE('',*,*,#2523,.F.);
#2523 = EDGE_CURVE('',#1968,#1781,#2524,.T.);
#2524 = SURFACE_CURVE('',#2525,(#2530,#2536),.PCURVE_S1.);
#2525 = CIRCLE('',#2526,2.5);
#2526 = AXIS2_PLACEMENT_3D('',#2527,#2528,#2529);
#2527 = CARTESIAN_POINT('',(117.5,64.,33.5));
#2528 = DIRECTION('',(0.,-1.,0.));
#2529 = DIRECTION('',(1.,0.,0.));
#2530 = PCURVE('',#823,#2531);
#2531 = DEFINITIONAL_REPRESENTATION('',(#2532),#2535);
#2532 = B_SPLINE_CURVE_WITH_KNOTS('',1,(#2533,#2534),.UNSPECIFIED.,.F.,
  .F.,(2,2),(0.,1.570796326795),.PIECEWISE_BEZIER_KNOTS.);
#2533 = CARTESIAN_POINT('',(0.,22.));
#2534 = CARTESIAN_POINT('',(-1.570796326795,22.));
#2535 = ( GEOMETRIC_REPRESENTATION_CONTEXT(2) 
PARAMETRIC_REPRESENTATION_CONTEXT() REPRESENTATION_CONTEXT('2D SPACE',''
  ) );
#2536 = PCURVE('',#1898,#2537);
#2537 = DEFINITIONAL_REPRESENTATION('',(#2538),#2541);
#2538 = B_SPLINE_CURVE_WITH_KNOTS('',1,(#2539,#2540),.UNSPECIFIED.,.F.,
  .F.,(2,2),(0.,1.570796326795),.PIECEWISE_BEZIER_KNOTS.);
#2539 = CARTESIAN_POINT('',(0.,0.));
#2540 = CARTESIAN_POINT('',(0.,1.570796326795));
#2541 = ( GEOMETRIC_REPRESENTATION_CONTEXT(2) 
PARAMETRIC_REPRESENTATION_CONTEXT() REPRESENTATION_CONTEXT('2D SPACE',''
  ) );
#2542 = ORIENTED_EDGE('',*,*,#1990,.F.);
#2543 = ORIENTED_EDGE('',*,*,#806,.F.);
#2544 = ADVANCED_FACE('',(#2545),#964,.F.);
#2545 = FACE_BOUND('',#2546,.F.);
#2546 = EDGE_LOOP('',(#2547,#2548,#2571,#2597));
#2547 = ORIENTED_EDGE('',*,*,#943,.F.);
#2548 = ORIENTED_EDGE('',*,*,#2549,.T.);
#2549 = EDGE_CURVE('',#944,#2550,#2552,.T.);
#2550 = VERTEX_POINT('',#2551);
#2551 = CARTESIAN_POINT('',(108.,12.136915630836,26.833833898302));
#2552 = SEAM_CURVE('',#2553,(#2557,#2564),.PCURVE_S1.);
#2553 = LINE('',#2554,#2555);
#2554 = CARTESIAN_POINT('',(108.,11.673674576224,28.779446327672));
#2555 = VECTOR('',#2556,1.);
#2556 = DIRECTION('',(-0.,0.231620527306,-0.972806214685));
#2557 = PCURVE('',#964,#2558);
#2558 = DEFINITIONAL_REPRESENTATION('',(#2559),#2563);
#2559 = LINE('',#2560,#2561);
#2560 = CARTESIAN_POINT('',(6.28318530718,0.));
#2561 = VECTOR('',#2562,1.);
#2562 = DIRECTION('',(0.,-1.));
#2563 = ( GEOMETRIC_REPRESENTATION_CONTEXT(2) 
PARAMETRIC_REPRESENTATION_CONTEXT() REPRESENTATION_CONTEXT('2D SPACE',''
  ) );
#2564 = PCURVE('',#964,#2565);
#2565 = DEFINITIONAL_REPRESENTATION('',(#2566),#2570);
#2566 = LINE('',#2567,#2568);
#2567 = CARTESIAN_POINT('',(0.,0.));
#2568 = VECTOR('',#2569,1.);
#2569 = DIRECTION('',(0.,-1.));
#2570 = ( GEOMETRIC_REPRESENTATION_CONTEXT(2) 
PARAMETRIC_REPRESENTATION_CONTEXT() REPRESENTATION_CONTEXT('2D SPACE',''
  ) );
#2571 = ORIENTED_EDGE('',*,*,#2572,.T.);
#2572 = EDGE_CURVE('',#2550,#2550,#2573,.T.);
#2573 = SURFACE_CURVE('',#2574,(#2579,#2586),.PCURVE_S1.);
#2574 = CIRCLE('',#2575,4.);
#2575 = AXIS2_PLACEMENT_3D('',#2576,#2577,#2578);
#2576 = CARTESIAN_POINT('',(104.,12.136915630836,26.833833898302));
#2577 = DIRECTION('',(0.,-0.231620527306,0.972806214685));
#2578 = DIRECTION('',(1.,0.,0.));
#2579 = PCURVE('',#964,#2580);
#2580 = DEFINITIONAL_REPRESENTATION('',(#2581),#2585);
#2581 = LINE('',#2582,#2583);
#2582 = CARTESIAN_POINT('',(0.,-2.));
#2583 = VECTOR('',#2584,1.);
#2584 = DIRECTION('',(1.,0.));
#2585 = ( GEOMETRIC_REPRESENTATION_CONTEXT(2) 
PARAMETRIC_REPRESENTATION_CONTEXT() REPRESENTATION_CONTEXT('2D SPACE',''
  ) );
#2586 = PCURVE('',#2083,#2587);
#2587 = DEFINITIONAL_REPRESENTATION('',(#2588),#2596);
#2588 = ( BOUNDED_CURVE() B_SPLINE_CURVE(2,(#2589,#2590,#2591,#2592,
#2593,#2594,#2595),.UNSPECIFIED.,.T.,.F.) B_SPLINE_CURVE_WITH_KNOTS((1,2
    ,2,2,2,1),(-2.094395102393,0.,2.094395102393,4.188790204786,
6.28318530718,8.377580409573),.UNSPECIFIED.) CURVE() 
GEOMETRIC_REPRESENTATION_ITEM() RATIONAL_B_SPLINE_CURVE((1.,0.5,1.,0.5,
1.,0.5,1.)) REPRESENTATION_ITEM('') );
#2589 = CARTESIAN_POINT('',(31.174066289846,-108.));
#2590 = CARTESIAN_POINT('',(24.24586305957,-108.));
#2591 = CARTESIAN_POINT('',(27.709964674708,-102.));
#2592 = CARTESIAN_POINT('',(31.174066289846,-96.));
#2593 = CARTESIAN_POINT('',(34.638167904984,-102.));
#2594 = CARTESIAN_POINT('',(38.102269520121,-108.));
#2595 = CARTESIAN_POINT('',(31.174066289846,-108.));
#2596 = ( GEOMETRIC_REPRESENTATION_CONTEXT(2) 
PARAMETRIC_REPRESENTATION_CONTEXT() REPRESENTATION_CONTEXT('2D SPACE',''
  ) );
#2597 = ORIENTED_EDGE('',*,*,#2549,.F.);
#2598 = ADVANCED_FACE('',(#2599),#994,.T.);
#2599 = FACE_BOUND('',#2600,.T.);
#2600 = EDGE_LOOP('',(#2601,#2624,#2625,#2648));
#2601 = ORIENTED_EDGE('',*,*,#2602,.F.);
#2602 = EDGE_CURVE('',#978,#2603,#2605,.T.);
#2603 = VERTEX_POINT('',#2604);
#2604 = CARTESIAN_POINT('',(35.,40.834698964055,33.66663945383));
#2605 = SURFACE_CURVE('',#2606,(#2610,#2617),.PCURVE_S1.);
#2606 = LINE('',#2607,#2608);
#2607 = CARTESIAN_POINT('',(35.,38.981734745606,41.449089171313));
#2608 = VECTOR('',#2609,1.);
#2609 = DIRECTION('',(0.,0.231620527306,-0.972806214685));
#2610 = PCURVE('',#994,#2611);
#2611 = DEFINITIONAL_REPRESENTATION('',(#2612),#2616);
#2612 = LINE('',#2613,#2614);
#2613 = CARTESIAN_POINT('',(-8.881784197001E-16,-6.));
#2614 = VECTOR('',#2615,1.);
#2615 = DIRECTION('',(1.387778780781E-16,1.));
#2616 = ( GEOMETRIC_REPRESENTATION_CONTEXT(2) 
PARAMETRIC_REPRESENTATION_CONTEXT() REPRESENTATION_CONTEXT('2D SPACE',''
  ) );
#2617 = PCURVE('',#1070,#2618);
#2618 = DEFINITIONAL_REPRESENTATION('',(#2619),#2623);
#2619 = LINE('',#2620,#2621);
#2620 = CARTESIAN_POINT('',(50.,-6.));
#2621 = VECTOR('',#2622,1.);
#2622 = DIRECTION('',(0.,1.));
#2623 = ( GEOMETRIC_REPRESENTATION_CONTEXT(2) 
PARAMETRIC_REPRESENTATION_CONTEXT() REPRESENTATION_CONTEXT('2D SPACE',''
  ) );
#2624 = ORIENTED_EDGE('',*,*,#977,.T.);
#2625 = ORIENTED_EDGE('',*,*,#2626,.T.);
#2626 = EDGE_CURVE('',#980,#2627,#2629,.T.);
#2627 = VERTEX_POINT('',#2628);
#2628 = CARTESIAN_POINT('',(35.,3.868062806011,24.8650594162));
#2629 = SURFACE_CURVE('',#2630,(#2634,#2641),.PCURVE_S1.);
#2630 = LINE('',#2631,#2632);
#2631 = CARTESIAN_POINT('',(35.,2.015098587563,32.647509133683));
#2632 = VECTOR('',#2633,1.);
#2633 = DIRECTION('',(0.,0.231620527306,-0.972806214685));
#2634 = PCURVE('',#994,#2635);
#2635 = DEFINITIONAL_REPRESENTATION('',(#2636),#2640);
#2636 = LINE('',#2637,#2638);
#2637 = CARTESIAN_POINT('',(38.,-6.));
#2638 = VECTOR('',#2639,1.);
#2639 = DIRECTION('',(-1.110223024625E-16,1.));
#2640 = ( GEOMETRIC_REPRESENTATION_CONTEXT(2) 
PARAMETRIC_REPRESENTATION_CONTEXT() REPRESENTATION_CONTEXT('2D SPACE',''
  ) );
#2641 = PCURVE('',#1020,#2642);
#2642 = DEFINITIONAL_REPRESENTATION('',(#2643),#2647);
#2643 = LINE('',#2644,#2645);
#2644 = CARTESIAN_POINT('',(0.,-6.));
#2645 = VECTOR('',#2646,1.);
#2646 = DIRECTION('',(0.,1.));
#2647 = ( GEOMETRIC_REPRESENTATION_CONTEXT(2) 
PARAMETRIC_REPRESENTATION_CONTEXT() REPRESENTATION_CONTEXT('2D SPACE',''
  ) );
#2648 = ORIENTED_EDGE('',*,*,#2649,.F.);
#2649 = EDGE_CURVE('',#2603,#2627,#2650,.T.);
#2650 = SURFACE_CURVE('',#2651,(#2655,#2661),.PCURVE_S1.);
#2651 = LINE('',#2652,#2653);
#2652 = CARTESIAN_POINT('',(35.,41.648970009333,33.86051351223));
#2653 = VECTOR('',#2654,1.);
#2654 = DIRECTION('',(0.,-0.972806214685,-0.231620527306));
#2655 = PCURVE('',#994,#2656);
#2656 = DEFINITIONAL_REPRESENTATION('',(#2657),#2660);
#2657 = B_SPLINE_CURVE_WITH_KNOTS('',1,(#2658,#2659),.UNSPECIFIED.,.F.,
  .F.,(2,2),(0.837033144923,38.837033144923),.PIECEWISE_BEZIER_KNOTS.);
#2658 = CARTESIAN_POINT('',(-8.881784197001E-16,2.));
#2659 = CARTESIAN_POINT('',(38.,2.));
#2660 = ( GEOMETRIC_REPRESENTATION_CONTEXT(2) 
PARAMETRIC_REPRESENTATION_CONTEXT() REPRESENTATION_CONTEXT('2D SPACE',''
  ) );
#2661 = PCURVE('',#2083,#2662);
#2662 = DEFINITIONAL_REPRESENTATION('',(#2663),#2666);
#2663 = B_SPLINE_CURVE_WITH_KNOTS('',1,(#2664,#2665),.UNSPECIFIED.,.F.,
  .F.,(2,2),(0.837033144923,38.837033144923),.PIECEWISE_BEZIER_KNOTS.);
#2664 = CARTESIAN_POINT('',(1.674066289846,-35.));
#2665 = CARTESIAN_POINT('',(39.674066289846,-35.));
#2666 = ( GEOMETRIC_REPRESENTATION_CONTEXT(2) 
PARAMETRIC_REPRESENTATION_CONTEXT() REPRESENTATION_CONTEXT('2D SPACE',''
  ) );
#2667 = ADVANCED_FACE('',(#2668),#1070,.T.);
#2668 = FACE_BOUND('',#2669,.T.);
#2669 = EDGE_LOOP('',(#2670,#2693,#2694,#2695));
#2670 = ORIENTED_EDGE('',*,*,#2671,.T.);
#2671 = EDGE_CURVE('',#2672,#1032,#2674,.T.);
#2672 = VERTEX_POINT('',#2673);
#2673 = CARTESIAN_POINT('',(85.,40.834698964055,33.66663945383));
#2674 = SURFACE_CURVE('',#2675,(#2679,#2686),.PCURVE_S1.);
#2675 = LINE('',#2676,#2677);
#2676 = CARTESIAN_POINT('',(85.,41.761181073279,29.775414595088));
#2677 = VECTOR('',#2678,1.);
#2678 = DIRECTION('',(0.,-0.231620527306,0.972806214685));
#2679 = PCURVE('',#1070,#2680);
#2680 = DEFINITIONAL_REPRESENTATION('',(#2681),#2685);
#2681 = LINE('',#2682,#2683);
#2682 = CARTESIAN_POINT('',(0.,6.));
#2683 = VECTOR('',#2684,1.);
#2684 = DIRECTION('',(0.,-1.));
#2685 = ( GEOMETRIC_REPRESENTATION_CONTEXT(2) 
PARAMETRIC_REPRESENTATION_CONTEXT() REPRESENTATION_CONTEXT('2D SPACE',''
  ) );
#2686 = PCURVE('',#1046,#2687);
#2687 = DEFINITIONAL_REPRESENTATION('',(#2688),#2692);
#2688 = LINE('',#2689,#2690);
#2689 = CARTESIAN_POINT('',(38.,6.));
#2690 = VECTOR('',#2691,1.);
#2691 = DIRECTION('',(1.387778780781E-16,-1.));
#2692 = ( GEOMETRIC_REPRESENTATION_CONTEXT(2) 
PARAMETRIC_REPRESENTATION_CONTEXT() REPRESENTATION_CONTEXT('2D SPACE',''
  ) );
#2693 = ORIENTED_EDGE('',*,*,#1057,.T.);
#2694 = ORIENTED_EDGE('',*,*,#2602,.T.);
#2695 = ORIENTED_EDGE('',*,*,#2696,.F.);
#2696 = EDGE_CURVE('',#2672,#2603,#2697,.T.);
#2697 = SURFACE_CURVE('',#2698,(#2702,#2708),.PCURVE_S1.);
#2698 = LINE('',#2699,#2700);
#2699 = CARTESIAN_POINT('',(42.5,40.834698964055,33.66663945383));
#2700 = VECTOR('',#2701,1.);
#2701 = DIRECTION('',(-1.,0.,0.));
#2702 = PCURVE('',#1070,#2703);
#2703 = DEFINITIONAL_REPRESENTATION('',(#2704),#2707);
#2704 = B_SPLINE_CURVE_WITH_KNOTS('',1,(#2705,#2706),.UNSPECIFIED.,.F.,
  .F.,(2,2),(-42.5,7.5),.PIECEWISE_BEZIER_KNOTS.);
#2705 = CARTESIAN_POINT('',(0.,2.));
#2706 = CARTESIAN_POINT('',(50.,2.));
#2707 = ( GEOMETRIC_REPRESENTATION_CONTEXT(2) 
PARAMETRIC_REPRESENTATION_CONTEXT() REPRESENTATION_CONTEXT('2D SPACE',''
  ) );
#2708 = PCURVE('',#2083,#2709);
#2709 = DEFINITIONAL_REPRESENTATION('',(#2710),#2713);
#2710 = B_SPLINE_CURVE_WITH_KNOTS('',1,(#2711,#2712),.UNSPECIFIED.,.F.,
  .F.,(2,2),(-42.5,7.5),.PIECEWISE_BEZIER_KNOTS.);
#2711 = CARTESIAN_POINT('',(1.674066289846,-85.));
#2712 = CARTESIAN_POINT('',(1.674066289846,-35.));
#2713 = ( GEOMETRIC_REPRESENTATION_CONTEXT(2) 
PARAMETRIC_REPRESENTATION_CONTEXT() REPRESENTATION_CONTEXT('2D SPACE',''
  ) );
#2714 = ADVANCED_FACE('',(#2715),#1046,.T.);
#2715 = FACE_BOUND('',#2716,.T.);
#2716 = EDGE_LOOP('',(#2717,#2740,#2741,#2742));
#2717 = ORIENTED_EDGE('',*,*,#2718,.T.);
#2718 = EDGE_CURVE('',#2719,#1006,#2721,.T.);
#2719 = VERTEX_POINT('',#2720);
#2720 = CARTESIAN_POINT('',(85.,3.868062806011,24.8650594162));
#2721 = SURFACE_CURVE('',#2722,(#2726,#2733),.PCURVE_S1.);
#2722 = LINE('',#2723,#2724);
#2723 = CARTESIAN_POINT('',(85.,4.794544915235,20.973834557459));
#2724 = VECTOR('',#2725,1.);
#2725 = DIRECTION('',(0.,-0.231620527306,0.972806214685));
#2726 = PCURVE('',#1046,#2727);
#2727 = DEFINITIONAL_REPRESENTATION('',(#2728),#2732);
#2728 = LINE('',#2729,#2730);
#2729 = CARTESIAN_POINT('',(8.881784197001E-16,6.));
#2730 = VECTOR('',#2731,1.);
#2731 = DIRECTION('',(-1.110223024625E-16,-1.));
#2732 = ( GEOMETRIC_REPRESENTATION_CONTEXT(2) 
PARAMETRIC_REPRESENTATION_CONTEXT() REPRESENTATION_CONTEXT('2D SPACE',''
  ) );
#2733 = PCURVE('',#1020,#2734);
#2734 = DEFINITIONAL_REPRESENTATION('',(#2735),#2739);
#2735 = LINE('',#2736,#2737);
#2736 = CARTESIAN_POINT('',(50.,6.));
#2737 = VECTOR('',#2738,1.);
#2738 = DIRECTION('',(0.,-1.));
#2739 = ( GEOMETRIC_REPRESENTATION_CONTEXT(2) 
PARAMETRIC_REPRESENTATION_CONTEXT() REPRESENTATION_CONTEXT('2D SPACE',''
  ) );
#2740 = ORIENTED_EDGE('',*,*,#1031,.T.);
#2741 = ORIENTED_EDGE('',*,*,#2671,.F.);
#2742 = ORIENTED_EDGE('',*,*,#2743,.F.);
#2743 = EDGE_CURVE('',#2719,#2672,#2744,.T.);
#2744 = SURFACE_CURVE('',#2745,(#2749,#2755),.PCURVE_S1.);
#2745 = LINE('',#2746,#2747);
#2746 = CARTESIAN_POINT('',(85.,23.165651930311,29.459723493415));
#2747 = VECTOR('',#2748,1.);
#2748 = DIRECTION('',(0.,0.972806214685,0.231620527306));
#2749 = PCURVE('',#1046,#2750);
#2750 = DEFINITIONAL_REPRESENTATION('',(#2751),#2754);
#2751 = B_SPLINE_CURVE_WITH_KNOTS('',1,(#2752,#2753),.UNSPECIFIED.,.F.,
  .F.,(2,2),(-19.83703314492,18.162966855077),.PIECEWISE_BEZIER_KNOTS.);
#2752 = CARTESIAN_POINT('',(0.,2.));
#2753 = CARTESIAN_POINT('',(38.,2.));
#2754 = ( GEOMETRIC_REPRESENTATION_CONTEXT(2) 
PARAMETRIC_REPRESENTATION_CONTEXT() REPRESENTATION_CONTEXT('2D SPACE',''
  ) );
#2755 = PCURVE('',#2083,#2756);
#2756 = DEFINITIONAL_REPRESENTATION('',(#2757),#2760);
#2757 = B_SPLINE_CURVE_WITH_KNOTS('',1,(#2758,#2759),.UNSPECIFIED.,.F.,
  .F.,(2,2),(-19.83703314492,18.162966855077),.PIECEWISE_BEZIER_KNOTS.);
#2758 = CARTESIAN_POINT('',(39.674066289846,-85.));
#2759 = CARTESIAN_POINT('',(1.674066289846,-85.));
#2760 = ( GEOMETRIC_REPRESENTATION_CONTEXT(2) 
PARAMETRIC_REPRESENTATION_CONTEXT() REPRESENTATION_CONTEXT('2D SPACE',''
  ) );
#2761 = ADVANCED_FACE('',(#2762),#1020,.T.);
#2762 = FACE_BOUND('',#2763,.T.);
#2763 = EDGE_LOOP('',(#2764,#2765,#2766,#2767));
#2764 = ORIENTED_EDGE('',*,*,#2626,.F.);
#2765 = ORIENTED_EDGE('',*,*,#1005,.T.);
#2766 = ORIENTED_EDGE('',*,*,#2718,.F.);
#2767 = ORIENTED_EDGE('',*,*,#2768,.F.);
#2768 = EDGE_CURVE('',#2627,#2719,#2769,.T.);
#2769 = SURFACE_CURVE('',#2770,(#2774,#2780),.PCURVE_S1.);
#2770 = LINE('',#2771,#2772);
#2771 = CARTESIAN_POINT('',(17.5,3.868062806011,24.8650594162));
#2772 = VECTOR('',#2773,1.);
#2773 = DIRECTION('',(1.,0.,0.));
#2774 = PCURVE('',#1020,#2775);
#2775 = DEFINITIONAL_REPRESENTATION('',(#2776),#2779);
#2776 = B_SPLINE_CURVE_WITH_KNOTS('',1,(#2777,#2778),.UNSPECIFIED.,.F.,
  .F.,(2,2),(17.5,67.5),.PIECEWISE_BEZIER_KNOTS.);
#2777 = CARTESIAN_POINT('',(0.,2.));
#2778 = CARTESIAN_POINT('',(50.,2.));
#2779 = ( GEOMETRIC_REPRESENTATION_CONTEXT(2) 
PARAMETRIC_REPRESENTATION_CONTEXT() REPRESENTATION_CONTEXT('2D SPACE',''
  ) );
#2780 = PCURVE('',#2083,#2781);
#2781 = DEFINITIONAL_REPRESENTATION('',(#2782),#2785);
#2782 = B_SPLINE_CURVE_WITH_KNOTS('',1,(#2783,#2784),.UNSPECIFIED.,.F.,
  .F.,(2,2),(17.5,67.5),.PIECEWISE_BEZIER_KNOTS.);
#2783 = CARTESIAN_POINT('',(39.674066289846,-35.));
#2784 = CARTESIAN_POINT('',(39.674066289846,-85.));
#2785 = ( GEOMETRIC_REPRESENTATION_CONTEXT(2) 
PARAMETRIC_REPRESENTATION_CONTEXT() REPRESENTATION_CONTEXT('2D SPACE',''
  ) );
#2786 = ADVANCED_FACE('',(#2787),#1104,.F.);
#2787 = FACE_BOUND('',#2788,.F.);
#2788 = EDGE_LOOP('',(#2789,#2790,#2813,#2839));
#2789 = ORIENTED_EDGE('',*,*,#1083,.F.);
#2790 = ORIENTED_EDGE('',*,*,#2791,.T.);
#2791 = EDGE_CURVE('',#1084,#2792,#2794,.T.);
#2792 = VERTEX_POINT('',#2793);
#2793 = CARTESIAN_POINT('',(23.,17.973752918949,28.223557062138));
#2794 = SEAM_CURVE('',#2795,(#2799,#2806),.PCURVE_S1.);
#2795 = LINE('',#2796,#2797);
#2796 = CARTESIAN_POINT('',(23.,17.510511864337,30.169169491509));
#2797 = VECTOR('',#2798,1.);
#2798 = DIRECTION('',(-0.,0.231620527306,-0.972806214685));
#2799 = PCURVE('',#1104,#2800);
#2800 = DEFINITIONAL_REPRESENTATION('',(#2801),#2805);
#2801 = LINE('',#2802,#2803);
#2802 = CARTESIAN_POINT('',(6.28318530718,0.));
#2803 = VECTOR('',#2804,1.);
#2804 = DIRECTION('',(0.,-1.));
#2805 = ( GEOMETRIC_REPRESENTATION_CONTEXT(2) 
PARAMETRIC_REPRESENTATION_CONTEXT() REPRESENTATION_CONTEXT('2D SPACE',''
  ) );
#2806 = PCURVE('',#1104,#2807);
#2807 = DEFINITIONAL_REPRESENTATION('',(#2808),#2812);
#2808 = LINE('',#2809,#2810);
#2809 = CARTESIAN_POINT('',(0.,0.));
#2810 = VECTOR('',#2811,1.);
#2811 = DIRECTION('',(0.,-1.));
#2812 = ( GEOMETRIC_REPRESENTATION_CONTEXT(2) 
PARAMETRIC_REPRESENTATION_CONTEXT() REPRESENTATION_CONTEXT('2D SPACE',''
  ) );
#2813 = ORIENTED_EDGE('',*,*,#2814,.T.);
#2814 = EDGE_CURVE('',#2792,#2792,#2815,.T.);
#2815 = SURFACE_CURVE('',#2816,(#2821,#2828),.PCURVE_S1.);
#2816 = CIRCLE('',#2817,1.);
#2817 = AXIS2_PLACEMENT_3D('',#2818,#2819,#2820);
#2818 = CARTESIAN_POINT('',(22.,17.973752918949,28.223557062138));
#2819 = DIRECTION('',(0.,-0.231620527306,0.972806214685));
#2820 = DIRECTION('',(1.,0.,0.));
#2821 = PCURVE('',#1104,#2822);
#2822 = DEFINITIONAL_REPRESENTATION('',(#2823),#2827);
#2823 = LINE('',#2824,#2825);
#2824 = CARTESIAN_POINT('',(0.,-2.));
#2825 = VECTOR('',#2826,1.);
#2826 = DIRECTION('',(1.,0.));
#2827 = ( GEOMETRIC_REPRESENTATION_CONTEXT(2) 
PARAMETRIC_REPRESENTATION_CONTEXT() REPRESENTATION_CONTEXT('2D SPACE',''
  ) );
#2828 = PCURVE('',#2083,#2829);
#2829 = DEFINITIONAL_REPRESENTATION('',(#2830),#2838);
#2830 = ( BOUNDED_CURVE() B_SPLINE_CURVE(2,(#2831,#2832,#2833,#2834,
#2835,#2836,#2837),.UNSPECIFIED.,.T.,.F.) B_SPLINE_CURVE_WITH_KNOTS((1,2
    ,2,2,2,1),(-2.094395102393,0.,2.094395102393,4.188790204786,
6.28318530718,8.377580409573),.UNSPECIFIED.) CURVE() 
GEOMETRIC_REPRESENTATION_ITEM() RATIONAL_B_SPLINE_CURVE((1.,0.5,1.,0.5,
1.,0.5,1.)) REPRESENTATION_ITEM('') );
#2831 = CARTESIAN_POINT('',(25.174066289846,-23.));
#2832 = CARTESIAN_POINT('',(23.442015482277,-23.));
#2833 = CARTESIAN_POINT('',(24.308040886061,-21.5));
#2834 = CARTESIAN_POINT('',(25.174066289846,-20.));
#2835 = CARTESIAN_POINT('',(26.04009169363,-21.5));
#2836 = CARTESIAN_POINT('',(26.906117097415,-23.));
#2837 = CARTESIAN_POINT('',(25.174066289846,-23.));
#2838 = ( GEOMETRIC_REPRESENTATION_CONTEXT(2) 
PARAMETRIC_REPRESENTATION_CONTEXT() REPRESENTATION_CONTEXT('2D SPACE',''
  ) );
#2839 = ORIENTED_EDGE('',*,*,#2791,.F.);
#2840 = ADVANCED_FACE('',(#2841),#1138,.F.);
#2841 = FACE_BOUND('',#2842,.F.);
#2842 = EDGE_LOOP('',(#2843,#2844,#2867,#2893));
#2843 = ORIENTED_EDGE('',*,*,#1117,.F.);
#2844 = ORIENTED_EDGE('',*,*,#2845,.T.);
#2845 = EDGE_CURVE('',#1118,#2846,#2848,.T.);
#2846 = VERTEX_POINT('',#2847);
#2847 = CARTESIAN_POINT('',(18.,17.973752918949,28.223557062138));
#2848 = SEAM_CURVE('',#2849,(#2853,#2860),.PCURVE_S1.);
#2849 = LINE('',#2850,#2851);
#2850 = CARTESIAN_POINT('',(18.,17.510511864337,30.169169491509));
#2851 = VECTOR('',#2852,1.);
#2852 = DIRECTION('',(-0.,0.231620527306,-0.972806214685));
#2853 = PCURVE('',#1138,#2854);
#2854 = DEFINITIONAL_REPRESENTATION('',(#2855),#2859);
#2855 = LINE('',#2856,#2857);
#2856 = CARTESIAN_POINT('',(6.28318530718,0.));
#2857 = VECTOR('',#2858,1.);
#2858 = DIRECTION('',(0.,-1.));
#2859 = ( GEOMETRIC_REPRESENTATION_CONTEXT(2) 
PARAMETRIC_REPRESENTATION_CONTEXT() REPRESENTATION_CONTEXT('2D SPACE',''
  ) );
#2860 = PCURVE('',#1138,#2861);
#2861 = DEFINITIONAL_REPRESENTATION('',(#2862),#2866);
#2862 = LINE('',#2863,#2864);
#2863 = CARTESIAN_POINT('',(0.,0.));
#2864 = VECTOR('',#2865,1.);
#2865 = DIRECTION('',(0.,-1.));
#2866 = ( GEOMETRIC_REPRESENTATION_CONTEXT(2) 
PARAMETRIC_REPRESENTATION_CONTEXT() REPRESENTATION_CONTEXT('2D SPACE',''
  ) );
#2867 = ORIENTED_EDGE('',*,*,#2868,.T.);
#2868 = EDGE_CURVE('',#2846,#2846,#2869,.T.);
#2869 = SURFACE_CURVE('',#2870,(#2875,#2882),.PCURVE_S1.);
#2870 = CIRCLE('',#2871,1.);
#2871 = AXIS2_PLACEMENT_3D('',#2872,#2873,#2874);
#2872 = CARTESIAN_POINT('',(17.,17.973752918949,28.223557062138));
#2873 = DIRECTION('',(0.,-0.231620527306,0.972806214685));
#2874 = DIRECTION('',(1.,0.,0.));
#2875 = PCURVE('',#1138,#2876);
#2876 = DEFINITIONAL_REPRESENTATION('',(#2877),#2881);
#2877 = LINE('',#2878,#2879);
#2878 = CARTESIAN_POINT('',(0.,-2.));
#2879 = VECTOR('',#2880,1.);
#2880 = DIRECTION('',(1.,0.));
#2881 = ( GEOMETRIC_REPRESENTATION_CONTEXT(2) 
PARAMETRIC_REPRESENTATION_CONTEXT() REPRESENTATION_CONTEXT('2D SPACE',''
  ) );
#2882 = PCURVE('',#2083,#2883);
#2883 = DEFINITIONAL_REPRESENTATION('',(#2884),#2892);
#2884 = ( BOUNDED_CURVE() B_SPLINE_CURVE(2,(#2885,#2886,#2887,#2888,
#2889,#2890,#2891),.UNSPECIFIED.,.T.,.F.) B_SPLINE_CURVE_WITH_KNOTS((1,2
    ,2,2,2,1),(-2.094395102393,0.,2.094395102393,4.188790204786,
6.28318530718,8.377580409573),.UNSPECIFIED.) CURVE() 
GEOMETRIC_REPRESENTATION_ITEM() RATIONAL_B_SPLINE_CURVE((1.,0.5,1.,0.5,
1.,0.5,1.)) REPRESENTATION_ITEM('') );
#2885 = CARTESIAN_POINT('',(25.174066289846,-18.));
#2886 = CARTESIAN_POINT('',(23.442015482277,-18.));
#2887 = CARTESIAN_POINT('',(24.308040886061,-16.5));
#2888 = CARTESIAN_POINT('',(25.174066289846,-15.));
#2889 = CARTESIAN_POINT('',(26.04009169363,-16.5));
#2890 = CARTESIAN_POINT('',(26.906117097415,-18.));
#2891 = CARTESIAN_POINT('',(25.174066289846,-18.));
#2892 = ( GEOMETRIC_REPRESENTATION_CONTEXT(2) 
PARAMETRIC_REPRESENTATION_CONTEXT() REPRESENTATION_CONTEXT('2D SPACE',''
  ) );
#2893 = ORIENTED_EDGE('',*,*,#2845,.F.);
#2894 = ADVANCED_FACE('',(#2895),#1172,.F.);
#2895 = FACE_BOUND('',#2896,.F.);
#2896 = EDGE_LOOP('',(#2897,#2898,#2921,#2947));
#2897 = ORIENTED_EDGE('',*,*,#1151,.F.);
#2898 = ORIENTED_EDGE('',*,*,#2899,.T.);
#2899 = EDGE_CURVE('',#1152,#2900,#2902,.T.);
#2900 = VERTEX_POINT('',#2901);
#2901 = CARTESIAN_POINT('',(13.,17.973752918949,28.223557062138));
#2902 = SEAM_CURVE('',#2903,(#2907,#2914),.PCURVE_S1.);
#2903 = LINE('',#2904,#2905);
#2904 = CARTESIAN_POINT('',(13.,17.510511864337,30.169169491509));
#2905 = VECTOR('',#2906,1.);
#2906 = DIRECTION('',(-0.,0.231620527306,-0.972806214685));
#2907 = PCURVE('',#1172,#2908);
#2908 = DEFINITIONAL_REPRESENTATION('',(#2909),#2913);
#2909 = LINE('',#2910,#2911);
#2910 = CARTESIAN_POINT('',(6.28318530718,0.));
#2911 = VECTOR('',#2912,1.);
#2912 = DIRECTION('',(0.,-1.));
#2913 = ( GEOMETRIC_REPRESENTATION_CONTEXT(2) 
PARAMETRIC_REPRESENTATION_CONTEXT() REPRESENTATION_CONTEXT('2D SPACE',''
  ) );
#2914 = PCURVE('',#1172,#2915);
#2915 = DEFINITIONAL_REPRESENTATION('',(#2916),#2920);
#2916 = LINE('',#2917,#2918);
#2917 = CARTESIAN_POINT('',(0.,0.));
#2918 = VECTOR('',#2919,1.);
#2919 = DIRECTION('',(0.,-1.));
#2920 = ( GEOMETRIC_REPRESENTATION_CONTEXT(2) 
PARAMETRIC_REPRESENTATION_CONTEXT() REPRESENTATION_CONTEXT('2D SPACE',''
  ) );
#2921 = ORIENTED_EDGE('',*,*,#2922,.T.);
#2922 = EDGE_CURVE('',#2900,#2900,#2923,.T.);
#2923 = SURFACE_CURVE('',#2924,(#2929,#2936),.PCURVE_S1.);
#2924 = CIRCLE('',#2925,1.);
#2925 = AXIS2_PLACEMENT_3D('',#2926,#2927,#2928);
#2926 = CARTESIAN_POINT('',(12.,17.973752918949,28.223557062138));
#2927 = DIRECTION('',(0.,-0.231620527306,0.972806214685));
#2928 = DIRECTION('',(1.,0.,0.));
#2929 = PCURVE('',#1172,#2930);
#2930 = DEFINITIONAL_REPRESENTATION('',(#2931),#2935);
#2931 = LINE('',#2932,#2933);
#2932 = CARTESIAN_POINT('',(0.,-2.));
#2933 = VECTOR('',#2934,1.);
#2934 = DIRECTION('',(1.,0.));
#2935 = ( GEOMETRIC_REPRESENTATION_CONTEXT(2) 
PARAMETRIC_REPRESENTATION_CONTEXT() REPRESENTATION_CONTEXT('2D SPACE',''
  ) );
#2936 = PCURVE('',#2083,#2937);
#2937 = DEFINITIONAL_REPRESENTATION('',(#2938),#2946);
#2938 = ( BOUNDED_CURVE() B_SPLINE_CURVE(2,(#2939,#2940,#2941,#2942,
#2943,#2944,#2945),.UNSPECIFIED.,.T.,.F.) B_SPLINE_CURVE_WITH_KNOTS((1,2
    ,2,2,2,1),(-2.094395102393,0.,2.094395102393,4.188790204786,
6.28318530718,8.377580409573),.UNSPECIFIED.) CURVE() 
GEOMETRIC_REPRESENTATION_ITEM() RATIONAL_B_SPLINE_CURVE((1.,0.5,1.,0.5,
1.,0.5,1.)) REPRESENTATION_ITEM('') );
#2939 = CARTESIAN_POINT('',(25.174066289846,-13.));
#2940 = CARTESIAN_POINT('',(23.442015482277,-13.));
#2941 = CARTESIAN_POINT('',(24.308040886061,-11.5));
#2942 = CARTESIAN_POINT('',(25.174066289846,-10.));
#2943 = CARTESIAN_POINT('',(26.04009169363,-11.5));
#2944 = CARTESIAN_POINT('',(26.906117097415,-13.));
#2945 = CARTESIAN_POINT('',(25.174066289846,-13.));
#2946 = ( GEOMETRIC_REPRESENTATION_CONTEXT(2) 
PARAMETRIC_REPRESENTATION_CONTEXT() REPRESENTATION_CONTEXT('2D SPACE',''
  ) );
#2947 = ORIENTED_EDGE('',*,*,#2899,.F.);
#2948 = ADVANCED_FACE('',(#2949),#1206,.F.);
#2949 = FACE_BOUND('',#2950,.F.);
#2950 = EDGE_LOOP('',(#2951,#2952,#2975,#3001));
#2951 = ORIENTED_EDGE('',*,*,#1185,.F.);
#2952 = ORIENTED_EDGE('',*,*,#2953,.T.);
#2953 = EDGE_CURVE('',#1186,#2954,#2956,.T.);
#2954 = VERTEX_POINT('',#2955);
#2955 = CARTESIAN_POINT('',(23.,13.109721845522,27.065454425608));
#2956 = SEAM_CURVE('',#2957,(#2961,#2968),.PCURVE_S1.);
#2957 = LINE('',#2958,#2959);
#2958 = CARTESIAN_POINT('',(23.,12.64648079091,29.011066854979));
#2959 = VECTOR('',#2960,1.);
#2960 = DIRECTION('',(-0.,0.231620527306,-0.972806214685));
#2961 = PCURVE('',#1206,#2962);
#2962 = DEFINITIONAL_REPRESENTATION('',(#2963),#2967);
#2963 = LINE('',#2964,#2965);
#2964 = CARTESIAN_POINT('',(6.28318530718,0.));
#2965 = VECTOR('',#2966,1.);
#2966 = DIRECTION('',(0.,-1.));
#2967 = ( GEOMETRIC_REPRESENTATION_CONTEXT(2) 
PARAMETRIC_REPRESENTATION_CONTEXT() REPRESENTATION_CONTEXT('2D SPACE',''
  ) );
#2968 = PCURVE('',#1206,#2969);
#2969 = DEFINITIONAL_REPRESENTATION('',(#2970),#2974);
#2970 = LINE('',#2971,#2972);
#2971 = CARTESIAN_POINT('',(0.,0.));
#2972 = VECTOR('',#2973,1.);
#2973 = DIRECTION('',(0.,-1.));
#2974 = ( GEOMETRIC_REPRESENTATION_CONTEXT(2) 
PARAMETRIC_REPRESENTATION_CONTEXT() REPRESENTATION_CONTEXT('2D SPACE',''
  ) );
#2975 = ORIENTED_EDGE('',*,*,#2976,.T.);
#2976 = EDGE_CURVE('',#2954,#2954,#2977,.T.);
#2977 = SURFACE_CURVE('',#2978,(#2983,#2990),.PCURVE_S1.);
#2978 = CIRCLE('',#2979,1.);
#2979 = AXIS2_PLACEMENT_3D('',#2980,#2981,#2982);
#2980 = CARTESIAN_POINT('',(22.,13.109721845522,27.065454425608));
#2981 = DIRECTION('',(0.,-0.231620527306,0.972806214685));
#2982 = DIRECTION('',(1.,0.,0.));
#2983 = PCURVE('',#1206,#2984);
#2984 = DEFINITIONAL_REPRESENTATION('',(#2985),#2989);
#2985 = LINE('',#2986,#2987);
#2986 = CARTESIAN_POINT('',(0.,-2.));
#2987 = VECTOR('',#2988,1.);
#2988 = DIRECTION('',(1.,0.));
#2989 = ( GEOMETRIC_REPRESENTATION_CONTEXT(2) 
PARAMETRIC_REPRESENTATION_CONTEXT() REPRESENTATION_CONTEXT('2D SPACE',''
  ) );
#2990 = PCURVE('',#2083,#2991);
#2991 = DEFINITIONAL_REPRESENTATION('',(#2992),#3000);
#2992 = ( BOUNDED_CURVE() B_SPLINE_CURVE(2,(#2993,#2994,#2995,#2996,
#2997,#2998,#2999),.UNSPECIFIED.,.T.,.F.) B_SPLINE_CURVE_WITH_KNOTS((1,2
    ,2,2,2,1),(-2.094395102393,0.,2.094395102393,4.188790204786,
6.28318530718,8.377580409573),.UNSPECIFIED.) CURVE() 
GEOMETRIC_REPRESENTATION_ITEM() RATIONAL_B_SPLINE_CURVE((1.,0.5,1.,0.5,
1.,0.5,1.)) REPRESENTATION_ITEM('') );
#2993 = CARTESIAN_POINT('',(30.174066289846,-23.));
#2994 = CARTESIAN_POINT('',(28.442015482277,-23.));
#2995 = CARTESIAN_POINT('',(29.308040886061,-21.5));
#2996 = CARTESIAN_POINT('',(30.174066289846,-20.));
#2997 = CARTESIAN_POINT('',(31.04009169363,-21.5));
#2998 = CARTESIAN_POINT('',(31.906117097415,-23.));
#2999 = CARTESIAN_POINT('',(30.174066289846,-23.));
#3000 = ( GEOMETRIC_REPRESENTATION_CONTEXT(2) 
PARAMETRIC_REPRESENTATION_CONTEXT() REPRESENTATION_CONTEXT('2D SPACE',''
  ) );
#3001 = ORIENTED_EDGE('',*,*,#2953,.F.);
#3002 = ADVANCED_FACE('',(#3003),#1240,.F.);
#3003 = FACE_BOUND('',#3004,.F.);
#3004 = EDGE_LOOP('',(#3005,#3006,#3029,#3055));
#3005 = ORIENTED_EDGE('',*,*,#1219,.F.);
#3006 = ORIENTED_EDGE('',*,*,#3007,.T.);
#3007 = EDGE_CURVE('',#1220,#3008,#3010,.T.);
#3008 = VERTEX_POINT('',#3009);
#3009 = CARTESIAN_POINT('',(18.,13.109721845522,27.065454425608));
#3010 = SEAM_CURVE('',#3011,(#3015,#3022),.PCURVE_S1.);
#3011 = LINE('',#3012,#3013);
#3012 = CARTESIAN_POINT('',(18.,12.64648079091,29.011066854979));
#3013 = VECTOR('',#3014,1.);
#3014 = DIRECTION('',(-0.,0.231620527306,-0.972806214685));
#3015 = PCURVE('',#1240,#3016);
#3016 = DEFINITIONAL_REPRESENTATION('',(#3017),#3021);
#3017 = LINE('',#3018,#3019);
#3018 = CARTESIAN_POINT('',(6.28318530718,0.));
#3019 = VECTOR('',#3020,1.);
#3020 = DIRECTION('',(0.,-1.));
#3021 = ( GEOMETRIC_REPRESENTATION_CONTEXT(2) 
PARAMETRIC_REPRESENTATION_CONTEXT() REPRESENTATION_CONTEXT('2D SPACE',''
  ) );
#3022 = PCURVE('',#1240,#3023);
#3023 = DEFINITIONAL_REPRESENTATION('',(#3024),#3028);
#3024 = LINE('',#3025,#3026);
#3025 = CARTESIAN_POINT('',(0.,0.));
#3026 = VECTOR('',#3027,1.);
#3027 = DIRECTION('',(0.,-1.));
#3028 = ( GEOMETRIC_REPRESENTATION_CONTEXT(2) 
PARAMETRIC_REPRESENTATION_CONTEXT() REPRESENTATION_CONTEXT('2D SPACE',''
  ) );
#3029 = ORIENTED_EDGE('',*,*,#3030,.T.);
#3030 = EDGE_CURVE('',#3008,#3008,#3031,.T.);
#3031 = SURFACE_CURVE('',#3032,(#3037,#3044),.PCURVE_S1.);
#3032 = CIRCLE('',#3033,1.);
#3033 = AXIS2_PLACEMENT_3D('',#3034,#3035,#3036);
#3034 = CARTESIAN_POINT('',(17.,13.109721845522,27.065454425608));
#3035 = DIRECTION('',(0.,-0.231620527306,0.972806214685));
#3036 = DIRECTION('',(1.,0.,0.));
#3037 = PCURVE('',#1240,#3038);
#3038 = DEFINITIONAL_REPRESENTATION('',(#3039),#3043);
#3039 = LINE('',#3040,#3041);
#3040 = CARTESIAN_POINT('',(0.,-2.));
#3041 = VECTOR('',#3042,1.);
#3042 = DIRECTION('',(1.,0.));
#3043 = ( GEOMETRIC_REPRESENTATION_CONTEXT(2) 
PARAMETRIC_REPRESENTATION_CONTEXT() REPRESENTATION_CONTEXT('2D SPACE',''
  ) );
#3044 = PCURVE('',#2083,#3045);
#3045 = DEFINITIONAL_REPRESENTATION('',(#3046),#3054);
#3046 = ( BOUNDED_CURVE() B_SPLINE_CURVE(2,(#3047,#3048,#3049,#3050,
#3051,#3052,#3053),.UNSPECIFIED.,.T.,.F.) B_SPLINE_CURVE_WITH_KNOTS((1,2
    ,2,2,2,1),(-2.094395102393,0.,2.094395102393,4.188790204786,
6.28318530718,8.377580409573),.UNSPECIFIED.) CURVE() 
GEOMETRIC_REPRESENTATION_ITEM() RATIONAL_B_SPLINE_CURVE((1.,0.5,1.,0.5,
1.,0.5,1.)) REPRESENTATION_ITEM('') );
#3047 = CARTESIAN_POINT('',(30.174066289846,-18.));
#3048 = CARTESIAN_POINT('',(28.442015482277,-18.));
#3049 = CARTESIAN_POINT('',(29.308040886061,-16.5));
#3050 = CARTESIAN_POINT('',(30.174066289846,-15.));
#3051 = CARTESIAN_POINT('',(31.04009169363,-16.5));
#3052 = CARTESIAN_POINT('',(31.906117097415,-18.));
#3053 = CARTESIAN_POINT('',(30.174066289846,-18.));
#3054 = ( GEOMETRIC_REPRESENTATION_CONTEXT(2) 
PARAMETRIC_REPRESENTATION_CONTEXT() REPRESENTATION_CONTEXT('2D SPACE',''
  ) );
#3055 = ORIENTED_EDGE('',*,*,#3007,.F.);
#3056 = ADVANCED_FACE('',(#3057),#1274,.F.);
#3057 = FACE_BOUND('',#3058,.F.);
#3058 = EDGE_LOOP('',(#3059,#3060,#3083,#3109));
#3059 = ORIENTED_EDGE('',*,*,#1253,.F.);
#3060 = ORIENTED_EDGE('',*,*,#3061,.T.);
#3061 = EDGE_CURVE('',#1254,#3062,#3064,.T.);
#3062 = VERTEX_POINT('',#3063);
#3063 = CARTESIAN_POINT('',(13.,13.109721845522,27.065454425608));
#3064 = SEAM_CURVE('',#3065,(#3069,#3076),.PCURVE_S1.);
#3065 = LINE('',#3066,#3067);
#3066 = CARTESIAN_POINT('',(13.,12.64648079091,29.011066854979));
#3067 = VECTOR('',#3068,1.);
#3068 = DIRECTION('',(-0.,0.231620527306,-0.972806214685));
#3069 = PCURVE('',#1274,#3070);
#3070 = DEFINITIONAL_REPRESENTATION('',(#3071),#3075);
#3071 = LINE('',#3072,#3073);
#3072 = CARTESIAN_POINT('',(6.28318530718,0.));
#3073 = VECTOR('',#3074,1.);
#3074 = DIRECTION('',(0.,-1.));
#3075 = ( GEOMETRIC_REPRESENTATION_CONTEXT(2) 
PARAMETRIC_REPRESENTATION_CONTEXT() REPRESENTATION_CONTEXT('2D SPACE',''
  ) );
#3076 = PCURVE('',#1274,#3077);
#3077 = DEFINITIONAL_REPRESENTATION('',(#3078),#3082);
#3078 = LINE('',#3079,#3080);
#3079 = CARTESIAN_POINT('',(0.,0.));
#3080 = VECTOR('',#3081,1.);
#3081 = DIRECTION('',(0.,-1.));
#3082 = ( GEOMETRIC_REPRESENTATION_CONTEXT(2) 
PARAMETRIC_REPRESENTATION_CONTEXT() REPRESENTATION_CONTEXT('2D SPACE',''
  ) );
#3083 = ORIENTED_EDGE('',*,*,#3084,.T.);
#3084 = EDGE_CURVE('',#3062,#3062,#3085,.T.);
#3085 = SURFACE_CURVE('',#3086,(#3091,#3098),.PCURVE_S1.);
#3086 = CIRCLE('',#3087,1.);
#3087 = AXIS2_PLACEMENT_3D('',#3088,#3089,#3090);
#3088 = CARTESIAN_POINT('',(12.,13.109721845522,27.065454425608));
#3089 = DIRECTION('',(0.,-0.231620527306,0.972806214685));
#3090 = DIRECTION('',(1.,0.,0.));
#3091 = PCURVE('',#1274,#3092);
#3092 = DEFINITIONAL_REPRESENTATION('',(#3093),#3097);
#3093 = LINE('',#3094,#3095);
#3094 = CARTESIAN_POINT('',(0.,-2.));
#3095 = VECTOR('',#3096,1.);
#3096 = DIRECTION('',(1.,0.));
#3097 = ( GEOMETRIC_REPRESENTATION_CONTEXT(2) 
PARAMETRIC_REPRESENTATION_CONTEXT() REPRESENTATION_CONTEXT('2D SPACE',''
  ) );
#3098 = PCURVE('',#2083,#3099);
#3099 = DEFINITIONAL_REPRESENTATION('',(#3100),#3108);
#3100 = ( BOUNDED_CURVE() B_SPLINE_CURVE(2,(#3101,#3102,#3103,#3104,
#3105,#3106,#3107),.UNSPECIFIED.,.T.,.F.) B_SPLINE_CURVE_WITH_KNOTS((1,2
    ,2,2,2,1),(-2.094395102393,0.,2.094395102393,4.188790204786,
6.28318530718,8.377580409573),.UNSPECIFIED.) CURVE() 
GEOMETRIC_REPRESENTATION_ITEM() RATIONAL_B_SPLINE_CURVE((1.,0.5,1.,0.5,
1.,0.5,1.)) REPRESENTATION_ITEM('') );
#3101 = CARTESIAN_POINT('',(30.174066289846,-13.));
#3102 = CARTESIAN_POINT('',(28.442015482277,-13.));
#3103 = CARTESIAN_POINT('',(29.308040886061,-11.5));
#3104 = CARTESIAN_POINT('',(30.174066289846,-10.));
#3105 = CARTESIAN_POINT('',(31.04009169363,-11.5));
#3106 = CARTESIAN_POINT('',(31.906117097415,-13.));
#3107 = CARTESIAN_POINT('',(30.174066289846,-13.));
#3108 = ( GEOMETRIC_REPRESENTATION_CONTEXT(2) 
PARAMETRIC_REPRESENTATION_CONTEXT() REPRESENTATION_CONTEXT('2D SPACE',''
  ) );
#3109 = ORIENTED_EDGE('',*,*,#3061,.F.);
#3110 = ADVANCED_FACE('',(#3111),#1308,.F.);
#3111 = FACE_BOUND('',#3112,.F.);
#3112 = EDGE_LOOP('',(#3113,#3114,#3137,#3163));
#3113 = ORIENTED_EDGE('',*,*,#1287,.F.);
#3114 = ORIENTED_EDGE('',*,*,#3115,.T.);
#3115 = EDGE_CURVE('',#1288,#3116,#3118,.T.);
#3116 = VERTEX_POINT('',#3117);
#3117 = CARTESIAN_POINT('',(23.,8.245690772095,25.907351789078));
#3118 = SEAM_CURVE('',#3119,(#3123,#3130),.PCURVE_S1.);
#3119 = LINE('',#3120,#3121);
#3120 = CARTESIAN_POINT('',(23.,7.782449717483,27.852964218448));
#3121 = VECTOR('',#3122,1.);
#3122 = DIRECTION('',(-0.,0.231620527306,-0.972806214685));
#3123 = PCURVE('',#1308,#3124);
#3124 = DEFINITIONAL_REPRESENTATION('',(#3125),#3129);
#3125 = LINE('',#3126,#3127);
#3126 = CARTESIAN_POINT('',(6.28318530718,0.));
#3127 = VECTOR('',#3128,1.);
#3128 = DIRECTION('',(0.,-1.));
#3129 = ( GEOMETRIC_REPRESENTATION_CONTEXT(2) 
PARAMETRIC_REPRESENTATION_CONTEXT() REPRESENTATION_CONTEXT('2D SPACE',''
  ) );
#3130 = PCURVE('',#1308,#3131);
#3131 = DEFINITIONAL_REPRESENTATION('',(#3132),#3136);
#3132 = LINE('',#3133,#3134);
#3133 = CARTESIAN_POINT('',(0.,0.));
#3134 = VECTOR('',#3135,1.);
#3135 = DIRECTION('',(0.,-1.));
#3136 = ( GEOMETRIC_REPRESENTATION_CONTEXT(2) 
PARAMETRIC_REPRESENTATION_CONTEXT() REPRESENTATION_CONTEXT('2D SPACE',''
  ) );
#3137 = ORIENTED_EDGE('',*,*,#3138,.T.);
#3138 = EDGE_CURVE('',#3116,#3116,#3139,.T.);
#3139 = SURFACE_CURVE('',#3140,(#3145,#3152),.PCURVE_S1.);
#3140 = CIRCLE('',#3141,1.);
#3141 = AXIS2_PLACEMENT_3D('',#3142,#3143,#3144);
#3142 = CARTESIAN_POINT('',(22.,8.245690772095,25.907351789078));
#3143 = DIRECTION('',(0.,-0.231620527306,0.972806214685));
#3144 = DIRECTION('',(1.,0.,0.));
#3145 = PCURVE('',#1308,#3146);
#3146 = DEFINITIONAL_REPRESENTATION('',(#3147),#3151);
#3147 = LINE('',#3148,#3149);
#3148 = CARTESIAN_POINT('',(0.,-2.));
#3149 = VECTOR('',#3150,1.);
#3150 = DIRECTION('',(1.,0.));
#3151 = ( GEOMETRIC_REPRESENTATION_CONTEXT(2) 
PARAMETRIC_REPRESENTATION_CONTEXT() REPRESENTATION_CONTEXT('2D SPACE',''
  ) );
#3152 = PCURVE('',#2083,#3153);
#3153 = DEFINITIONAL_REPRESENTATION('',(#3154),#3162);
#3154 = ( BOUNDED_CURVE() B_SPLINE_CURVE(2,(#3155,#3156,#3157,#3158,
#3159,#3160,#3161),.UNSPECIFIED.,.T.,.F.) B_SPLINE_CURVE_WITH_KNOTS((1,2
    ,2,2,2,1),(-2.094395102393,0.,2.094395102393,4.188790204786,
6.28318530718,8.377580409573),.UNSPECIFIED.) CURVE() 
GEOMETRIC_REPRESENTATION_ITEM() RATIONAL_B_SPLINE_CURVE((1.,0.5,1.,0.5,
1.,0.5,1.)) REPRESENTATION_ITEM('') );
#3155 = CARTESIAN_POINT('',(35.174066289846,-23.));
#3156 = CARTESIAN_POINT('',(33.442015482277,-23.));
#3157 = CARTESIAN_POINT('',(34.308040886061,-21.5));
#3158 = CARTESIAN_POINT('',(35.174066289846,-20.));
#3159 = CARTESIAN_POINT('',(36.04009169363,-21.5));
#3160 = CARTESIAN_POINT('',(36.906117097415,-23.));
#3161 = CARTESIAN_POINT('',(35.174066289846,-23.));
#3162 = ( GEOMETRIC_REPRESENTATION_CONTEXT(2) 
PARAMETRIC_REPRESENTATION_CONTEXT() REPRESENTATION_CONTEXT('2D SPACE',''
  ) );
#3163 = ORIENTED_EDGE('',*,*,#3115,.F.);
#3164 = ADVANCED_FACE('',(#3165),#1342,.F.);
#3165 = FACE_BOUND('',#3166,.F.);
#3166 = EDGE_LOOP('',(#3167,#3168,#3191,#3217));
#3167 = ORIENTED_EDGE('',*,*,#1321,.F.);
#3168 = ORIENTED_EDGE('',*,*,#3169,.T.);
#3169 = EDGE_CURVE('',#1322,#3170,#3172,.T.);
#3170 = VERTEX_POINT('',#3171);
#3171 = CARTESIAN_POINT('',(18.,8.245690772095,25.907351789078));
#3172 = SEAM_CURVE('',#3173,(#3177,#3184),.PCURVE_S1.);
#3173 = LINE('',#3174,#3175);
#3174 = CARTESIAN_POINT('',(18.,7.782449717483,27.852964218448));
#3175 = VECTOR('',#3176,1.);
#3176 = DIRECTION('',(-0.,0.231620527306,-0.972806214685));
#3177 = PCURVE('',#1342,#3178);
#3178 = DEFINITIONAL_REPRESENTATION('',(#3179),#3183);
#3179 = LINE('',#3180,#3181);
#3180 = CARTESIAN_POINT('',(6.28318530718,0.));
#3181 = VECTOR('',#3182,1.);
#3182 = DIRECTION('',(0.,-1.));
#3183 = ( GEOMETRIC_REPRESENTATION_CONTEXT(2) 
PARAMETRIC_REPRESENTATION_CONTEXT() REPRESENTATION_CONTEXT('2D SPACE',''
  ) );
#3184 = PCURVE('',#1342,#3185);
#3185 = DEFINITIONAL_REPRESENTATION('',(#3186),#3190);
#3186 = LINE('',#3187,#3188);
#3187 = CARTESIAN_POINT('',(0.,0.));
#3188 = VECTOR('',#3189,1.);
#3189 = DIRECTION('',(0.,-1.));
#3190 = ( GEOMETRIC_REPRESENTATION_CONTEXT(2) 
PARAMETRIC_REPRESENTATION_CONTEXT() REPRESENTATION_CONTEXT('2D SPACE',''
  ) );
#3191 = ORIENTED_EDGE('',*,*,#3192,.T.);
#3192 = EDGE_CURVE('',#3170,#3170,#3193,.T.);
#3193 = SURFACE_CURVE('',#3194,(#3199,#3206),.PCURVE_S1.);
#3194 = CIRCLE('',#3195,1.);
#3195 = AXIS2_PLACEMENT_3D('',#3196,#3197,#3198);
#3196 = CARTESIAN_POINT('',(17.,8.245690772095,25.907351789078));
#3197 = DIRECTION('',(0.,-0.231620527306,0.972806214685));
#3198 = DIRECTION('',(1.,0.,0.));
#3199 = PCURVE('',#1342,#3200);
#3200 = DEFINITIONAL_REPRESENTATION('',(#3201),#3205);
#3201 = LINE('',#3202,#3203);
#3202 = CARTESIAN_POINT('',(0.,-2.));
#3203 = VECTOR('',#3204,1.);
#3204 = DIRECTION('',(1.,0.));
#3205 = ( GEOMETRIC_REPRESENTATION_CONTEXT(2) 
PARAMETRIC_REPRESENTATION_CONTEXT() REPRESENTATION_CONTEXT('2D SPACE',''
  ) );
#3206 = PCURVE('',#2083,#3207);
#3207 = DEFINITIONAL_REPRESENTATION('',(#3208),#3216);
#3208 = ( BOUNDED_CURVE() B_SPLINE_CURVE(2,(#3209,#3210,#3211,#3212,
#3213,#3214,#3215),.UNSPECIFIED.,.T.,.F.) B_SPLINE_CURVE_WITH_KNOTS((1,2
    ,2,2,2,1),(-2.094395102393,0.,2.094395102393,4.188790204786,
6.28318530718,8.377580409573),.UNSPECIFIED.) CURVE() 
GEOMETRIC_REPRESENTATION_ITEM() RATIONAL_B_SPLINE_CURVE((1.,0.5,1.,0.5,
1.,0.5,1.)) REPRESENTATION_ITEM('') );
#3209 = CARTESIAN_POINT('',(35.174066289846,-18.));
#3210 = CARTESIAN_POINT('',(33.442015482277,-18.));
#3211 = CARTESIAN_POINT('',(34.308040886061,-16.5));
#3212 = CARTESIAN_POINT('',(35.174066289846,-15.));
#3213 = CARTESIAN_POINT('',(36.04009169363,-16.5));
#3214 = CARTESIAN_POINT('',(36.906117097415,-18.));
#3215 = CARTESIAN_POINT('',(35.174066289846,-18.));
#3216 = ( GEOMETRIC_REPRESENTATION_CONTEXT(2) 
PARAMETRIC_REPRESENTATION_CONTEXT() REPRESENTATION_CONTEXT('2D SPACE',''
  ) );
#3217 = ORIENTED_EDGE('',*,*,#3169,.F.);
#3218 = ADVANCED_FACE('',(#3219),#1376,.F.);
#3219 = FACE_BOUND('',#3220,.F.);
#3220 = EDGE_LOOP('',(#3221,#3222,#3245,#3271));
#3221 = ORIENTED_EDGE('',*,*,#1355,.F.);
#3222 = ORIENTED_EDGE('',*,*,#3223,.T.);
#3223 = EDGE_CURVE('',#1356,#3224,#3226,.T.);
#3224 = VERTEX_POINT('',#3225);
#3225 = CARTESIAN_POINT('',(13.,8.245690772095,25.907351789078));
#3226 = SEAM_CURVE('',#3227,(#3231,#3238),.PCURVE_S1.);
#3227 = LINE('',#3228,#3229);
#3228 = CARTESIAN_POINT('',(13.,7.782449717483,27.852964218448));
#3229 = VECTOR('',#3230,1.);
#3230 = DIRECTION('',(-0.,0.231620527306,-0.972806214685));
#3231 = PCURVE('',#1376,#3232);
#3232 = DEFINITIONAL_REPRESENTATION('',(#3233),#3237);
#3233 = LINE('',#3234,#3235);
#3234 = CARTESIAN_POINT('',(6.28318530718,0.));
#3235 = VECTOR('',#3236,1.);
#3236 = DIRECTION('',(0.,-1.));
#3237 = ( GEOMETRIC_REPRESENTATION_CONTEXT(2) 
PARAMETRIC_REPRESENTATION_CONTEXT() REPRESENTATION_CONTEXT('2D SPACE',''
  ) );
#3238 = PCURVE('',#1376,#3239);
#3239 = DEFINITIONAL_REPRESENTATION('',(#3240),#3244);
#3240 = LINE('',#3241,#3242);
#3241 = CARTESIAN_POINT('',(0.,0.));
#3242 = VECTOR('',#3243,1.);
#3243 = DIRECTION('',(0.,-1.));
#3244 = ( GEOMETRIC_REPRESENTATION_CONTEXT(2) 
PARAMETRIC_REPRESENTATION_CONTEXT() REPRESENTATION_CONTEXT('2D SPACE',''
  ) );
#3245 = ORIENTED_EDGE('',*,*,#3246,.T.);
#3246 = EDGE_CURVE('',#3224,#3224,#3247,.T.);
#3247 = SURFACE_CURVE('',#3248,(#3253,#3260),.PCURVE_S1.);
#3248 = CIRCLE('',#3249,1.);
#3249 = AXIS2_PLACEMENT_3D('',#3250,#3251,#3252);
#3250 = CARTESIAN_POINT('',(12.,8.245690772095,25.907351789078));
#3251 = DIRECTION('',(0.,-0.231620527306,0.972806214685));
#3252 = DIRECTION('',(1.,0.,0.));
#3253 = PCURVE('',#1376,#3254);
#3254 = DEFINITIONAL_REPRESENTATION('',(#3255),#3259);
#3255 = LINE('',#3256,#3257);
#3256 = CARTESIAN_POINT('',(0.,-2.));
#3257 = VECTOR('',#3258,1.);
#3258 = DIRECTION('',(1.,0.));
#3259 = ( GEOMETRIC_REPRESENTATION_CONTEXT(2) 
PARAMETRIC_REPRESENTATION_CONTEXT() REPRESENTATION_CONTEXT('2D SPACE',''
  ) );
#3260 = PCURVE('',#2083,#3261);
#3261 = DEFINITIONAL_REPRESENTATION('',(#3262),#3270);
#3262 = ( BOUNDED_CURVE() B_SPLINE_CURVE(2,(#3263,#3264,#3265,#3266,
#3267,#3268,#3269),.UNSPECIFIED.,.T.,.F.) B_SPLINE_CURVE_WITH_KNOTS((1,2
    ,2,2,2,1),(-2.094395102393,0.,2.094395102393,4.188790204786,
6.28318530718,8.377580409573),.UNSPECIFIED.) CURVE() 
GEOMETRIC_REPRESENTATION_ITEM() RATIONAL_B_SPLINE_CURVE((1.,0.5,1.,0.5,
1.,0.5,1.)) REPRESENTATION_ITEM('') );
#3263 = CARTESIAN_POINT('',(35.174066289846,-13.));
#3264 = CARTESIAN_POINT('',(33.442015482277,-13.));
#3265 = CARTESIAN_POINT('',(34.308040886061,-11.5));
#3266 = CARTESIAN_POINT('',(35.174066289846,-10.));
#3267 = CARTESIAN_POINT('',(36.04009169363,-11.5));
#3268 = CARTESIAN_POINT('',(36.906117097415,-13.));
#3269 = CARTESIAN_POINT('',(35.174066289846,-13.));
#3270 = ( GEOMETRIC_REPRESENTATION_CONTEXT(2) 
PARAMETRIC_REPRESENTATION_CONTEXT() REPRESENTATION_CONTEXT('2D SPACE',''
  ) );
#3271 = ORIENTED_EDGE('',*,*,#3223,.F.);
#3272 = ADVANCED_FACE('',(#3273),#1456,.T.);
#3273 = FACE_BOUND('',#3274,.F.);
#3274 = EDGE_LOOP('',(#3275,#3297,#3318,#3319));
#3275 = ORIENTED_EDGE('',*,*,#3276,.T.);
#3276 = EDGE_CURVE('',#1420,#3277,#3279,.T.);
#3277 = VERTEX_POINT('',#3278);
#3278 = CARTESIAN_POINT('',(114.,67.5,36.));
#3279 = SURFACE_CURVE('',#3280,(#3285,#3291),.PCURVE_S1.);
#3280 = CIRCLE('',#3281,2.5);
#3281 = AXIS2_PLACEMENT_3D('',#3282,#3283,#3284);
#3282 = CARTESIAN_POINT('',(114.,67.5,33.5));
#3283 = DIRECTION('',(1.,-6.123233995737E-17,0.));
#3284 = DIRECTION('',(6.123233995737E-17,1.,0.));
#3285 = PCURVE('',#1456,#3286);
#3286 = DEFINITIONAL_REPRESENTATION('',(#3287),#3290);
#3287 = B_SPLINE_CURVE_WITH_KNOTS('',1,(#3288,#3289),.UNSPECIFIED.,.F.,
  .F.,(2,2),(0.,1.570796326795),.PIECEWISE_BEZIER_KNOTS.);
#3288 = CARTESIAN_POINT('',(0.,0.));
#3289 = CARTESIAN_POINT('',(-1.570796326795,0.));
#3290 = ( GEOMETRIC_REPRESENTATION_CONTEXT(2) 
PARAMETRIC_REPRESENTATION_CONTEXT() REPRESENTATION_CONTEXT('2D SPACE',''
  ) );
#3291 = PCURVE('',#1898,#3292);
#3292 = DEFINITIONAL_REPRESENTATION('',(#3293),#3296);
#3293 = B_SPLINE_CURVE_WITH_KNOTS('',1,(#3294,#3295),.UNSPECIFIED.,.F.,
  .F.,(2,2),(0.,1.570796326795),.PIECEWISE_BEZIER_KNOTS.);
#3294 = CARTESIAN_POINT('',(1.570796326795,0.));
#3295 = CARTESIAN_POINT('',(1.570796326795,1.570796326795));
#3296 = ( GEOMETRIC_REPRESENTATION_CONTEXT(2) 
PARAMETRIC_REPRESENTATION_CONTEXT() REPRESENTATION_CONTEXT('2D SPACE',''
  ) );
#3297 = ORIENTED_EDGE('',*,*,#3298,.T.);
#3298 = EDGE_CURVE('',#3277,#1571,#3299,.T.);
#3299 = SURFACE_CURVE('',#3300,(#3304,#3311),.PCURVE_S1.);
#3300 = LINE('',#3301,#3302);
#3301 = CARTESIAN_POINT('',(114.,67.5,36.));
#3302 = VECTOR('',#3303,1.);
#3303 = DIRECTION('',(-1.,-0.,-0.));
#3304 = PCURVE('',#1456,#3305);
#3305 = DEFINITIONAL_REPRESENTATION('',(#3306),#3310);
#3306 = LINE('',#3307,#3308);
#3307 = CARTESIAN_POINT('',(-1.570796326795,0.));
#3308 = VECTOR('',#3309,1.);
#3309 = DIRECTION('',(-0.,1.));
#3310 = ( GEOMETRIC_REPRESENTATION_CONTEXT(2) 
PARAMETRIC_REPRESENTATION_CONTEXT() REPRESENTATION_CONTEXT('2D SPACE',''
  ) );
#3311 = PCURVE('',#1587,#3312);
#3312 = DEFINITIONAL_REPRESENTATION('',(#3313),#3317);
#3313 = LINE('',#3314,#3315);
#3314 = CARTESIAN_POINT('',(2.5,-114.));
#3315 = VECTOR('',#3316,1.);
#3316 = DIRECTION('',(0.,1.));
#3317 = ( GEOMETRIC_REPRESENTATION_CONTEXT(2) 
PARAMETRIC_REPRESENTATION_CONTEXT() REPRESENTATION_CONTEXT('2D SPACE',''
  ) );
#3318 = ORIENTED_EDGE('',*,*,#1603,.F.);
#3319 = ORIENTED_EDGE('',*,*,#1442,.F.);
#3320 = ADVANCED_FACE('',(#3321),#1587,.F.);
#3321 = FACE_BOUND('',#3322,.F.);
#3322 = EDGE_LOOP('',(#3323,#3351,#3370,#3371));
#3323 = ORIENTED_EDGE('',*,*,#3324,.F.);
#3324 = EDGE_CURVE('',#3325,#3277,#3327,.T.);
#3325 = VERTEX_POINT('',#3326);
#3326 = CARTESIAN_POINT('',(115.80277563773,67.,36.));
#3327 = SURFACE_CURVE('',#3328,(#3333,#3344),.PCURVE_S1.);
#3328 = CIRCLE('',#3329,3.5);
#3329 = AXIS2_PLACEMENT_3D('',#3330,#3331,#3332);
#3330 = CARTESIAN_POINT('',(114.,64.,36.));
#3331 = DIRECTION('',(0.,-0.,1.));
#3332 = DIRECTION('',(1.,0.,0.));
#3333 = PCURVE('',#1587,#3334);
#3334 = DEFINITIONAL_REPRESENTATION('',(#3335),#3343);
#3335 = ( BOUNDED_CURVE() B_SPLINE_CURVE(2,(#3336,#3337,#3338,#3339,
#3340,#3341,#3342),.UNSPECIFIED.,.T.,.F.) B_SPLINE_CURVE_WITH_KNOTS((1,2
    ,2,2,2,1),(-2.094395102393,0.,2.094395102393,4.188790204786,
6.28318530718,8.377580409573),.UNSPECIFIED.) CURVE() 
GEOMETRIC_REPRESENTATION_ITEM() RATIONAL_B_SPLINE_CURVE((1.,0.5,1.,0.5,
1.,0.5,1.)) REPRESENTATION_ITEM('') );
#3336 = CARTESIAN_POINT('',(6.,-117.5));
#3337 = CARTESIAN_POINT('',(-6.217782649107E-02,-117.5));
#3338 = CARTESIAN_POINT('',(2.968911086754,-112.25));
#3339 = CARTESIAN_POINT('',(6.,-107.));
#3340 = CARTESIAN_POINT('',(9.031088913246,-112.25));
#3341 = CARTESIAN_POINT('',(12.062177826491,-117.5));
#3342 = CARTESIAN_POINT('',(6.,-117.5));
#3343 = ( GEOMETRIC_REPRESENTATION_CONTEXT(2) 
PARAMETRIC_REPRESENTATION_CONTEXT() REPRESENTATION_CONTEXT('2D SPACE',''
  ) );
#3344 = PCURVE('',#1898,#3345);
#3345 = DEFINITIONAL_REPRESENTATION('',(#3346),#3350);
#3346 = LINE('',#3347,#3348);
#3347 = CARTESIAN_POINT('',(0.,1.570796326795));
#3348 = VECTOR('',#3349,1.);
#3349 = DIRECTION('',(1.,0.));
#3350 = ( GEOMETRIC_REPRESENTATION_CONTEXT(2) 
PARAMETRIC_REPRESENTATION_CONTEXT() REPRESENTATION_CONTEXT('2D SPACE',''
  ) );
#3351 = ORIENTED_EDGE('',*,*,#3352,.T.);
#3352 = EDGE_CURVE('',#3325,#1474,#3353,.T.);
#3353 = SURFACE_CURVE('',#3354,(#3358,#3364),.PCURVE_S1.);
#3354 = LINE('',#3355,#3356);
#3355 = CARTESIAN_POINT('',(58.,67.,36.));
#3356 = VECTOR('',#3357,1.);
#3357 = DIRECTION('',(-1.,-0.,-0.));
#3358 = PCURVE('',#1587,#3359);
#3359 = DEFINITIONAL_REPRESENTATION('',(#3360),#3363);
#3360 = B_SPLINE_CURVE_WITH_KNOTS('',1,(#3361,#3362),.UNSPECIFIED.,.F.,
  .F.,(2,2),(-58.,54.),.PIECEWISE_BEZIER_KNOTS.);
#3361 = CARTESIAN_POINT('',(3.,-116.));
#3362 = CARTESIAN_POINT('',(3.,-4.));
#3363 = ( GEOMETRIC_REPRESENTATION_CONTEXT(2) 
PARAMETRIC_REPRESENTATION_CONTEXT() REPRESENTATION_CONTEXT('2D SPACE',''
  ) );
#3364 = PCURVE('',#1535,#3365);
#3365 = DEFINITIONAL_REPRESENTATION('',(#3366),#3369);
#3366 = B_SPLINE_CURVE_WITH_KNOTS('',1,(#3367,#3368),.UNSPECIFIED.,.F.,
  .F.,(2,2),(-58.,54.),.PIECEWISE_BEZIER_KNOTS.);
#3367 = CARTESIAN_POINT('',(0.,-5.));
#3368 = CARTESIAN_POINT('',(112.,-5.));
#3369 = ( GEOMETRIC_REPRESENTATION_CONTEXT(2) 
PARAMETRIC_REPRESENTATION_CONTEXT() REPRESENTATION_CONTEXT('2D SPACE',''
  ) );
#3370 = ORIENTED_EDGE('',*,*,#1570,.F.);
#3371 = ORIENTED_EDGE('',*,*,#3298,.F.);
#3372 = ADVANCED_FACE('',(#3373),#1535,.T.);
#3373 = FACE_BOUND('',#3374,.T.);
#3374 = EDGE_LOOP('',(#3375,#3442,#3465,#3555,#3556,#3557,#3580,#3645));
#3375 = ORIENTED_EDGE('',*,*,#3376,.F.);
#3376 = EDGE_CURVE('',#3377,#3379,#3381,.T.);
#3377 = VERTEX_POINT('',#3378);
#3378 = CARTESIAN_POINT('',(116.,67.,33.988731959511));
#3379 = VERTEX_POINT('',#3380);
#3380 = CARTESIAN_POINT('',(115.80277563773,67.,34.));
#3381 = SURFACE_CURVE('',#3382,(#3400,#3421),.PCURVE_S1.);
#3382 = B_SPLINE_CURVE_WITH_KNOTS('',6,(#3383,#3384,#3385,#3386,#3387,
    #3388,#3389,#3390,#3391,#3392,#3393,#3394,#3395,#3396,#3397,#3398,
    #3399),.UNSPECIFIED.,.F.,.F.,(7,5,5,7),(0.,0.365800225354,
    0.565394357828,1.),.UNSPECIFIED.);
#3383 = CARTESIAN_POINT('',(116.64575131106,67.,33.5));
#3384 = CARTESIAN_POINT('',(116.64575131106,67.,33.552535357492));
#3385 = CARTESIAN_POINT('',(116.63573683183,67.,33.605091795771));
#3386 = CARTESIAN_POINT('',(116.61569331522,67.,33.656279767798));
#3387 = CARTESIAN_POINT('',(116.58621426582,67.,33.704825235126));
#3388 = CARTESIAN_POINT('',(116.54823403289,67.,33.74976777484));
#3389 = CARTESIAN_POINT('',(116.47814047223,67.,33.812680733222));
#3390 = CARTESIAN_POINT('',(116.45119360733,67.,33.833635850594));
#3391 = CARTESIAN_POINT('',(116.42221719202,67.,33.853239239901));
#3392 = CARTESIAN_POINT('',(116.39138981554,67.,33.871425218042));
#3393 = CARTESIAN_POINT('',(116.35888719426,67.,33.888154906842));
#3394 = CARTESIAN_POINT('',(116.25081133208,67.,33.936631141934));
#3395 = CARTESIAN_POINT('',(116.16960788304,67.,33.96285554248));
#3396 = CARTESIAN_POINT('',(116.08293023684,67.,33.981935150291));
#3397 = CARTESIAN_POINT('',(115.99222230632,67.,33.994155645027));
#3398 = CARTESIAN_POINT('',(115.89858074993,67.,34.));
#3399 = CARTESIAN_POINT('',(115.80277563773,67.,34.));
#3400 = PCURVE('',#1535,#3401);
#3401 = DEFINITIONAL_REPRESENTATION('',(#3402),#3420);
#3402 = B_SPLINE_CURVE_WITH_KNOTS('',6,(#3403,#3404,#3405,#3406,#3407,
    #3408,#3409,#3410,#3411,#3412,#3413,#3414,#3415,#3416,#3417,#3418,
    #3419),.UNSPECIFIED.,.F.,.F.,(7,5,5,7),(0.,0.365800225354,
    0.565394357828,1.),.UNSPECIFIED.);
#3403 = CARTESIAN_POINT('',(-0.645751311065,-2.5));
#3404 = CARTESIAN_POINT('',(-0.645751311065,-2.552535357492));
#3405 = CARTESIAN_POINT('',(-0.635736831839,-2.605091795771));
#3406 = CARTESIAN_POINT('',(-0.615693315227,-2.656279767798));
#3407 = CARTESIAN_POINT('',(-0.586214265829,-2.704825235126));
#3408 = CARTESIAN_POINT('',(-0.548234032897,-2.74976777484));
#3409 = CARTESIAN_POINT('',(-0.478140472236,-2.812680733222));
#3410 = CARTESIAN_POINT('',(-0.451193607336,-2.833635850594));
#3411 = CARTESIAN_POINT('',(-0.422217192027,-2.853239239902));
#3412 = CARTESIAN_POINT('',(-0.391389815542,-2.871425218042));
#3413 = CARTESIAN_POINT('',(-0.358887194268,-2.888154906842));
#3414 = CARTESIAN_POINT('',(-0.250811332085,-2.936631141934));
#3415 = CARTESIAN_POINT('',(-0.16960788304,-2.96285554248));
#3416 = CARTESIAN_POINT('',(-8.293023684444E-02,-2.981935150291));
#3417 = CARTESIAN_POINT('',(7.777693677609E-03,-2.994155645027));
#3418 = CARTESIAN_POINT('',(0.101419250067,-3.));
#3419 = CARTESIAN_POINT('',(0.197224362268,-3.));
#3420 = ( GEOMETRIC_REPRESENTATION_CONTEXT(2) 
PARAMETRIC_REPRESENTATION_CONTEXT() REPRESENTATION_CONTEXT('2D SPACE',''
  ) );
#3421 = PCURVE('',#2398,#3422);
#3422 = DEFINITIONAL_REPRESENTATION('',(#3423),#3441);
#3423 = B_SPLINE_CURVE_WITH_KNOTS('',6,(#3424,#3425,#3426,#3427,#3428,
    #3429,#3430,#3431,#3432,#3433,#3434,#3435,#3436,#3437,#3438,#3439,
    #3440),.UNSPECIFIED.,.F.,.F.,(7,5,5,7),(0.,0.365800225354,
    0.565394357828,1.),.UNSPECIFIED.);
#3424 = CARTESIAN_POINT('',(0.848062078981,0.));
#3425 = CARTESIAN_POINT('',(0.848062078981,0.105070714983));
#3426 = CARTESIAN_POINT('',(0.849939863176,0.210183249767));
#3427 = CARTESIAN_POINT('',(0.853697674476,0.31464882803));
#3428 = CARTESIAN_POINT('',(0.859272627877,0.418007223476));
#3429 = CARTESIAN_POINT('',(0.86657809134,0.519870790259));
#3430 = CARTESIAN_POINT('',(0.880353951615,0.674458633054));
#3431 = CARTESIAN_POINT('',(0.885697305371,0.728499519374));
#3432 = CARTESIAN_POINT('',(0.891503191801,0.781969612747));
#3433 = CARTESIAN_POINT('',(0.897753197075,0.834843498799));
#3434 = CARTESIAN_POINT('',(0.9044288949,0.887106913205));
#3435 = CARTESIAN_POINT('',(0.926936824822,1.051212312976));
#3436 = CARTESIAN_POINT('',(0.944290743062,1.16071451107));
#3437 = CARTESIAN_POINT('',(0.963397990536,1.267273798848));
#3438 = CARTESIAN_POINT('',(0.984095669363,1.371012726474));
#3439 = CARTESIAN_POINT('',(1.00623432438,1.472101971226));
#3440 = CARTESIAN_POINT('',(1.029696800838,1.570796326795));
#3441 = ( GEOMETRIC_REPRESENTATION_CONTEXT(2) 
PARAMETRIC_REPRESENTATION_CONTEXT() REPRESENTATION_CONTEXT('2D SPACE',''
  ) );
#3442 = ORIENTED_EDGE('',*,*,#3443,.T.);
#3443 = EDGE_CURVE('',#3377,#3444,#3446,.T.);
#3444 = VERTEX_POINT('',#3445);
#3445 = CARTESIAN_POINT('',(116.,67.,35.997770791776));
#3446 = SURFACE_CURVE('',#3447,(#3451,#3458),.PCURVE_S1.);
#3447 = LINE('',#3448,#3449);
#3448 = CARTESIAN_POINT('',(116.,67.,31.));
#3449 = VECTOR('',#3450,1.);
#3450 = DIRECTION('',(0.,0.,1.));
#3451 = PCURVE('',#1535,#3452);
#3452 = DEFINITIONAL_REPRESENTATION('',(#3453),#3457);
#3453 = LINE('',#3454,#3455);
#3454 = CARTESIAN_POINT('',(0.,-0.));
#3455 = VECTOR('',#3456,1.);
#3456 = DIRECTION('',(0.,-1.));
#3457 = ( GEOMETRIC_REPRESENTATION_CONTEXT(2) 
PARAMETRIC_REPRESENTATION_CONTEXT() REPRESENTATION_CONTEXT('2D SPACE',''
  ) );
#3458 = PCURVE('',#1868,#3459);
#3459 = DEFINITIONAL_REPRESENTATION('',(#3460),#3464);
#3460 = LINE('',#3461,#3462);
#3461 = CARTESIAN_POINT('',(22.,0.));
#3462 = VECTOR('',#3463,1.);
#3463 = DIRECTION('',(0.,-1.));
#3464 = ( GEOMETRIC_REPRESENTATION_CONTEXT(2) 
PARAMETRIC_REPRESENTATION_CONTEXT() REPRESENTATION_CONTEXT('2D SPACE',''
  ) );
#3465 = ORIENTED_EDGE('',*,*,#3466,.T.);
#3466 = EDGE_CURVE('',#3444,#3325,#3467,.T.);
#3467 = SURFACE_CURVE('',#3468,(#3495,#3525),.PCURVE_S1.);
#3468 = B_SPLINE_CURVE_WITH_KNOTS('',7,(#3469,#3470,#3471,#3472,#3473,
    #3474,#3475,#3476,#3477,#3478,#3479,#3480,#3481,#3482,#3483,#3484,
    #3485,#3486,#3487,#3488,#3489,#3490,#3491,#3492,#3493,#3494),
  .UNSPECIFIED.,.F.,.F.,(8,6,6,6,8),(0.,0.314982716736,0.452304341686,
    0.658275295451,1.),.UNSPECIFIED.);
#3469 = CARTESIAN_POINT('',(119.1961524227,67.,33.5));
#3470 = CARTESIAN_POINT('',(119.1961524227,67.,33.70970054173));
#3471 = CARTESIAN_POINT('',(119.17245607201,67.,33.919544709474));
#3472 = CARTESIAN_POINT('',(119.12500752871,67.,34.12611932666));
#3473 = CARTESIAN_POINT('',(119.05465687163,67.,34.326404120428));
#3474 = CARTESIAN_POINT('',(118.96275585447,67.,34.517731273044));
#3475 = CARTESIAN_POINT('',(118.85114518547,67.,34.697796634906));
#3476 = CARTESIAN_POINT('',(118.66607214681,67.,34.937553252718));
#3477 = CARTESIAN_POINT('',(118.60657660263,67.,35.007884894817));
#3478 = CARTESIAN_POINT('',(118.54395748919,67.,35.075619945307));
#3479 = CARTESIAN_POINT('',(118.47840430576,67.,35.140646590435));
#3480 = CARTESIAN_POINT('',(118.41011101529,67.,35.202876785196));
#3481 = CARTESIAN_POINT('',(118.33927397987,67.,35.262244785653));
#3482 = CARTESIAN_POINT('',(118.15631989065,67.,35.403392303077));
#3483 = CARTESIAN_POINT('',(118.04126390258,67.,35.481543229295));
#3484 = CARTESIAN_POINT('',(117.92158471478,67.,35.553007531374));
#3485 = CARTESIAN_POINT('',(117.79792406833,67.,35.617759354753));
#3486 = CARTESIAN_POINT('',(117.67088803274,67.,35.675877005855));
#3487 = CARTESIAN_POINT('',(117.5410372168,67.,35.727528587106));
#3488 = CARTESIAN_POINT('',(117.18962389572,67.,35.84834599598));
#3489 = CARTESIAN_POINT('',(116.96405480364,67.,35.906606441734));
#3490 = CARTESIAN_POINT('',(116.73439017858,67.,35.948935673465));
#3491 = CARTESIAN_POINT('',(116.50239991682,67.,35.977093049665));
#3492 = CARTESIAN_POINT('',(116.26937132269,67.,35.993260651089));
#3493 = CARTESIAN_POINT('',(116.03608476705,67.,36.));
#3494 = CARTESIAN_POINT('',(115.80277563773,67.,36.));
#3495 = PCURVE('',#1535,#3496);
#3496 = DEFINITIONAL_REPRESENTATION('',(#3497),#3524);
#3497 = B_SPLINE_CURVE_WITH_KNOTS('',7,(#3498,#3499,#3500,#3501,#3502,
    #3503,#3504,#3505,#3506,#3507,#3508,#3509,#3510,#3511,#3512,#3513,
    #3514,#3515,#3516,#3517,#3518,#3519,#3520,#3521,#3522,#3523),
  .UNSPECIFIED.,.F.,.F.,(8,6,6,6,8),(0.,0.314982716736,0.452304341686,
    0.658275295451,1.),.UNSPECIFIED.);
#3498 = CARTESIAN_POINT('',(-3.196152422707,-2.5));
#3499 = CARTESIAN_POINT('',(-3.196152422707,-2.70970054173));
#3500 = CARTESIAN_POINT('',(-3.172456072015,-2.919544709474));
#3501 = CARTESIAN_POINT('',(-3.125007528718,-3.12611932666));
#3502 = CARTESIAN_POINT('',(-3.054656871632,-3.326404120428));
#3503 = CARTESIAN_POINT('',(-2.962755854479,-3.517731273044));
#3504 = CARTESIAN_POINT('',(-2.851145185471,-3.697796634906));
#3505 = CARTESIAN_POINT('',(-2.666072146817,-3.937553252718));
#3506 = CARTESIAN_POINT('',(-2.606576602637,-4.007884894817));
#3507 = CARTESIAN_POINT('',(-2.543957489195,-4.075619945307));
#3508 = CARTESIAN_POINT('',(-2.478404305765,-4.140646590435));
#3509 = CARTESIAN_POINT('',(-2.410111015297,-4.202876785196));
#3510 = CARTESIAN_POINT('',(-2.339273979871,-4.262244785653));
#3511 = CARTESIAN_POINT('',(-2.156319890657,-4.403392303077));
#3512 = CARTESIAN_POINT('',(-2.041263902582,-4.481543229295));
#3513 = CARTESIAN_POINT('',(-1.92158471478,-4.553007531374));
#3514 = CARTESIAN_POINT('',(-1.797924068338,-4.617759354753));
#3515 = CARTESIAN_POINT('',(-1.670888032747,-4.675877005855));
#3516 = CARTESIAN_POINT('',(-1.541037216806,-4.727528587106));
#3517 = CARTESIAN_POINT('',(-1.189623895721,-4.84834599598));
#3518 = CARTESIAN_POINT('',(-0.96405480364,-4.906606441734));
#3519 = CARTESIAN_POINT('',(-0.734390178583,-4.948935673465));
#3520 = CARTESIAN_POINT('',(-0.50239991682,-4.977093049665));
#3521 = CARTESIAN_POINT('',(-0.269371322693,-4.993260651089));
#3522 = CARTESIAN_POINT('',(-3.608476705707E-02,-5.));
#3523 = CARTESIAN_POINT('',(0.197224362268,-5.));
#3524 = ( GEOMETRIC_REPRESENTATION_CONTEXT(2) 
PARAMETRIC_REPRESENTATION_CONTEXT() REPRESENTATION_CONTEXT('2D SPACE',''
  ) );
#3525 = PCURVE('',#1898,#3526);
#3526 = DEFINITIONAL_REPRESENTATION('',(#3527),#3554);
#3527 = B_SPLINE_CURVE_WITH_KNOTS('',7,(#3528,#3529,#3530,#3531,#3532,
    #3533,#3534,#3535,#3536,#3537,#3538,#3539,#3540,#3541,#3542,#3543,
    #3544,#3545,#3546,#3547,#3548,#3549,#3550,#3551,#3552,#3553),
  .UNSPECIFIED.,.F.,.F.,(8,6,6,6,8),(0.,0.314982716736,0.452304341686,
    0.658275295451,1.),.UNSPECIFIED.);
#3528 = CARTESIAN_POINT('',(0.523598775598,0.));
#3529 = CARTESIAN_POINT('',(0.523598775598,8.388021669218E-02));
#3530 = CARTESIAN_POINT('',(0.525573524965,0.167817817884));
#3531 = CARTESIAN_POINT('',(0.529527275787,0.251411991609));
#3532 = CARTESIAN_POINT('',(0.535475796904,0.334422485849));
#3533 = CARTESIAN_POINT('',(0.543473613816,0.416621208711));
#3534 = CARTESIAN_POINT('',(0.553610670938,0.497757038968));
#3535 = CARTESIAN_POINT('',(0.571349442312,0.61222021066));
#3536 = CARTESIAN_POINT('',(0.577158469601,0.646715533023));
#3537 = CARTESIAN_POINT('',(0.583399251348,0.680933397397));
#3538 = CARTESIAN_POINT('',(0.590081276748,0.71485423048));
#3539 = CARTESIAN_POINT('',(0.597215047112,0.748459246503));
#3540 = CARTESIAN_POINT('',(0.604811896427,0.781729559557));
#3541 = CARTESIAN_POINT('',(0.624991010142,0.864016147842));
#3542 = CARTESIAN_POINT('',(0.638167601477,0.91259194614));
#3543 = CARTESIAN_POINT('',(0.652454210467,0.960306390876));
#3544 = CARTESIAN_POINT('',(0.6678970034,1.007099740332));
#3545 = CARTESIAN_POINT('',(0.68454704729,1.052911719421));
#3546 = CARTESIAN_POINT('',(0.702458448272,1.097677133226));
#3547 = CARTESIAN_POINT('',(0.75358432921,1.213738649109));
#3548 = CARTESIAN_POINT('',(0.789099406893,1.283063913717));
#3549 = CARTESIAN_POINT('',(0.828492810235,1.34901221236));
#3550 = CARTESIAN_POINT('',(0.872040767272,1.411244485192));
#3551 = CARTESIAN_POINT('',(0.920005927872,1.469330665695));
#3552 = CARTESIAN_POINT('',(0.972559871207,1.522727296577));
#3553 = CARTESIAN_POINT('',(1.029696800838,1.570796326795));
#3554 = ( GEOMETRIC_REPRESENTATION_CONTEXT(2) 
PARAMETRIC_REPRESENTATION_CONTEXT() REPRESENTATION_CONTEXT('2D SPACE',''
  ) );
#3555 = ORIENTED_EDGE('',*,*,#3352,.T.);
#3556 = ORIENTED_EDGE('',*,*,#1471,.F.);
#3557 = ORIENTED_EDGE('',*,*,#3558,.F.);
#3558 = EDGE_CURVE('',#3559,#1472,#3561,.T.);
#3559 = VERTEX_POINT('',#3560);
#3560 = CARTESIAN_POINT('',(4.,67.,33.988731959511));
#3561 = SURFACE_CURVE('',#3562,(#3566,#3573),.PCURVE_S1.);
#3562 = LINE('',#3563,#3564);
#3563 = CARTESIAN_POINT('',(4.,67.,31.));
#3564 = VECTOR('',#3565,1.);
#3565 = DIRECTION('',(0.,0.,1.));
#3566 = PCURVE('',#1535,#3567);
#3567 = DEFINITIONAL_REPRESENTATION('',(#3568),#3572);
#3568 = LINE('',#3569,#3570);
#3569 = CARTESIAN_POINT('',(112.,0.));
#3570 = VECTOR('',#3571,1.);
#3571 = DIRECTION('',(0.,-1.));
#3572 = ( GEOMETRIC_REPRESENTATION_CONTEXT(2) 
PARAMETRIC_REPRESENTATION_CONTEXT() REPRESENTATION_CONTEXT('2D SPACE',''
  ) );
#3573 = PCURVE('',#1695,#3574);
#3574 = DEFINITIONAL_REPRESENTATION('',(#3575),#3579);
#3575 = LINE('',#3576,#3577);
#3576 = CARTESIAN_POINT('',(0.,0.));
#3577 = VECTOR('',#3578,1.);
#3578 = DIRECTION('',(0.,-1.));
#3579 = ( GEOMETRIC_REPRESENTATION_CONTEXT(2) 
PARAMETRIC_REPRESENTATION_CONTEXT() REPRESENTATION_CONTEXT('2D SPACE',''
  ) );
#3580 = ORIENTED_EDGE('',*,*,#3581,.T.);
#3581 = EDGE_CURVE('',#3559,#3582,#3584,.T.);
#3582 = VERTEX_POINT('',#3583);
#3583 = CARTESIAN_POINT('',(4.197224362268,67.,34.));
#3584 = SURFACE_CURVE('',#3585,(#3603,#3624),.PCURVE_S1.);
#3585 = B_SPLINE_CURVE_WITH_KNOTS('',6,(#3586,#3587,#3588,#3589,#3590,
    #3591,#3592,#3593,#3594,#3595,#3596,#3597,#3598,#3599,#3600,#3601,
    #3602),.UNSPECIFIED.,.F.,.F.,(7,5,5,7),(0.,0.365800225354,
    0.565394357828,1.),.UNSPECIFIED.);
#3586 = CARTESIAN_POINT('',(3.354248688935,67.,33.5));
#3587 = CARTESIAN_POINT('',(3.354248688935,67.,33.552535357492));
#3588 = CARTESIAN_POINT('',(3.364263168161,67.,33.605091795771));
#3589 = CARTESIAN_POINT('',(3.384306684773,67.,33.656279767798));
#3590 = CARTESIAN_POINT('',(3.413785734171,67.,33.704825235126));
#3591 = CARTESIAN_POINT('',(3.451765967103,67.,33.74976777484));
#3592 = CARTESIAN_POINT('',(3.521859527764,67.,33.812680733222));
#3593 = CARTESIAN_POINT('',(3.548806392664,67.,33.833635850594));
#3594 = CARTESIAN_POINT('',(3.577782807973,67.,33.853239239902));
#3595 = CARTESIAN_POINT('',(3.608610184458,67.,33.871425218042));
#3596 = CARTESIAN_POINT('',(3.641112805732,67.,33.888154906842));
#3597 = CARTESIAN_POINT('',(3.749188667915,67.,33.936631141934));
#3598 = CARTESIAN_POINT('',(3.830392116961,67.,33.96285554248));
#3599 = CARTESIAN_POINT('',(3.917069763155,67.,33.981935150291));
#3600 = CARTESIAN_POINT('',(4.007777693678,67.,33.994155645027));
#3601 = CARTESIAN_POINT('',(4.101419250067,67.,34.));
#3602 = CARTESIAN_POINT('',(4.197224362268,67.,34.));
#3603 = PCURVE('',#1535,#3604);
#3604 = DEFINITIONAL_REPRESENTATION('',(#3605),#3623);
#3605 = B_SPLINE_CURVE_WITH_KNOTS('',6,(#3606,#3607,#3608,#3609,#3610,
    #3611,#3612,#3613,#3614,#3615,#3616,#3617,#3618,#3619,#3620,#3621,
    #3622),.UNSPECIFIED.,.F.,.F.,(7,5,5,7),(0.,0.365800225354,
    0.565394357828,1.),.UNSPECIFIED.);
#3606 = CARTESIAN_POINT('',(112.64575131106,-2.5));
#3607 = CARTESIAN_POINT('',(112.64575131106,-2.552535357492));
#3608 = CARTESIAN_POINT('',(112.63573683183,-2.605091795771));
#3609 = CARTESIAN_POINT('',(112.61569331522,-2.656279767798));
#3610 = CARTESIAN_POINT('',(112.58621426582,-2.704825235126));
#3611 = CARTESIAN_POINT('',(112.54823403289,-2.74976777484));
#3612 = CARTESIAN_POINT('',(112.47814047223,-2.812680733222));
#3613 = CARTESIAN_POINT('',(112.45119360733,-2.833635850594));
#3614 = CARTESIAN_POINT('',(112.42221719202,-2.853239239902));
#3615 = CARTESIAN_POINT('',(112.39138981554,-2.871425218042));
#3616 = CARTESIAN_POINT('',(112.35888719426,-2.888154906842));
#3617 = CARTESIAN_POINT('',(112.25081133208,-2.936631141934));
#3618 = CARTESIAN_POINT('',(112.16960788303,-2.96285554248));
#3619 = CARTESIAN_POINT('',(112.08293023684,-2.981935150291));
#3620 = CARTESIAN_POINT('',(111.99222230632,-2.994155645027));
#3621 = CARTESIAN_POINT('',(111.89858074993,-3.));
#3622 = CARTESIAN_POINT('',(111.80277563773,-3.));
#3623 = ( GEOMETRIC_REPRESENTATION_CONTEXT(2) 
PARAMETRIC_REPRESENTATION_CONTEXT() REPRESENTATION_CONTEXT('2D SPACE',''
  ) );
#3624 = PCURVE('',#2289,#3625);
#3625 = DEFINITIONAL_REPRESENTATION('',(#3626),#3644);
#3626 = B_SPLINE_CURVE_WITH_KNOTS('',6,(#3627,#3628,#3629,#3630,#3631,
    #3632,#3633,#3634,#3635,#3636,#3637,#3638,#3639,#3640,#3641,#3642,
    #3643),.UNSPECIFIED.,.F.,.F.,(7,5,5,7),(0.,0.365800225354,
    0.565394357828,1.),.UNSPECIFIED.);
#3627 = CARTESIAN_POINT('',(0.722734247813,0.));
#3628 = CARTESIAN_POINT('',(0.722734247813,0.105070714983));
#3629 = CARTESIAN_POINT('',(0.720856463619,0.210183249767));
#3630 = CARTESIAN_POINT('',(0.717098652319,0.31464882803));
#3631 = CARTESIAN_POINT('',(0.711523698918,0.418007223475));
#3632 = CARTESIAN_POINT('',(0.704218235455,0.519870790259));
#3633 = CARTESIAN_POINT('',(0.69044237518,0.674458633054));
#3634 = CARTESIAN_POINT('',(0.685099021424,0.728499519374));
#3635 = CARTESIAN_POINT('',(0.679293134994,0.781969612747));
#3636 = CARTESIAN_POINT('',(0.67304312972,0.834843498799));
#3637 = CARTESIAN_POINT('',(0.666367431895,0.887106913205));
#3638 = CARTESIAN_POINT('',(0.643859501973,1.051212312976));
#3639 = CARTESIAN_POINT('',(0.626505583733,1.16071451107));
#3640 = CARTESIAN_POINT('',(0.607398336259,1.267273798848));
#3641 = CARTESIAN_POINT('',(0.586700657432,1.371012726474));
#3642 = CARTESIAN_POINT('',(0.564562002415,1.472101971226));
#3643 = CARTESIAN_POINT('',(0.541099525957,1.570796326795));
#3644 = ( GEOMETRIC_REPRESENTATION_CONTEXT(2) 
PARAMETRIC_REPRESENTATION_CONTEXT() REPRESENTATION_CONTEXT('2D SPACE',''
  ) );
#3645 = ORIENTED_EDGE('',*,*,#3646,.F.);
#3646 = EDGE_CURVE('',#3379,#3582,#3647,.T.);
#3647 = SURFACE_CURVE('',#3648,(#3652,#3658),.PCURVE_S1.);
#3648 = LINE('',#3649,#3650);
#3649 = CARTESIAN_POINT('',(58.,67.,34.));
#3650 = VECTOR('',#3651,1.);
#3651 = DIRECTION('',(-1.,-0.,-0.));
#3652 = PCURVE('',#1535,#3653);
#3653 = DEFINITIONAL_REPRESENTATION('',(#3654),#3657);
#3654 = B_SPLINE_CURVE_WITH_KNOTS('',1,(#3655,#3656),.UNSPECIFIED.,.F.,
  .F.,(2,2),(-58.,54.),.PIECEWISE_BEZIER_KNOTS.);
#3655 = CARTESIAN_POINT('',(0.,-3.));
#3656 = CARTESIAN_POINT('',(112.,-3.));
#3657 = ( GEOMETRIC_REPRESENTATION_CONTEXT(2) 
PARAMETRIC_REPRESENTATION_CONTEXT() REPRESENTATION_CONTEXT('2D SPACE',''
  ) );
#3658 = PCURVE('',#3659,#3664);
#3659 = PLANE('',#3660);
#3660 = AXIS2_PLACEMENT_3D('',#3661,#3662,#3663);
#3661 = CARTESIAN_POINT('',(0.,70.,34.));
#3662 = DIRECTION('',(0.,0.,-1.));
#3663 = DIRECTION('',(0.,-1.,0.));
#3664 = DEFINITIONAL_REPRESENTATION('',(#3665),#3668);
#3665 = B_SPLINE_CURVE_WITH_KNOTS('',1,(#3666,#3667),.UNSPECIFIED.,.F.,
  .F.,(2,2),(-58.,54.),.PIECEWISE_BEZIER_KNOTS.);
#3666 = CARTESIAN_POINT('',(3.,-116.));
#3667 = CARTESIAN_POINT('',(3.,-4.));
#3668 = ( GEOMETRIC_REPRESENTATION_CONTEXT(2) 
PARAMETRIC_REPRESENTATION_CONTEXT() REPRESENTATION_CONTEXT('2D SPACE',''
  ) );
#3669 = ADVANCED_FACE('',(#3670),#1695,.T.);
#3670 = FACE_BOUND('',#3671,.T.);
#3671 = EDGE_LOOP('',(#3672,#3737,#3738,#3739,#3740,#3763));
#3672 = ORIENTED_EDGE('',*,*,#3673,.F.);
#3673 = EDGE_CURVE('',#3559,#3674,#3676,.T.);
#3674 = VERTEX_POINT('',#3675);
#3675 = CARTESIAN_POINT('',(4.,66.872281323269,34.));
#3676 = SURFACE_CURVE('',#3677,(#3695,#3716),.PCURVE_S1.);
#3677 = B_SPLINE_CURVE_WITH_KNOTS('',6,(#3678,#3679,#3680,#3681,#3682,
    #3683,#3684,#3685,#3686,#3687,#3688,#3689,#3690,#3691,#3692,#3693,
    #3694),.UNSPECIFIED.,.F.,.F.,(7,5,5,7),(0.,0.295970530178,
    0.594443292398,1.),.UNSPECIFIED.);
#3678 = CARTESIAN_POINT('',(4.,67.464101615138,33.5));
#3679 = CARTESIAN_POINT('',(4.,67.464101615138,33.539585284065));
#3680 = CARTESIAN_POINT('',(4.,67.459758991662,33.579173077879));
#3681 = CARTESIAN_POINT('',(4.,67.451072949023,33.618279080662));
#3682 = CARTESIAN_POINT('',(4.,67.4381407518,33.65642940873));
#3683 = CARTESIAN_POINT('',(4.,67.421146716036,33.693180282447));
#3684 = CARTESIAN_POINT('',(4.,67.37937987271,33.763390685516));
#3685 = CARTESIAN_POINT('',(4.,67.354540221055,33.796823425749));
#3686 = CARTESIAN_POINT('',(4.,67.326097697489,33.828032027344));
#3687 = CARTESIAN_POINT('',(4.,67.29438498723,33.8566774907));
#3688 = CARTESIAN_POINT('',(4.,67.259781329294,33.882487959051));
#3689 = CARTESIAN_POINT('',(4.,67.172295639374,33.93620428378));
#3690 = CARTESIAN_POINT('',(4.,67.117307292338,33.961541210321));
#3691 = CARTESIAN_POINT('',(4.,67.058737816122,33.980765022439));
#3692 = CARTESIAN_POINT('',(4.,66.997665805153,33.993609568818));
#3693 = CARTESIAN_POINT('',(4.,66.935159477793,34.));
#3694 = CARTESIAN_POINT('',(4.,66.872281323269,34.));
#3695 = PCURVE('',#1695,#3696);
#3696 = DEFINITIONAL_REPRESENTATION('',(#3697),#3715);
#3697 = B_SPLINE_CURVE_WITH_KNOTS('',6,(#3698,#3699,#3700,#3701,#3702,
    #3703,#3704,#3705,#3706,#3707,#3708,#3709,#3710,#3711,#3712,#3713,
    #3714),.UNSPECIFIED.,.F.,.F.,(7,5,5,7),(0.,0.295970530178,
    0.594443292398,1.),.UNSPECIFIED.);
#3698 = CARTESIAN_POINT('',(-0.464101615138,-2.5));
#3699 = CARTESIAN_POINT('',(-0.464101615138,-2.539585284065));
#3700 = CARTESIAN_POINT('',(-0.459758991662,-2.579173077879));
#3701 = CARTESIAN_POINT('',(-0.451072949023,-2.618279080662));
#3702 = CARTESIAN_POINT('',(-0.4381407518,-2.65642940873));
#3703 = CARTESIAN_POINT('',(-0.421146716036,-2.693180282447));
#3704 = CARTESIAN_POINT('',(-0.37937987271,-2.763390685516));
#3705 = CARTESIAN_POINT('',(-0.354540221055,-2.796823425749));
#3706 = CARTESIAN_POINT('',(-0.326097697489,-2.828032027344));
#3707 = CARTESIAN_POINT('',(-0.29438498723,-2.8566774907));
#3708 = CARTESIAN_POINT('',(-0.259781329294,-2.882487959051));
#3709 = CARTESIAN_POINT('',(-0.172295639374,-2.93620428378));
#3710 = CARTESIAN_POINT('',(-0.117307292338,-2.961541210321));
#3711 = CARTESIAN_POINT('',(-5.873781612199E-02,-2.980765022439));
#3712 = CARTESIAN_POINT('',(2.334194847291E-03,-2.993609568818));
#3713 = CARTESIAN_POINT('',(6.484052220687E-02,-3.));
#3714 = CARTESIAN_POINT('',(0.127718676731,-3.));
#3715 = ( GEOMETRIC_REPRESENTATION_CONTEXT(2) 
PARAMETRIC_REPRESENTATION_CONTEXT() REPRESENTATION_CONTEXT('2D SPACE',''
  ) );
#3716 = PCURVE('',#2289,#3717);
#3717 = DEFINITIONAL_REPRESENTATION('',(#3718),#3736);
#3718 = B_SPLINE_CURVE_WITH_KNOTS('',6,(#3719,#3720,#3721,#3722,#3723,
    #3724,#3725,#3726,#3727,#3728,#3729,#3730,#3731,#3732,#3733,#3734,
    #3735),.UNSPECIFIED.,.F.,.F.,(7,5,5,7),(0.,0.295970530178,
    0.594443292398,1.),.UNSPECIFIED.);
#3719 = CARTESIAN_POINT('',(0.523598775598,0.));
#3720 = CARTESIAN_POINT('',(0.523598775598,7.917056812936E-02));
#3721 = CARTESIAN_POINT('',(0.524141651555,0.158345889447));
#3722 = CARTESIAN_POINT('',(0.525227270216,0.237451925415));
#3723 = CARTESIAN_POINT('',(0.52685159626,0.316431799816));
#3724 = CARTESIAN_POINT('',(0.529006394033,0.395234738903));
#3725 = CARTESIAN_POINT('',(0.534374059016,0.553039543086));
#3726 = CARTESIAN_POINT('',(0.537595979124,0.632045466738));
#3727 = CARTESIAN_POINT('',(0.541331547611,0.710770908053));
#3728 = CARTESIAN_POINT('',(0.545564023022,0.789187211094));
#3729 = CARTESIAN_POINT('',(0.550272015772,0.867280399796));
#3730 = CARTESIAN_POINT('',(0.562434848361,1.050703864843));
#3731 = CARTESIAN_POINT('',(0.57026953348,1.155760357407));
#3732 = CARTESIAN_POINT('',(0.57886518319,1.260208286543));
#3733 = CARTESIAN_POINT('',(0.588137880937,1.364117187393));
#3734 = CARTESIAN_POINT('',(0.597979757763,1.467594184577));
#3735 = CARTESIAN_POINT('',(0.60824557891,1.570796326795));
#3736 = ( GEOMETRIC_REPRESENTATION_CONTEXT(2) 
PARAMETRIC_REPRESENTATION_CONTEXT() REPRESENTATION_CONTEXT('2D SPACE',''
  ) );
#3737 = ORIENTED_EDGE('',*,*,#3558,.T.);
#3738 = ORIENTED_EDGE('',*,*,#1653,.T.);
#3739 = ORIENTED_EDGE('',*,*,#1806,.T.);
#3740 = ORIENTED_EDGE('',*,*,#3741,.F.);
#3741 = EDGE_CURVE('',#3742,#1807,#3744,.T.);
#3742 = VERTEX_POINT('',#3743);
#3743 = CARTESIAN_POINT('',(4.,45.,34.));
#3744 = SURFACE_CURVE('',#3745,(#3749,#3756),.PCURVE_S1.);
#3745 = LINE('',#3746,#3747);
#3746 = CARTESIAN_POINT('',(4.,45.,31.));
#3747 = VECTOR('',#3748,1.);
#3748 = DIRECTION('',(0.,0.,1.));
#3749 = PCURVE('',#1695,#3750);
#3750 = DEFINITIONAL_REPRESENTATION('',(#3751),#3755);
#3751 = LINE('',#3752,#3753);
#3752 = CARTESIAN_POINT('',(22.,0.));
#3753 = VECTOR('',#3754,1.);
#3754 = DIRECTION('',(0.,-1.));
#3755 = ( GEOMETRIC_REPRESENTATION_CONTEXT(2) 
PARAMETRIC_REPRESENTATION_CONTEXT() REPRESENTATION_CONTEXT('2D SPACE',''
  ) );
#3756 = PCURVE('',#1842,#3757);
#3757 = DEFINITIONAL_REPRESENTATION('',(#3758),#3762);
#3758 = LINE('',#3759,#3760);
#3759 = CARTESIAN_POINT('',(0.,0.));
#3760 = VECTOR('',#3761,1.);
#3761 = DIRECTION('',(0.,-1.));
#3762 = ( GEOMETRIC_REPRESENTATION_CONTEXT(2) 
PARAMETRIC_REPRESENTATION_CONTEXT() REPRESENTATION_CONTEXT('2D SPACE',''
  ) );
#3763 = ORIENTED_EDGE('',*,*,#3764,.F.);
#3764 = EDGE_CURVE('',#3674,#3742,#3765,.T.);
#3765 = SURFACE_CURVE('',#3766,(#3770,#3776),.PCURVE_S1.);
#3766 = LINE('',#3767,#3768);
#3767 = CARTESIAN_POINT('',(4.,68.5,34.));
#3768 = VECTOR('',#3769,1.);
#3769 = DIRECTION('',(0.,-1.,0.));
#3770 = PCURVE('',#1695,#3771);
#3771 = DEFINITIONAL_REPRESENTATION('',(#3772),#3775);
#3772 = B_SPLINE_CURVE_WITH_KNOTS('',1,(#3773,#3774),.UNSPECIFIED.,.F.,
  .F.,(2,2),(1.5,23.5),.PIECEWISE_BEZIER_KNOTS.);
#3773 = CARTESIAN_POINT('',(0.,-3.));
#3774 = CARTESIAN_POINT('',(22.,-3.));
#3775 = ( GEOMETRIC_REPRESENTATION_CONTEXT(2) 
PARAMETRIC_REPRESENTATION_CONTEXT() REPRESENTATION_CONTEXT('2D SPACE',''
  ) );
#3776 = PCURVE('',#3777,#3782);
#3777 = PLANE('',#3778);
#3778 = AXIS2_PLACEMENT_3D('',#3779,#3780,#3781);
#3779 = CARTESIAN_POINT('',(0.,70.,34.));
#3780 = DIRECTION('',(0.,0.,-1.));
#3781 = DIRECTION('',(0.,-1.,0.));
#3782 = DEFINITIONAL_REPRESENTATION('',(#3783),#3786);
#3783 = B_SPLINE_CURVE_WITH_KNOTS('',1,(#3784,#3785),.UNSPECIFIED.,.F.,
  .F.,(2,2),(1.5,23.5),.PIECEWISE_BEZIER_KNOTS.);
#3784 = CARTESIAN_POINT('',(3.,-4.));
#3785 = CARTESIAN_POINT('',(25.,-4.));
#3786 = ( GEOMETRIC_REPRESENTATION_CONTEXT(2) 
PARAMETRIC_REPRESENTATION_CONTEXT() REPRESENTATION_CONTEXT('2D SPACE',''
  ) );
#3787 = ADVANCED_FACE('',(#3788),#1898,.T.);
#3788 = FACE_BOUND('',#3789,.T.);
#3789 = EDGE_LOOP('',(#3790,#3853,#3854,#3855,#3856,#3857,#3858));
#3790 = ORIENTED_EDGE('',*,*,#3791,.T.);
#3791 = EDGE_CURVE('',#3444,#1854,#3792,.T.);
#3792 = SURFACE_CURVE('',#3793,(#3811,#3832),.PCURVE_S1.);
#3793 = B_SPLINE_CURVE_WITH_KNOTS('',6,(#3794,#3795,#3796,#3797,#3798,
    #3799,#3800,#3801,#3802,#3803,#3804,#3805,#3806,#3807,#3808,#3809,
    #3810),.UNSPECIFIED.,.F.,.F.,(7,5,5,7),(0.,0.398618962504,
    0.650323755456,1.),.UNSPECIFIED.);
#3794 = CARTESIAN_POINT('',(116.,69.2,34.899816836631));
#3795 = CARTESIAN_POINT('',(116.,69.096300015242,35.043037133397));
#3796 = CARTESIAN_POINT('',(116.,68.980142412926,35.177406110688));
#3797 = CARTESIAN_POINT('',(116.,68.852664448653,35.301671090026));
#3798 = CARTESIAN_POINT('',(116.,68.715158571764,35.414898085927));
#3799 = CARTESIAN_POINT('',(116.,68.568989907797,35.516407168825));
#3800 = CARTESIAN_POINT('',(116.,68.318760847937,35.662256937532));
#3801 = CARTESIAN_POINT('',(116.,68.21902507804,35.713885166116));
#3802 = CARTESIAN_POINT('',(116.,68.116760016969,35.760595754321));
#3803 = CARTESIAN_POINT('',(116.,68.012316245805,35.802344755997));
#3804 = CARTESIAN_POINT('',(116.,67.906035514681,35.839136403269));
#3805 = CARTESIAN_POINT('',(116.,67.64850573402,35.915313313093));
#3806 = CARTESIAN_POINT('',(116.,67.495843288308,35.950137861965));
#3807 = CARTESIAN_POINT('',(116.,67.341151373357,35.975622113898));
#3808 = CARTESIAN_POINT('',(116.,67.185223797252,35.992086261611));
#3809 = CARTESIAN_POINT('',(116.,67.028744405033,36.));
#3810 = CARTESIAN_POINT('',(116.,66.872281323269,36.));
#3811 = PCURVE('',#1898,#3812);
#3812 = DEFINITIONAL_REPRESENTATION('',(#3813),#3831);
#3813 = B_SPLINE_CURVE_WITH_KNOTS('',6,(#3814,#3815,#3816,#3817,#3818,
    #3819,#3820,#3821,#3822,#3823,#3824,#3825,#3826,#3827,#3828,#3829,
    #3830),.UNSPECIFIED.,.F.,.F.,(7,5,5,7),(0.,0.398618962504,
    0.650323755456,1.),.UNSPECIFIED.);
#3814 = CARTESIAN_POINT('',(1.203622492977,0.594297370536));
#3815 = CARTESIAN_POINT('',(1.196940792928,0.663440648859));
#3816 = CARTESIAN_POINT('',(1.189177853136,0.732187692095));
#3817 = CARTESIAN_POINT('',(1.180260563116,0.80044579376));
#3818 = CARTESIAN_POINT('',(1.170094371494,0.868150790179));
#3819 = CARTESIAN_POINT('',(1.158556319267,0.935230299905));
#3820 = CARTESIAN_POINT('',(1.137258071266,1.043472883971));
#3821 = CARTESIAN_POINT('',(1.128408982959,1.085080546908));
#3822 = CARTESIAN_POINT('',(1.118916879104,1.126377709065));
#3823 = CARTESIAN_POINT('',(1.108739050815,1.167342477521));
#3824 = CARTESIAN_POINT('',(1.097827373898,1.207951351442));
#3825 = CARTESIAN_POINT('',(1.069875546376,1.304057670482));
#3826 = CARTESIAN_POINT('',(1.052101880069,1.359202414334));
#3827 = CARTESIAN_POINT('',(1.032664012354,1.413532458856));
#3828 = CARTESIAN_POINT('',(1.011394213984,1.466973350367));
#3829 = CARTESIAN_POINT('',(0.988095740826,1.519435642506));
#3830 = CARTESIAN_POINT('',(0.962550747885,1.570796326795));
#3831 = ( GEOMETRIC_REPRESENTATION_CONTEXT(2) 
PARAMETRIC_REPRESENTATION_CONTEXT() REPRESENTATION_CONTEXT('2D SPACE',''
  ) );
#3832 = PCURVE('',#1868,#3833);
#3833 = DEFINITIONAL_REPRESENTATION('',(#3834),#3852);
#3834 = B_SPLINE_CURVE_WITH_KNOTS('',6,(#3835,#3836,#3837,#3838,#3839,
    #3840,#3841,#3842,#3843,#3844,#3845,#3846,#3847,#3848,#3849,#3850,
    #3851),.UNSPECIFIED.,.F.,.F.,(7,5,5,7),(0.,0.398618962504,
    0.650323755456,1.),.UNSPECIFIED.);
#3835 = CARTESIAN_POINT('',(24.2,-3.899816836631));
#3836 = CARTESIAN_POINT('',(24.096300015242,-4.043037133397));
#3837 = CARTESIAN_POINT('',(23.980142412926,-4.177406110688));
#3838 = CARTESIAN_POINT('',(23.852664448653,-4.301671090026));
#3839 = CARTESIAN_POINT('',(23.715158571764,-4.414898085927));
#3840 = CARTESIAN_POINT('',(23.568989907797,-4.516407168825));
#3841 = CARTESIAN_POINT('',(23.318760847937,-4.662256937532));
#3842 = CARTESIAN_POINT('',(23.21902507804,-4.713885166116));
#3843 = CARTESIAN_POINT('',(23.116760016969,-4.760595754321));
#3844 = CARTESIAN_POINT('',(23.012316245805,-4.802344755997));
#3845 = CARTESIAN_POINT('',(22.906035514681,-4.839136403269));
#3846 = CARTESIAN_POINT('',(22.64850573402,-4.915313313093));
#3847 = CARTESIAN_POINT('',(22.495843288308,-4.950137861965));
#3848 = CARTESIAN_POINT('',(22.341151373357,-4.975622113898));
#3849 = CARTESIAN_POINT('',(22.185223797252,-4.992086261611));
#3850 = CARTESIAN_POINT('',(22.028744405033,-5.));
#3851 = CARTESIAN_POINT('',(21.872281323269,-5.));
#3852 = ( GEOMETRIC_REPRESENTATION_CONTEXT(2) 
PARAMETRIC_REPRESENTATION_CONTEXT() REPRESENTATION_CONTEXT('2D SPACE',''
  ) );
#3853 = ORIENTED_EDGE('',*,*,#1879,.F.);
#3854 = ORIENTED_EDGE('',*,*,#2523,.F.);
#3855 = ORIENTED_EDGE('',*,*,#2020,.T.);
#3856 = ORIENTED_EDGE('',*,*,#3276,.T.);
#3857 = ORIENTED_EDGE('',*,*,#3324,.F.);
#3858 = ORIENTED_EDGE('',*,*,#3466,.F.);
#3859 = ADVANCED_FACE('',(#3860),#1868,.T.);
#3860 = FACE_BOUND('',#3861,.T.);
#3861 = EDGE_LOOP('',(#3862,#3885,#3906,#3907,#3908,#3909));
#3862 = ORIENTED_EDGE('',*,*,#3863,.F.);
#3863 = EDGE_CURVE('',#3864,#3866,#3868,.T.);
#3864 = VERTEX_POINT('',#3865);
#3865 = CARTESIAN_POINT('',(116.,45.,34.));
#3866 = VERTEX_POINT('',#3867);
#3867 = CARTESIAN_POINT('',(116.,66.872281323269,34.));
#3868 = SURFACE_CURVE('',#3869,(#3873,#3879),.PCURVE_S1.);
#3869 = LINE('',#3870,#3871);
#3870 = CARTESIAN_POINT('',(116.,57.5,34.));
#3871 = VECTOR('',#3872,1.);
#3872 = DIRECTION('',(0.,1.,0.));
#3873 = PCURVE('',#1868,#3874);
#3874 = DEFINITIONAL_REPRESENTATION('',(#3875),#3878);
#3875 = B_SPLINE_CURVE_WITH_KNOTS('',1,(#3876,#3877),.UNSPECIFIED.,.F.,
  .F.,(2,2),(-12.5,9.5),.PIECEWISE_BEZIER_KNOTS.);
#3876 = CARTESIAN_POINT('',(0.,-3.));
#3877 = CARTESIAN_POINT('',(22.,-3.));
#3878 = ( GEOMETRIC_REPRESENTATION_CONTEXT(2) 
PARAMETRIC_REPRESENTATION_CONTEXT() REPRESENTATION_CONTEXT('2D SPACE',''
  ) );
#3879 = PCURVE('',#3777,#3880);
#3880 = DEFINITIONAL_REPRESENTATION('',(#3881),#3884);
#3881 = B_SPLINE_CURVE_WITH_KNOTS('',1,(#3882,#3883),.UNSPECIFIED.,.F.,
  .F.,(2,2),(-12.5,9.5),.PIECEWISE_BEZIER_KNOTS.);
#3882 = CARTESIAN_POINT('',(25.,-116.));
#3883 = CARTESIAN_POINT('',(3.,-116.));
#3884 = ( GEOMETRIC_REPRESENTATION_CONTEXT(2) 
PARAMETRIC_REPRESENTATION_CONTEXT() REPRESENTATION_CONTEXT('2D SPACE',''
  ) );
#3885 = ORIENTED_EDGE('',*,*,#3886,.T.);
#3886 = EDGE_CURVE('',#3864,#1828,#3887,.T.);
#3887 = SURFACE_CURVE('',#3888,(#3892,#3899),.PCURVE_S1.);
#3888 = LINE('',#3889,#3890);
#3889 = CARTESIAN_POINT('',(116.,45.,31.));
#3890 = VECTOR('',#3891,1.);
#3891 = DIRECTION('',(0.,0.,1.));
#3892 = PCURVE('',#1868,#3893);
#3893 = DEFINITIONAL_REPRESENTATION('',(#3894),#3898);
#3894 = LINE('',#3895,#3896);
#3895 = CARTESIAN_POINT('',(0.,0.));
#3896 = VECTOR('',#3897,1.);
#3897 = DIRECTION('',(0.,-1.));
#3898 = ( GEOMETRIC_REPRESENTATION_CONTEXT(2) 
PARAMETRIC_REPRESENTATION_CONTEXT() REPRESENTATION_CONTEXT('2D SPACE',''
  ) );
#3899 = PCURVE('',#1842,#3900);
#3900 = DEFINITIONAL_REPRESENTATION('',(#3901),#3905);
#3901 = LINE('',#3902,#3903);
#3902 = CARTESIAN_POINT('',(112.,0.));
#3903 = VECTOR('',#3904,1.);
#3904 = DIRECTION('',(0.,-1.));
#3905 = ( GEOMETRIC_REPRESENTATION_CONTEXT(2) 
PARAMETRIC_REPRESENTATION_CONTEXT() REPRESENTATION_CONTEXT('2D SPACE',''
  ) );
#3906 = ORIENTED_EDGE('',*,*,#1853,.T.);
#3907 = ORIENTED_EDGE('',*,*,#3791,.F.);
#3908 = ORIENTED_EDGE('',*,*,#3443,.F.);
#3909 = ORIENTED_EDGE('',*,*,#3910,.T.);
#3910 = EDGE_CURVE('',#3377,#3866,#3911,.T.);
#3911 = SURFACE_CURVE('',#3912,(#3930,#3951),.PCURVE_S1.);
#3912 = B_SPLINE_CURVE_WITH_KNOTS('',6,(#3913,#3914,#3915,#3916,#3917,
    #3918,#3919,#3920,#3921,#3922,#3923,#3924,#3925,#3926,#3927,#3928,
    #3929),.UNSPECIFIED.,.F.,.F.,(7,5,5,7),(0.,0.295970530191,
    0.594443292412,1.),.UNSPECIFIED.);
#3913 = CARTESIAN_POINT('',(116.,67.464101615138,33.5));
#3914 = CARTESIAN_POINT('',(116.,67.464101615138,33.539585284066));
#3915 = CARTESIAN_POINT('',(116.,67.459758991662,33.579173077883));
#3916 = CARTESIAN_POINT('',(116.,67.451072949022,33.618279080668));
#3917 = CARTESIAN_POINT('',(116.,67.438140751798,33.656429408737));
#3918 = CARTESIAN_POINT('',(116.,67.421146716032,33.693180282455));
#3919 = CARTESIAN_POINT('',(116.,67.379379872703,33.763390685525));
#3920 = CARTESIAN_POINT('',(116.,67.354540221047,33.796823425757));
#3921 = CARTESIAN_POINT('',(116.,67.326097697481,33.828032027352));
#3922 = CARTESIAN_POINT('',(116.,67.294384987221,33.856677490708));
#3923 = CARTESIAN_POINT('',(116.,67.259781329285,33.882487959058));
#3924 = CARTESIAN_POINT('',(116.,67.172295639365,33.936204283784));
#3925 = CARTESIAN_POINT('',(116.,67.11730729233,33.961541210323));
#3926 = CARTESIAN_POINT('',(116.,67.058737816116,33.98076502244));
#3927 = CARTESIAN_POINT('',(116.,66.997665805148,33.993609568819));
#3928 = CARTESIAN_POINT('',(116.,66.935159477791,34.));
#3929 = CARTESIAN_POINT('',(116.,66.872281323269,34.));
#3930 = PCURVE('',#1868,#3931);
#3931 = DEFINITIONAL_REPRESENTATION('',(#3932),#3950);
#3932 = B_SPLINE_CURVE_WITH_KNOTS('',6,(#3933,#3934,#3935,#3936,#3937,
    #3938,#3939,#3940,#3941,#3942,#3943,#3944,#3945,#3946,#3947,#3948,
    #3949),.UNSPECIFIED.,.F.,.F.,(7,5,5,7),(0.,0.295970530191,
    0.594443292412,1.),.UNSPECIFIED.);
#3933 = CARTESIAN_POINT('',(22.464101615138,-2.5));
#3934 = CARTESIAN_POINT('',(22.464101615138,-2.539585284066));
#3935 = CARTESIAN_POINT('',(22.459758991662,-2.579173077883));
#3936 = CARTESIAN_POINT('',(22.451072949022,-2.618279080668));
#3937 = CARTESIAN_POINT('',(22.438140751798,-2.656429408737));
#3938 = CARTESIAN_POINT('',(22.421146716032,-2.693180282455));
#3939 = CARTESIAN_POINT('',(22.379379872703,-2.763390685525));
#3940 = CARTESIAN_POINT('',(22.354540221047,-2.796823425757));
#3941 = CARTESIAN_POINT('',(22.326097697481,-2.828032027352));
#3942 = CARTESIAN_POINT('',(22.294384987221,-2.856677490708));
#3943 = CARTESIAN_POINT('',(22.259781329285,-2.882487959058));
#3944 = CARTESIAN_POINT('',(22.172295639365,-2.936204283784));
#3945 = CARTESIAN_POINT('',(22.11730729233,-2.961541210323));
#3946 = CARTESIAN_POINT('',(22.058737816116,-2.98076502244));
#3947 = CARTESIAN_POINT('',(21.997665805148,-2.993609568819));
#3948 = CARTESIAN_POINT('',(21.935159477791,-3.));
#3949 = CARTESIAN_POINT('',(21.872281323269,-3.));
#3950 = ( GEOMETRIC_REPRESENTATION_CONTEXT(2) 
PARAMETRIC_REPRESENTATION_CONTEXT() REPRESENTATION_CONTEXT('2D SPACE',''
  ) );
#3951 = PCURVE('',#2398,#3952);
#3952 = DEFINITIONAL_REPRESENTATION('',(#3953),#3971);
#3953 = B_SPLINE_CURVE_WITH_KNOTS('',6,(#3954,#3955,#3956,#3957,#3958,
    #3959,#3960,#3961,#3962,#3963,#3964,#3965,#3966,#3967,#3968,#3969,
    #3970),.UNSPECIFIED.,.F.,.F.,(7,5,5,7),(0.,0.295970530191,
    0.594443292412,1.),.UNSPECIFIED.);
#3954 = CARTESIAN_POINT('',(1.047197551197,0.));
#3955 = CARTESIAN_POINT('',(1.047197551197,7.917056813296E-02));
#3956 = CARTESIAN_POINT('',(1.04665467524,0.158345889454));
#3957 = CARTESIAN_POINT('',(1.045569056579,0.237451925426));
#3958 = CARTESIAN_POINT('',(1.043944730534,0.316431799831));
#3959 = CARTESIAN_POINT('',(1.041789932761,0.395234738921));
#3960 = CARTESIAN_POINT('',(1.036422267778,0.553039543108));
#3961 = CARTESIAN_POINT('',(1.03320034767,0.632045466759));
#3962 = CARTESIAN_POINT('',(1.029464779183,0.710770908074));
#3963 = CARTESIAN_POINT('',(1.025232303772,0.789187211115));
#3964 = CARTESIAN_POINT('',(1.020524311021,0.867280399818));
#3965 = CARTESIAN_POINT('',(1.008361478433,1.050703864861));
#3966 = CARTESIAN_POINT('',(1.000526793314,1.155760357422));
#3967 = CARTESIAN_POINT('',(0.991931143604,1.260208286554));
#3968 = CARTESIAN_POINT('',(0.982658445857,1.3641171874));
#3969 = CARTESIAN_POINT('',(0.972816569031,1.46759418458));
#3970 = CARTESIAN_POINT('',(0.962550747885,1.570796326795));
#3971 = ( GEOMETRIC_REPRESENTATION_CONTEXT(2) 
PARAMETRIC_REPRESENTATION_CONTEXT() REPRESENTATION_CONTEXT('2D SPACE',''
  ) );
#3972 = ADVANCED_FACE('',(#3973),#1842,.T.);
#3973 = FACE_BOUND('',#3974,.T.);
#3974 = EDGE_LOOP('',(#3975,#3994,#3995,#3996));
#3975 = ORIENTED_EDGE('',*,*,#3976,.F.);
#3976 = EDGE_CURVE('',#3742,#3864,#3977,.T.);
#3977 = SURFACE_CURVE('',#3978,(#3982,#3988),.PCURVE_S1.);
#3978 = LINE('',#3979,#3980);
#3979 = CARTESIAN_POINT('',(2.,45.,34.));
#3980 = VECTOR('',#3981,1.);
#3981 = DIRECTION('',(1.,-0.,0.));
#3982 = PCURVE('',#1842,#3983);
#3983 = DEFINITIONAL_REPRESENTATION('',(#3984),#3987);
#3984 = B_SPLINE_CURVE_WITH_KNOTS('',1,(#3985,#3986),.UNSPECIFIED.,.F.,
  .F.,(2,2),(2.,114.),.PIECEWISE_BEZIER_KNOTS.);
#3985 = CARTESIAN_POINT('',(0.,-3.));
#3986 = CARTESIAN_POINT('',(112.,-3.));
#3987 = ( GEOMETRIC_REPRESENTATION_CONTEXT(2) 
PARAMETRIC_REPRESENTATION_CONTEXT() REPRESENTATION_CONTEXT('2D SPACE',''
  ) );
#3988 = PCURVE('',#3777,#3989);
#3989 = DEFINITIONAL_REPRESENTATION('',(#3990),#3993);
#3990 = B_SPLINE_CURVE_WITH_KNOTS('',1,(#3991,#3992),.UNSPECIFIED.,.F.,
  .F.,(2,2),(2.,114.),.PIECEWISE_BEZIER_KNOTS.);
#3991 = CARTESIAN_POINT('',(25.,-4.));
#3992 = CARTESIAN_POINT('',(25.,-116.));
#3993 = ( GEOMETRIC_REPRESENTATION_CONTEXT(2) 
PARAMETRIC_REPRESENTATION_CONTEXT() REPRESENTATION_CONTEXT('2D SPACE',''
  ) );
#3994 = ORIENTED_EDGE('',*,*,#3741,.T.);
#3995 = ORIENTED_EDGE('',*,*,#1827,.T.);
#3996 = ORIENTED_EDGE('',*,*,#3886,.F.);
#3997 = ADVANCED_FACE('',(#3998,#4105,#4111,#4114,#4117,#4120,#4123,
    #4126,#4129,#4132,#4135,#4138),#2083,.T.);
#3998 = FACE_BOUND('',#3999,.T.);
#3999 = EDGE_LOOP('',(#4000,#4030,#4065,#4066,#4067,#4068,#4069,#4070));
#4000 = ORIENTED_EDGE('',*,*,#4001,.T.);
#4001 = EDGE_CURVE('',#4002,#4004,#4006,.T.);
#4002 = VERTEX_POINT('',#4003);
#4003 = CARTESIAN_POINT('',(2.384189736347,42.177706308808,
    33.986403107343));
#4004 = VERTEX_POINT('',#4005);
#4005 = CARTESIAN_POINT('',(117.61581026365,42.177706308808,
    33.986403107343));
#4006 = SURFACE_CURVE('',#4007,(#4011,#4018),.PCURVE_S1.);
#4007 = LINE('',#4008,#4009);
#4008 = CARTESIAN_POINT('',(0.,42.177706308808,33.986403107343));
#4009 = VECTOR('',#4010,1.);
#4010 = DIRECTION('',(1.,0.,0.));
#4011 = PCURVE('',#2083,#4012);
#4012 = DEFINITIONAL_REPRESENTATION('',(#4013),#4017);
#4013 = LINE('',#4014,#4015);
#4014 = CARTESIAN_POINT('',(0.293516572461,0.));
#4015 = VECTOR('',#4016,1.);
#4016 = DIRECTION('',(0.,-1.));
#4017 = ( GEOMETRIC_REPRESENTATION_CONTEXT(2) 
PARAMETRIC_REPRESENTATION_CONTEXT() REPRESENTATION_CONTEXT('2D SPACE',''
  ) );
#4018 = PCURVE('',#4019,#4024);
#4019 = CYLINDRICAL_SURFACE('',#4020,0.5);
#4020 = AXIS2_PLACEMENT_3D('',#4021,#4022,#4023);
#4021 = CARTESIAN_POINT('',(0.,42.293516572461,33.5));
#4022 = DIRECTION('',(1.,0.,0.));
#4023 = DIRECTION('',(0.,-0.231620527306,0.972806214685));
#4024 = DEFINITIONAL_REPRESENTATION('',(#4025),#4029);
#4025 = LINE('',#4026,#4027);
#4026 = CARTESIAN_POINT('',(-0.,0.));
#4027 = VECTOR('',#4028,1.);
#4028 = DIRECTION('',(-0.,1.));
#4029 = ( GEOMETRIC_REPRESENTATION_CONTEXT(2) 
PARAMETRIC_REPRESENTATION_CONTEXT() REPRESENTATION_CONTEXT('2D SPACE',''
  ) );
#4030 = ORIENTED_EDGE('',*,*,#4031,.T.);
#4031 = EDGE_CURVE('',#4004,#2415,#4032,.T.);
#4032 = SURFACE_CURVE('',#4033,(#4038,#4045),.PCURVE_S1.);
#4033 = ELLIPSE('',#4034,2.158703314492,0.5);
#4034 = AXIS2_PLACEMENT_3D('',#4035,#4036,#4037);
#4035 = CARTESIAN_POINT('',(117.5,40.134813257969,33.5));
#4036 = DIRECTION('',(0.,0.231620527306,-0.972806214685));
#4037 = DIRECTION('',(0.,0.972806214685,0.231620527306));
#4038 = PCURVE('',#2083,#4039);
#4039 = DEFINITIONAL_REPRESENTATION('',(#4040),#4044);
#4040 = ELLIPSE('',#4041,2.158703314492,0.5);
#4041 = AXIS2_PLACEMENT_2D('',#4042,#4043);
#4042 = CARTESIAN_POINT('',(2.393516572461,-117.5));
#4043 = DIRECTION('',(-1.,0.));
#4044 = ( GEOMETRIC_REPRESENTATION_CONTEXT(2) 
PARAMETRIC_REPRESENTATION_CONTEXT() REPRESENTATION_CONTEXT('2D SPACE',''
  ) );
#4045 = PCURVE('',#2430,#4046);
#4046 = DEFINITIONAL_REPRESENTATION('',(#4047),#4064);
#4047 = B_SPLINE_CURVE_WITH_KNOTS('',8,(#4048,#4049,#4050,#4051,#4052,
    #4053,#4054,#4055,#4056,#4057,#4058,#4059,#4060,#4061,#4062,#4063),
  .UNSPECIFIED.,.F.,.F.,(9,7,9),(0.233743180871,0.902269753833,
    1.570796326795),.UNSPECIFIED.);
#4048 = CARTESIAN_POINT('',(-1.337053145924,0.177706288792));
#4049 = CARTESIAN_POINT('',(-1.253487238622,0.137059657526));
#4050 = CARTESIAN_POINT('',(-1.169921809546,8.010937749922E-02));
#4051 = CARTESIAN_POINT('',(-1.086354082318,7.285490294576E-03));
#4052 = CARTESIAN_POINT('',(-1.002792024164,-8.072944331047E-02));
#4053 = CARTESIAN_POINT('',(-0.919222397438,-0.183039224625));
#4054 = CARTESIAN_POINT('',(-0.835658955859,-0.298506608366));
#4055 = CARTESIAN_POINT('',(-0.752092455643,-0.425831043566));
#4056 = CARTESIAN_POINT('',(-0.584960690281,-0.701254865163));
#4057 = CARTESIAN_POINT('',(-0.501395401576,-0.849353920035));
#4058 = CARTESIAN_POINT('',(-0.417827786004,-1.00638002519));
#4059 = CARTESIAN_POINT('',(-0.33426466214,-1.170700715391));
#4060 = CARTESIAN_POINT('',(-0.250696745138,-1.340590817177));
#4061 = CARTESIAN_POINT('',(-0.167131811426,-1.514210246408));
#4062 = CARTESIAN_POINT('',(-8.356582162024E-02,-1.689698516628));
#4063 = CARTESIAN_POINT('',(0.,-1.865186742031));
#4064 = ( GEOMETRIC_REPRESENTATION_CONTEXT(2) 
PARAMETRIC_REPRESENTATION_CONTEXT() REPRESENTATION_CONTEXT('2D SPACE',''
  ) );
#4065 = ORIENTED_EDGE('',*,*,#2442,.F.);
#4066 = ORIENTED_EDGE('',*,*,#2491,.T.);
#4067 = ORIENTED_EDGE('',*,*,#2068,.T.);
#4068 = ORIENTED_EDGE('',*,*,#2144,.T.);
#4069 = ORIENTED_EDGE('',*,*,#2225,.T.);
#4070 = ORIENTED_EDGE('',*,*,#4071,.T.);
#4071 = EDGE_CURVE('',#2198,#4002,#4072,.T.);
#4072 = SURFACE_CURVE('',#4073,(#4078,#4085),.PCURVE_S1.);
#4073 = ELLIPSE('',#4074,2.158703314492,0.5);
#4074 = AXIS2_PLACEMENT_3D('',#4075,#4076,#4077);
#4075 = CARTESIAN_POINT('',(2.5,40.134813257969,33.5));
#4076 = DIRECTION('',(0.,0.231620527306,-0.972806214685));
#4077 = DIRECTION('',(0.,-0.972806214685,-0.231620527306));
#4078 = PCURVE('',#2083,#4079);
#4079 = DEFINITIONAL_REPRESENTATION('',(#4080),#4084);
#4080 = ELLIPSE('',#4081,2.158703314492,0.5);
#4081 = AXIS2_PLACEMENT_2D('',#4082,#4083);
#4082 = CARTESIAN_POINT('',(2.393516572461,-2.5));
#4083 = DIRECTION('',(1.,0.));
#4084 = ( GEOMETRIC_REPRESENTATION_CONTEXT(2) 
PARAMETRIC_REPRESENTATION_CONTEXT() REPRESENTATION_CONTEXT('2D SPACE',''
  ) );
#4085 = PCURVE('',#2213,#4086);
#4086 = DEFINITIONAL_REPRESENTATION('',(#4087),#4104);
#4087 = B_SPLINE_CURVE_WITH_KNOTS('',8,(#4088,#4089,#4090,#4091,#4092,
    #4093,#4094,#4095,#4096,#4097,#4098,#4099,#4100,#4101,#4102,#4103),
  .UNSPECIFIED.,.F.,.F.,(9,7,9),(1.570796326795,2.239322899758,
    2.907849472721),.UNSPECIFIED.);
#4088 = CARTESIAN_POINT('',(-5.551115123126E-17,23.865186742031));
#4089 = CARTESIAN_POINT('',(-8.356582162037E-02,23.689698516628));
#4090 = CARTESIAN_POINT('',(-0.167131811426,23.514210246409));
#4091 = CARTESIAN_POINT('',(-0.25069674514,23.340590817172));
#4092 = CARTESIAN_POINT('',(-0.334264662138,23.170700715397));
#4093 = CARTESIAN_POINT('',(-0.417827786006,23.006380025184));
#4094 = CARTESIAN_POINT('',(-0.501395401578,22.849353920033));
#4095 = CARTESIAN_POINT('',(-0.584960690281,22.701254865164));
#4096 = CARTESIAN_POINT('',(-0.752092455645,22.425831043565));
#4097 = CARTESIAN_POINT('',(-0.835658955865,22.298506608358));
#4098 = CARTESIAN_POINT('',(-0.919222397444,22.183039224628));
#4099 = CARTESIAN_POINT('',(-1.002792024148,22.080729443323));
#4100 = CARTESIAN_POINT('',(-1.086354082337,21.992714509691));
#4101 = CARTESIAN_POINT('',(-1.169921809544,21.919890622504));
#4102 = CARTESIAN_POINT('',(-1.253487238624,21.862940342473));
#4103 = CARTESIAN_POINT('',(-1.337053145926,21.822293711207));
#4104 = ( GEOMETRIC_REPRESENTATION_CONTEXT(2) 
PARAMETRIC_REPRESENTATION_CONTEXT() REPRESENTATION_CONTEXT('2D SPACE',''
  ) );
#4105 = FACE_BOUND('',#4106,.T.);
#4106 = EDGE_LOOP('',(#4107,#4108,#4109,#4110));
#4107 = ORIENTED_EDGE('',*,*,#2649,.T.);
#4108 = ORIENTED_EDGE('',*,*,#2768,.T.);
#4109 = ORIENTED_EDGE('',*,*,#2743,.T.);
#4110 = ORIENTED_EDGE('',*,*,#2696,.T.);
#4111 = FACE_BOUND('',#4112,.T.);
#4112 = EDGE_LOOP('',(#4113));
#4113 = ORIENTED_EDGE('',*,*,#2572,.T.);
#4114 = FACE_BOUND('',#4115,.T.);
#4115 = EDGE_LOOP('',(#4116));
#4116 = ORIENTED_EDGE('',*,*,#2814,.T.);
#4117 = FACE_BOUND('',#4118,.T.);
#4118 = EDGE_LOOP('',(#4119));
#4119 = ORIENTED_EDGE('',*,*,#2868,.T.);
#4120 = FACE_BOUND('',#4121,.T.);
#4121 = EDGE_LOOP('',(#4122));
#4122 = ORIENTED_EDGE('',*,*,#2922,.T.);
#4123 = FACE_BOUND('',#4124,.T.);
#4124 = EDGE_LOOP('',(#4125));
#4125 = ORIENTED_EDGE('',*,*,#2976,.T.);
#4126 = FACE_BOUND('',#4127,.T.);
#4127 = EDGE_LOOP('',(#4128));
#4128 = ORIENTED_EDGE('',*,*,#3030,.T.);
#4129 = FACE_BOUND('',#4130,.T.);
#4130 = EDGE_LOOP('',(#4131));
#4131 = ORIENTED_EDGE('',*,*,#3084,.T.);
#4132 = FACE_BOUND('',#4133,.T.);
#4133 = EDGE_LOOP('',(#4134));
#4134 = ORIENTED_EDGE('',*,*,#3138,.T.);
#4135 = FACE_BOUND('',#4136,.T.);
#4136 = EDGE_LOOP('',(#4137));
#4137 = ORIENTED_EDGE('',*,*,#3192,.T.);
#4138 = FACE_BOUND('',#4139,.T.);
#4139 = EDGE_LOOP('',(#4140));
#4140 = ORIENTED_EDGE('',*,*,#3246,.T.);
#4141 = ADVANCED_FACE('',(#4142),#2213,.F.);
#4142 = FACE_BOUND('',#4143,.T.);
#4143 = EDGE_LOOP('',(#4144,#4169,#4197,#4198,#4199));
#4144 = ORIENTED_EDGE('',*,*,#4145,.T.);
#4145 = EDGE_CURVE('',#4146,#4148,#4150,.T.);
#4146 = VERTEX_POINT('',#4147);
#4147 = CARTESIAN_POINT('',(2.5,64.,34.));
#4148 = VERTEX_POINT('',#4149);
#4149 = CARTESIAN_POINT('',(2.5,42.293516572461,34.));
#4150 = SURFACE_CURVE('',#4151,(#4155,#4162),.PCURVE_S1.);
#4151 = LINE('',#4152,#4153);
#4152 = CARTESIAN_POINT('',(2.5,64.,34.));
#4153 = VECTOR('',#4154,1.);
#4154 = DIRECTION('',(0.,-1.,0.));
#4155 = PCURVE('',#2213,#4156);
#4156 = DEFINITIONAL_REPRESENTATION('',(#4157),#4161);
#4157 = LINE('',#4158,#4159);
#4158 = CARTESIAN_POINT('',(-1.570796326795,0.));
#4159 = VECTOR('',#4160,1.);
#4160 = DIRECTION('',(-0.,1.));
#4161 = ( GEOMETRIC_REPRESENTATION_CONTEXT(2) 
PARAMETRIC_REPRESENTATION_CONTEXT() REPRESENTATION_CONTEXT('2D SPACE',''
  ) );
#4162 = PCURVE('',#3777,#4163);
#4163 = DEFINITIONAL_REPRESENTATION('',(#4164),#4168);
#4164 = LINE('',#4165,#4166);
#4165 = CARTESIAN_POINT('',(6.,-2.5));
#4166 = VECTOR('',#4167,1.);
#4167 = DIRECTION('',(1.,0.));
#4168 = ( GEOMETRIC_REPRESENTATION_CONTEXT(2) 
PARAMETRIC_REPRESENTATION_CONTEXT() REPRESENTATION_CONTEXT('2D SPACE',''
  ) );
#4169 = ORIENTED_EDGE('',*,*,#4170,.T.);
#4170 = EDGE_CURVE('',#4148,#4002,#4171,.T.);
#4171 = SURFACE_CURVE('',#4172,(#4177,#4187),.PCURVE_S1.);
#4172 = ELLIPSE('',#4173,0.707106781187,0.5);
#4173 = AXIS2_PLACEMENT_3D('',#4174,#4175,#4176);
#4174 = CARTESIAN_POINT('',(2.5,42.293516572461,33.5));
#4175 = DIRECTION('',(0.707106781187,-0.707106781187,0.));
#4176 = DIRECTION('',(0.707106781187,0.707106781187,0.));
#4177 = PCURVE('',#2213,#4178);
#4178 = DEFINITIONAL_REPRESENTATION('',(#4179),#4186);
#4179 = B_SPLINE_CURVE_WITH_KNOTS('',5,(#4180,#4181,#4182,#4183,#4184,
    #4185),.UNSPECIFIED.,.F.,.F.,(6,6),(1.570796326795,1.804539507664),
  .PIECEWISE_BEZIER_KNOTS.);
#4180 = CARTESIAN_POINT('',(-1.570796326795,21.706483427539));
#4181 = CARTESIAN_POINT('',(-1.524047690621,21.729857745625));
#4182 = CARTESIAN_POINT('',(-1.477299054447,21.753232063969));
#4183 = CARTESIAN_POINT('',(-1.430550418273,21.776499957963));
#4184 = CARTESIAN_POINT('',(-1.3838017821,21.799555009293));
#4185 = CARTESIAN_POINT('',(-1.337053145926,21.822293691192));
#4186 = ( GEOMETRIC_REPRESENTATION_CONTEXT(2) 
PARAMETRIC_REPRESENTATION_CONTEXT() REPRESENTATION_CONTEXT('2D SPACE',''
  ) );
#4187 = PCURVE('',#4019,#4188);
#4188 = DEFINITIONAL_REPRESENTATION('',(#4189),#4196);
#4189 = B_SPLINE_CURVE_WITH_KNOTS('',5,(#4190,#4191,#4192,#4193,#4194,
    #4195),.UNSPECIFIED.,.F.,.F.,(6,6),(1.570796326795,1.804539507664),
  .PIECEWISE_BEZIER_KNOTS.);
#4190 = CARTESIAN_POINT('',(-0.233743180869,2.5));
#4191 = CARTESIAN_POINT('',(-0.186994544695,2.476625681913));
#4192 = CARTESIAN_POINT('',(-0.140245908521,2.45325136357));
#4193 = CARTESIAN_POINT('',(-9.349727234738E-02,2.429983469576));
#4194 = CARTESIAN_POINT('',(-4.674863617363E-02,2.406928418246));
#4195 = CARTESIAN_POINT('',(1.989519660128E-13,2.384189736347));
#4196 = ( GEOMETRIC_REPRESENTATION_CONTEXT(2) 
PARAMETRIC_REPRESENTATION_CONTEXT() REPRESENTATION_CONTEXT('2D SPACE',''
  ) );
#4197 = ORIENTED_EDGE('',*,*,#4071,.F.);
#4198 = ORIENTED_EDGE('',*,*,#2197,.F.);
#4199 = ORIENTED_EDGE('',*,*,#4200,.T.);
#4200 = EDGE_CURVE('',#2175,#4146,#4201,.T.);
#4201 = SURFACE_CURVE('',#4202,(#4207,#4214),.PCURVE_S1.);
#4202 = CIRCLE('',#4203,0.5);
#4203 = AXIS2_PLACEMENT_3D('',#4204,#4205,#4206);
#4204 = CARTESIAN_POINT('',(2.5,64.,33.5));
#4205 = DIRECTION('',(6.123233995737E-17,1.,-0.));
#4206 = DIRECTION('',(-1.,6.123233995737E-17,0.));
#4207 = PCURVE('',#2213,#4208);
#4208 = DEFINITIONAL_REPRESENTATION('',(#4209),#4213);
#4209 = LINE('',#4210,#4211);
#4210 = CARTESIAN_POINT('',(-0.,0.));
#4211 = VECTOR('',#4212,1.);
#4212 = DIRECTION('',(-1.,0.));
#4213 = ( GEOMETRIC_REPRESENTATION_CONTEXT(2) 
PARAMETRIC_REPRESENTATION_CONTEXT() REPRESENTATION_CONTEXT('2D SPACE',''
  ) );
#4214 = PCURVE('',#2289,#4215);
#4215 = DEFINITIONAL_REPRESENTATION('',(#4216),#4220);
#4216 = LINE('',#4217,#4218);
#4217 = CARTESIAN_POINT('',(1.570796326795,0.));
#4218 = VECTOR('',#4219,1.);
#4219 = DIRECTION('',(0.,1.));
#4220 = ( GEOMETRIC_REPRESENTATION_CONTEXT(2) 
PARAMETRIC_REPRESENTATION_CONTEXT() REPRESENTATION_CONTEXT('2D SPACE',''
  ) );
#4221 = ADVANCED_FACE('',(#4222),#2289,.F.);
#4222 = FACE_BOUND('',#4223,.F.);
#4223 = EDGE_LOOP('',(#4224,#4225,#4253,#4275,#4276,#4277,#4303));
#4224 = ORIENTED_EDGE('',*,*,#3581,.T.);
#4225 = ORIENTED_EDGE('',*,*,#4226,.F.);
#4226 = EDGE_CURVE('',#4227,#3582,#4229,.T.);
#4227 = VERTEX_POINT('',#4228);
#4228 = CARTESIAN_POINT('',(6.,67.5,34.));
#4229 = SURFACE_CURVE('',#4230,(#4235,#4242),.PCURVE_S1.);
#4230 = CIRCLE('',#4231,3.5);
#4231 = AXIS2_PLACEMENT_3D('',#4232,#4233,#4234);
#4232 = CARTESIAN_POINT('',(6.,64.,34.));
#4233 = DIRECTION('',(0.,-0.,1.));
#4234 = DIRECTION('',(0.,1.,0.));
#4235 = PCURVE('',#2289,#4236);
#4236 = DEFINITIONAL_REPRESENTATION('',(#4237),#4241);
#4237 = LINE('',#4238,#4239);
#4238 = CARTESIAN_POINT('',(0.,1.570796326795));
#4239 = VECTOR('',#4240,1.);
#4240 = DIRECTION('',(1.,0.));
#4241 = ( GEOMETRIC_REPRESENTATION_CONTEXT(2) 
PARAMETRIC_REPRESENTATION_CONTEXT() REPRESENTATION_CONTEXT('2D SPACE',''
  ) );
#4242 = PCURVE('',#3659,#4243);
#4243 = DEFINITIONAL_REPRESENTATION('',(#4244),#4252);
#4244 = ( BOUNDED_CURVE() B_SPLINE_CURVE(2,(#4245,#4246,#4247,#4248,
#4249,#4250,#4251),.UNSPECIFIED.,.T.,.F.) B_SPLINE_CURVE_WITH_KNOTS((1,2
    ,2,2,2,1),(-2.094395102393,0.,2.094395102393,4.188790204786,
6.28318530718,8.377580409573),.UNSPECIFIED.) CURVE() 
GEOMETRIC_REPRESENTATION_ITEM() RATIONAL_B_SPLINE_CURVE((1.,0.5,1.,0.5,
1.,0.5,1.)) REPRESENTATION_ITEM('') );
#4245 = CARTESIAN_POINT('',(2.5,-6.));
#4246 = CARTESIAN_POINT('',(2.5,6.217782649107E-02));
#4247 = CARTESIAN_POINT('',(7.75,-2.968911086754));
#4248 = CARTESIAN_POINT('',(13.,-6.));
#4249 = CARTESIAN_POINT('',(7.75,-9.031088913246));
#4250 = CARTESIAN_POINT('',(2.5,-12.06217782649));
#4251 = CARTESIAN_POINT('',(2.5,-6.));
#4252 = ( GEOMETRIC_REPRESENTATION_CONTEXT(2) 
PARAMETRIC_REPRESENTATION_CONTEXT() REPRESENTATION_CONTEXT('2D SPACE',''
  ) );
#4253 = ORIENTED_EDGE('',*,*,#4254,.F.);
#4254 = EDGE_CURVE('',#2250,#4227,#4255,.T.);
#4255 = SURFACE_CURVE('',#4256,(#4261,#4268),.PCURVE_S1.);
#4256 = CIRCLE('',#4257,0.5);
#4257 = AXIS2_PLACEMENT_3D('',#4258,#4259,#4260);
#4258 = CARTESIAN_POINT('',(6.,67.5,33.5));
#4259 = DIRECTION('',(1.,0.,0.));
#4260 = DIRECTION('',(0.,1.,0.));
#4261 = PCURVE('',#2289,#4262);
#4262 = DEFINITIONAL_REPRESENTATION('',(#4263),#4267);
#4263 = LINE('',#4264,#4265);
#4264 = CARTESIAN_POINT('',(0.,0.));
#4265 = VECTOR('',#4266,1.);
#4266 = DIRECTION('',(0.,1.));
#4267 = ( GEOMETRIC_REPRESENTATION_CONTEXT(2) 
PARAMETRIC_REPRESENTATION_CONTEXT() REPRESENTATION_CONTEXT('2D SPACE',''
  ) );
#4268 = PCURVE('',#2320,#4269);
#4269 = DEFINITIONAL_REPRESENTATION('',(#4270),#4274);
#4270 = LINE('',#4271,#4272);
#4271 = CARTESIAN_POINT('',(-0.,108.));
#4272 = VECTOR('',#4273,1.);
#4273 = DIRECTION('',(-1.,0.));
#4274 = ( GEOMETRIC_REPRESENTATION_CONTEXT(2) 
PARAMETRIC_REPRESENTATION_CONTEXT() REPRESENTATION_CONTEXT('2D SPACE',''
  ) );
#4275 = ORIENTED_EDGE('',*,*,#2274,.T.);
#4276 = ORIENTED_EDGE('',*,*,#4200,.T.);
#4277 = ORIENTED_EDGE('',*,*,#4278,.F.);
#4278 = EDGE_CURVE('',#3674,#4146,#4279,.T.);
#4279 = SURFACE_CURVE('',#4280,(#4285,#4292),.PCURVE_S1.);
#4280 = CIRCLE('',#4281,3.5);
#4281 = AXIS2_PLACEMENT_3D('',#4282,#4283,#4284);
#4282 = CARTESIAN_POINT('',(6.,64.,34.));
#4283 = DIRECTION('',(0.,-0.,1.));
#4284 = DIRECTION('',(0.,1.,0.));
#4285 = PCURVE('',#2289,#4286);
#4286 = DEFINITIONAL_REPRESENTATION('',(#4287),#4291);
#4287 = LINE('',#4288,#4289);
#4288 = CARTESIAN_POINT('',(0.,1.570796326795));
#4289 = VECTOR('',#4290,1.);
#4290 = DIRECTION('',(1.,0.));
#4291 = ( GEOMETRIC_REPRESENTATION_CONTEXT(2) 
PARAMETRIC_REPRESENTATION_CONTEXT() REPRESENTATION_CONTEXT('2D SPACE',''
  ) );
#4292 = PCURVE('',#3777,#4293);
#4293 = DEFINITIONAL_REPRESENTATION('',(#4294),#4302);
#4294 = ( BOUNDED_CURVE() B_SPLINE_CURVE(2,(#4295,#4296,#4297,#4298,
#4299,#4300,#4301),.UNSPECIFIED.,.T.,.F.) B_SPLINE_CURVE_WITH_KNOTS((1,2
    ,2,2,2,1),(-2.094395102393,0.,2.094395102393,4.188790204786,
6.28318530718,8.377580409573),.UNSPECIFIED.) CURVE() 
GEOMETRIC_REPRESENTATION_ITEM() RATIONAL_B_SPLINE_CURVE((1.,0.5,1.,0.5,
1.,0.5,1.)) REPRESENTATION_ITEM('') );
#4295 = CARTESIAN_POINT('',(2.5,-6.));
#4296 = CARTESIAN_POINT('',(2.5,6.217782649107E-02));
#4297 = CARTESIAN_POINT('',(7.75,-2.968911086754));
#4298 = CARTESIAN_POINT('',(13.,-6.));
#4299 = CARTESIAN_POINT('',(7.75,-9.031088913246));
#4300 = CARTESIAN_POINT('',(2.5,-12.06217782649));
#4301 = CARTESIAN_POINT('',(2.5,-6.));
#4302 = ( GEOMETRIC_REPRESENTATION_CONTEXT(2) 
PARAMETRIC_REPRESENTATION_CONTEXT() REPRESENTATION_CONTEXT('2D SPACE',''
  ) );
#4303 = ORIENTED_EDGE('',*,*,#3673,.F.);
#4304 = ADVANCED_FACE('',(#4305),#2320,.F.);
#4305 = FACE_BOUND('',#4306,.T.);
#4306 = EDGE_LOOP('',(#4307,#4331,#4352,#4353));
#4307 = ORIENTED_EDGE('',*,*,#4308,.T.);
#4308 = EDGE_CURVE('',#2305,#4309,#4311,.T.);
#4309 = VERTEX_POINT('',#4310);
#4310 = CARTESIAN_POINT('',(114.,67.5,34.));
#4311 = SURFACE_CURVE('',#4312,(#4317,#4324),.PCURVE_S1.);
#4312 = CIRCLE('',#4313,0.5);
#4313 = AXIS2_PLACEMENT_3D('',#4314,#4315,#4316);
#4314 = CARTESIAN_POINT('',(114.,67.5,33.5));
#4315 = DIRECTION('',(1.,-6.123233995737E-17,0.));
#4316 = DIRECTION('',(6.123233995737E-17,1.,0.));
#4317 = PCURVE('',#2320,#4318);
#4318 = DEFINITIONAL_REPRESENTATION('',(#4319),#4323);
#4319 = LINE('',#4320,#4321);
#4320 = CARTESIAN_POINT('',(-0.,0.));
#4321 = VECTOR('',#4322,1.);
#4322 = DIRECTION('',(-1.,0.));
#4323 = ( GEOMETRIC_REPRESENTATION_CONTEXT(2) 
PARAMETRIC_REPRESENTATION_CONTEXT() REPRESENTATION_CONTEXT('2D SPACE',''
  ) );
#4324 = PCURVE('',#2398,#4325);
#4325 = DEFINITIONAL_REPRESENTATION('',(#4326),#4330);
#4326 = LINE('',#4327,#4328);
#4327 = CARTESIAN_POINT('',(1.570796326795,0.));
#4328 = VECTOR('',#4329,1.);
#4329 = DIRECTION('',(0.,1.));
#4330 = ( GEOMETRIC_REPRESENTATION_CONTEXT(2) 
PARAMETRIC_REPRESENTATION_CONTEXT() REPRESENTATION_CONTEXT('2D SPACE',''
  ) );
#4331 = ORIENTED_EDGE('',*,*,#4332,.T.);
#4332 = EDGE_CURVE('',#4309,#4227,#4333,.T.);
#4333 = SURFACE_CURVE('',#4334,(#4338,#4345),.PCURVE_S1.);
#4334 = LINE('',#4335,#4336);
#4335 = CARTESIAN_POINT('',(114.,67.5,34.));
#4336 = VECTOR('',#4337,1.);
#4337 = DIRECTION('',(-1.,-0.,-0.));
#4338 = PCURVE('',#2320,#4339);
#4339 = DEFINITIONAL_REPRESENTATION('',(#4340),#4344);
#4340 = LINE('',#4341,#4342);
#4341 = CARTESIAN_POINT('',(-1.570796326795,0.));
#4342 = VECTOR('',#4343,1.);
#4343 = DIRECTION('',(-0.,1.));
#4344 = ( GEOMETRIC_REPRESENTATION_CONTEXT(2) 
PARAMETRIC_REPRESENTATION_CONTEXT() REPRESENTATION_CONTEXT('2D SPACE',''
  ) );
#4345 = PCURVE('',#3659,#4346);
#4346 = DEFINITIONAL_REPRESENTATION('',(#4347),#4351);
#4347 = LINE('',#4348,#4349);
#4348 = CARTESIAN_POINT('',(2.5,-114.));
#4349 = VECTOR('',#4350,1.);
#4350 = DIRECTION('',(0.,1.));
#4351 = ( GEOMETRIC_REPRESENTATION_CONTEXT(2) 
PARAMETRIC_REPRESENTATION_CONTEXT() REPRESENTATION_CONTEXT('2D SPACE',''
  ) );
#4352 = ORIENTED_EDGE('',*,*,#4254,.F.);
#4353 = ORIENTED_EDGE('',*,*,#2304,.F.);
#4354 = ADVANCED_FACE('',(#4355),#2398,.F.);
#4355 = FACE_BOUND('',#4356,.F.);
#4356 = EDGE_LOOP('',(#4357,#4358,#4386,#4408,#4409,#4410,#4436));
#4357 = ORIENTED_EDGE('',*,*,#3910,.T.);
#4358 = ORIENTED_EDGE('',*,*,#4359,.F.);
#4359 = EDGE_CURVE('',#4360,#3866,#4362,.T.);
#4360 = VERTEX_POINT('',#4361);
#4361 = CARTESIAN_POINT('',(117.5,64.,34.));
#4362 = SURFACE_CURVE('',#4363,(#4368,#4375),.PCURVE_S1.);
#4363 = CIRCLE('',#4364,3.5);
#4364 = AXIS2_PLACEMENT_3D('',#4365,#4366,#4367);
#4365 = CARTESIAN_POINT('',(114.,64.,34.));
#4366 = DIRECTION('',(0.,0.,1.));
#4367 = DIRECTION('',(1.,0.,0.));
#4368 = PCURVE('',#2398,#4369);
#4369 = DEFINITIONAL_REPRESENTATION('',(#4370),#4374);
#4370 = LINE('',#4371,#4372);
#4371 = CARTESIAN_POINT('',(0.,1.570796326795));
#4372 = VECTOR('',#4373,1.);
#4373 = DIRECTION('',(1.,0.));
#4374 = ( GEOMETRIC_REPRESENTATION_CONTEXT(2) 
PARAMETRIC_REPRESENTATION_CONTEXT() REPRESENTATION_CONTEXT('2D SPACE',''
  ) );
#4375 = PCURVE('',#3777,#4376);
#4376 = DEFINITIONAL_REPRESENTATION('',(#4377),#4385);
#4377 = ( BOUNDED_CURVE() B_SPLINE_CURVE(2,(#4378,#4379,#4380,#4381,
#4382,#4383,#4384),.UNSPECIFIED.,.T.,.F.) B_SPLINE_CURVE_WITH_KNOTS((1,2
    ,2,2,2,1),(-2.094395102393,0.,2.094395102393,4.188790204786,
6.28318530718,8.377580409573),.UNSPECIFIED.) CURVE() 
GEOMETRIC_REPRESENTATION_ITEM() RATIONAL_B_SPLINE_CURVE((1.,0.5,1.,0.5,
1.,0.5,1.)) REPRESENTATION_ITEM('') );
#4378 = CARTESIAN_POINT('',(6.,-117.5));
#4379 = CARTESIAN_POINT('',(-6.217782649107E-02,-117.5));
#4380 = CARTESIAN_POINT('',(2.968911086754,-112.25));
#4381 = CARTESIAN_POINT('',(6.,-107.));
#4382 = CARTESIAN_POINT('',(9.031088913246,-112.25));
#4383 = CARTESIAN_POINT('',(12.062177826491,-117.5));
#4384 = CARTESIAN_POINT('',(6.,-117.5));
#4385 = ( GEOMETRIC_REPRESENTATION_CONTEXT(2) 
PARAMETRIC_REPRESENTATION_CONTEXT() REPRESENTATION_CONTEXT('2D SPACE',''
  ) );
#4386 = ORIENTED_EDGE('',*,*,#4387,.F.);
#4387 = EDGE_CURVE('',#2361,#4360,#4388,.T.);
#4388 = SURFACE_CURVE('',#4389,(#4394,#4401),.PCURVE_S1.);
#4389 = CIRCLE('',#4390,0.5);
#4390 = AXIS2_PLACEMENT_3D('',#4391,#4392,#4393);
#4391 = CARTESIAN_POINT('',(117.5,64.,33.5));
#4392 = DIRECTION('',(0.,-1.,0.));
#4393 = DIRECTION('',(1.,0.,0.));
#4394 = PCURVE('',#2398,#4395);
#4395 = DEFINITIONAL_REPRESENTATION('',(#4396),#4400);
#4396 = LINE('',#4397,#4398);
#4397 = CARTESIAN_POINT('',(0.,0.));
#4398 = VECTOR('',#4399,1.);
#4399 = DIRECTION('',(0.,1.));
#4400 = ( GEOMETRIC_REPRESENTATION_CONTEXT(2) 
PARAMETRIC_REPRESENTATION_CONTEXT() REPRESENTATION_CONTEXT('2D SPACE',''
  ) );
#4401 = PCURVE('',#2430,#4402);
#4402 = DEFINITIONAL_REPRESENTATION('',(#4403),#4407);
#4403 = LINE('',#4404,#4405);
#4404 = CARTESIAN_POINT('',(-0.,22.));
#4405 = VECTOR('',#4406,1.);
#4406 = DIRECTION('',(-1.,0.));
#4407 = ( GEOMETRIC_REPRESENTATION_CONTEXT(2) 
PARAMETRIC_REPRESENTATION_CONTEXT() REPRESENTATION_CONTEXT('2D SPACE',''
  ) );
#4408 = ORIENTED_EDGE('',*,*,#2383,.T.);
#4409 = ORIENTED_EDGE('',*,*,#4308,.T.);
#4410 = ORIENTED_EDGE('',*,*,#4411,.F.);
#4411 = EDGE_CURVE('',#3379,#4309,#4412,.T.);
#4412 = SURFACE_CURVE('',#4413,(#4418,#4425),.PCURVE_S1.);
#4413 = CIRCLE('',#4414,3.5);
#4414 = AXIS2_PLACEMENT_3D('',#4415,#4416,#4417);
#4415 = CARTESIAN_POINT('',(114.,64.,34.));
#4416 = DIRECTION('',(0.,0.,1.));
#4417 = DIRECTION('',(1.,0.,0.));
#4418 = PCURVE('',#2398,#4419);
#4419 = DEFINITIONAL_REPRESENTATION('',(#4420),#4424);
#4420 = LINE('',#4421,#4422);
#4421 = CARTESIAN_POINT('',(0.,1.570796326795));
#4422 = VECTOR('',#4423,1.);
#4423 = DIRECTION('',(1.,0.));
#4424 = ( GEOMETRIC_REPRESENTATION_CONTEXT(2) 
PARAMETRIC_REPRESENTATION_CONTEXT() REPRESENTATION_CONTEXT('2D SPACE',''
  ) );
#4425 = PCURVE('',#3659,#4426);
#4426 = DEFINITIONAL_REPRESENTATION('',(#4427),#4435);
#4427 = ( BOUNDED_CURVE() B_SPLINE_CURVE(2,(#4428,#4429,#4430,#4431,
#4432,#4433,#4434),.UNSPECIFIED.,.T.,.F.) B_SPLINE_CURVE_WITH_KNOTS((1,2
    ,2,2,2,1),(-2.094395102393,0.,2.094395102393,4.188790204786,
6.28318530718,8.377580409573),.UNSPECIFIED.) CURVE() 
GEOMETRIC_REPRESENTATION_ITEM() RATIONAL_B_SPLINE_CURVE((1.,0.5,1.,0.5,
1.,0.5,1.)) REPRESENTATION_ITEM('') );
#4428 = CARTESIAN_POINT('',(6.,-117.5));
#4429 = CARTESIAN_POINT('',(-6.217782649107E-02,-117.5));
#4430 = CARTESIAN_POINT('',(2.968911086754,-112.25));
#4431 = CARTESIAN_POINT('',(6.,-107.));
#4432 = CARTESIAN_POINT('',(9.031088913246,-112.25));
#4433 = CARTESIAN_POINT('',(12.062177826491,-117.5));
#4434 = CARTESIAN_POINT('',(6.,-117.5));
#4435 = ( GEOMETRIC_REPRESENTATION_CONTEXT(2) 
PARAMETRIC_REPRESENTATION_CONTEXT() REPRESENTATION_CONTEXT('2D SPACE',''
  ) );
#4436 = ORIENTED_EDGE('',*,*,#3376,.F.);
#4437 = ADVANCED_FACE('',(#4438),#2430,.F.);
#4438 = FACE_BOUND('',#4439,.T.);
#4439 = EDGE_LOOP('',(#4440,#4463,#4464,#4465,#4466));
#4440 = ORIENTED_EDGE('',*,*,#4441,.T.);
#4441 = EDGE_CURVE('',#4442,#4360,#4444,.T.);
#4442 = VERTEX_POINT('',#4443);
#4443 = CARTESIAN_POINT('',(117.5,42.293516572461,34.));
#4444 = SURFACE_CURVE('',#4445,(#4449,#4456),.PCURVE_S1.);
#4445 = LINE('',#4446,#4447);
#4446 = CARTESIAN_POINT('',(117.5,42.,34.));
#4447 = VECTOR('',#4448,1.);
#4448 = DIRECTION('',(-0.,1.,-0.));
#4449 = PCURVE('',#2430,#4450);
#4450 = DEFINITIONAL_REPRESENTATION('',(#4451),#4455);
#4451 = LINE('',#4452,#4453);
#4452 = CARTESIAN_POINT('',(-1.570796326795,0.));
#4453 = VECTOR('',#4454,1.);
#4454 = DIRECTION('',(-0.,1.));
#4455 = ( GEOMETRIC_REPRESENTATION_CONTEXT(2) 
PARAMETRIC_REPRESENTATION_CONTEXT() REPRESENTATION_CONTEXT('2D SPACE',''
  ) );
#4456 = PCURVE('',#3777,#4457);
#4457 = DEFINITIONAL_REPRESENTATION('',(#4458),#4462);
#4458 = LINE('',#4459,#4460);
#4459 = CARTESIAN_POINT('',(28.,-117.5));
#4460 = VECTOR('',#4461,1.);
#4461 = DIRECTION('',(-1.,0.));
#4462 = ( GEOMETRIC_REPRESENTATION_CONTEXT(2) 
PARAMETRIC_REPRESENTATION_CONTEXT() REPRESENTATION_CONTEXT('2D SPACE',''
  ) );
#4463 = ORIENTED_EDGE('',*,*,#4387,.F.);
#4464 = ORIENTED_EDGE('',*,*,#2414,.F.);
#4465 = ORIENTED_EDGE('',*,*,#4031,.F.);
#4466 = ORIENTED_EDGE('',*,*,#4467,.F.);
#4467 = EDGE_CURVE('',#4442,#4004,#4468,.T.);
#4468 = SURFACE_CURVE('',#4469,(#4474,#4484),.PCURVE_S1.);
#4469 = ELLIPSE('',#4470,0.707106781187,0.5);
#4470 = AXIS2_PLACEMENT_3D('',#4471,#4472,#4473);
#4471 = CARTESIAN_POINT('',(117.5,42.293516572461,33.5));
#4472 = DIRECTION('',(0.707106781187,0.707106781187,0.));
#4473 = DIRECTION('',(0.707106781187,-0.707106781187,0.));
#4474 = PCURVE('',#2430,#4475);
#4475 = DEFINITIONAL_REPRESENTATION('',(#4476),#4483);
#4476 = B_SPLINE_CURVE_WITH_KNOTS('',5,(#4477,#4478,#4479,#4480,#4481,
    #4482),.UNSPECIFIED.,.F.,.F.,(6,6),(4.712388980385,4.946132161256),
  .PIECEWISE_BEZIER_KNOTS.);
#4477 = CARTESIAN_POINT('',(-1.570796326795,0.293516572461));
#4478 = CARTESIAN_POINT('',(-1.524047690621,0.270142254374));
#4479 = CARTESIAN_POINT('',(-1.477299054446,0.246767936031));
#4480 = CARTESIAN_POINT('',(-1.430550418272,0.223500042037));
#4481 = CARTESIAN_POINT('',(-1.383801782098,0.200444990707));
#4482 = CARTESIAN_POINT('',(-1.337053145924,0.177706308807));
#4483 = ( GEOMETRIC_REPRESENTATION_CONTEXT(2) 
PARAMETRIC_REPRESENTATION_CONTEXT() REPRESENTATION_CONTEXT('2D SPACE',''
  ) );
#4484 = PCURVE('',#4019,#4485);
#4485 = DEFINITIONAL_REPRESENTATION('',(#4486),#4493);
#4486 = B_SPLINE_CURVE_WITH_KNOTS('',5,(#4487,#4488,#4489,#4490,#4491,
    #4492),.UNSPECIFIED.,.F.,.F.,(6,6),(4.712388980385,4.946132161256),
  .PIECEWISE_BEZIER_KNOTS.);
#4487 = CARTESIAN_POINT('',(-0.233743180869,117.5));
#4488 = CARTESIAN_POINT('',(-0.186994544695,117.52337431808));
#4489 = CARTESIAN_POINT('',(-0.140245908521,117.54674863643));
#4490 = CARTESIAN_POINT('',(-9.349727234628E-02,117.57001653042));
#4491 = CARTESIAN_POINT('',(-4.674863617209E-02,117.59307158175));
#4492 = CARTESIAN_POINT('',(2.117417352565E-12,117.61581026365));
#4493 = ( GEOMETRIC_REPRESENTATION_CONTEXT(2) 
PARAMETRIC_REPRESENTATION_CONTEXT() REPRESENTATION_CONTEXT('2D SPACE',''
  ) );
#4494 = ADVANCED_FACE('',(#4495),#3659,.T.);
#4495 = FACE_BOUND('',#4496,.T.);
#4496 = EDGE_LOOP('',(#4497,#4498,#4499,#4500));
#4497 = ORIENTED_EDGE('',*,*,#4411,.F.);
#4498 = ORIENTED_EDGE('',*,*,#3646,.T.);
#4499 = ORIENTED_EDGE('',*,*,#4226,.F.);
#4500 = ORIENTED_EDGE('',*,*,#4332,.F.);
#4501 = ADVANCED_FACE('',(#4502),#3777,.T.);
#4502 = FACE_BOUND('',#4503,.T.);
#4503 = EDGE_LOOP('',(#4504,#4505,#4526,#4527,#4528,#4529,#4530,#4531));
#4504 = ORIENTED_EDGE('',*,*,#4441,.F.);
#4505 = ORIENTED_EDGE('',*,*,#4506,.F.);
#4506 = EDGE_CURVE('',#4148,#4442,#4507,.T.);
#4507 = SURFACE_CURVE('',#4508,(#4512,#4519),.PCURVE_S1.);
#4508 = LINE('',#4509,#4510);
#4509 = CARTESIAN_POINT('',(0.,42.293516572461,34.));
#4510 = VECTOR('',#4511,1.);
#4511 = DIRECTION('',(1.,0.,0.));
#4512 = PCURVE('',#3777,#4513);
#4513 = DEFINITIONAL_REPRESENTATION('',(#4514),#4518);
#4514 = LINE('',#4515,#4516);
#4515 = CARTESIAN_POINT('',(27.706483427539,0.));
#4516 = VECTOR('',#4517,1.);
#4517 = DIRECTION('',(0.,-1.));
#4518 = ( GEOMETRIC_REPRESENTATION_CONTEXT(2) 
PARAMETRIC_REPRESENTATION_CONTEXT() REPRESENTATION_CONTEXT('2D SPACE',''
  ) );
#4519 = PCURVE('',#4019,#4520);
#4520 = DEFINITIONAL_REPRESENTATION('',(#4521),#4525);
#4521 = LINE('',#4522,#4523);
#4522 = CARTESIAN_POINT('',(-0.233743180869,0.));
#4523 = VECTOR('',#4524,1.);
#4524 = DIRECTION('',(-0.,1.));
#4525 = ( GEOMETRIC_REPRESENTATION_CONTEXT(2) 
PARAMETRIC_REPRESENTATION_CONTEXT() REPRESENTATION_CONTEXT('2D SPACE',''
  ) );
#4526 = ORIENTED_EDGE('',*,*,#4145,.F.);
#4527 = ORIENTED_EDGE('',*,*,#4278,.F.);
#4528 = ORIENTED_EDGE('',*,*,#3764,.T.);
#4529 = ORIENTED_EDGE('',*,*,#3976,.T.);
#4530 = ORIENTED_EDGE('',*,*,#3863,.T.);
#4531 = ORIENTED_EDGE('',*,*,#4359,.F.);
#4532 = ADVANCED_FACE('',(#4533),#4019,.F.);
#4533 = FACE_BOUND('',#4534,.T.);
#4534 = EDGE_LOOP('',(#4535,#4536,#4537,#4538));
#4535 = ORIENTED_EDGE('',*,*,#4506,.T.);
#4536 = ORIENTED_EDGE('',*,*,#4467,.T.);
#4537 = ORIENTED_EDGE('',*,*,#4001,.F.);
#4538 = ORIENTED_EDGE('',*,*,#4170,.F.);
#4539 = ( GEOMETRIC_REPRESENTATION_CONTEXT(3) 
GLOBAL_UNCERTAINTY_ASSIGNED_CONTEXT((#4543)) 
GLOBAL_UNIT_ASSIGNED_CONTEXT((#4540,#4541,#4542)) REPRESENTATION_CONTEXT
('Context #1','3D Context with UNIT and UNCERTAINTY') );
#4540 = ( LENGTH_UNIT() NAMED_UNIT(*) SI_UNIT(.MILLI.,.METRE.) );
#4541 = ( NAMED_UNIT(*) PLANE_ANGLE_UNIT() SI_UNIT($,.RADIAN.) );
#4542 = ( NAMED_UNIT(*) SI_UNIT($,.STERADIAN.) SOLID_ANGLE_UNIT() );
#4543 = UNCERTAINTY_MEASURE_WITH_UNIT(LENGTH_MEASURE(2.E-05),#4540,
  'distance_accuracy_value','confusion accuracy');
#4544 = PRODUCT_RELATED_PRODUCT_CATEGORY('part',$,(#7));
ENDSEC;
END-ISO-10303-21;
