ISO-10303-21;
HEADER;
FILE_DESCRIPTION(('Open CASCADE Model'),'2;1');
FILE_NAME('Open CASCADE Shape Model','2026-09-03T13:09:29',('Author'),(
    'Open CASCADE'),'Open CASCADE STEP processor 7.9','Open CASCADE 7.9'
  ,'Unknown');
FILE_SCHEMA(('AUTOMOTIVE_DESIGN { 1 0 10303 214 1 1 1 1 }'));
ENDSEC;
DATA;
#1 = APPLICATION_PROTOCOL_DEFINITION('international standard',
  'automotive_design',2000,#2);
#2 = APPLICATION_CONTEXT(
  'core data for automotive mechanical design processes');
#3 = SHAPE_DEFINITION_REPRESENTATION(#4,#10);
#4 = PRODUCT_DEFINITION_SHAPE('','',#5);
#5 = PRODUCT_DEFINITION('design','',#6,#9);
#6 = PRODUCT_DEFINITION_FORMATION('','',#7);
#7 = PRODUCT('Open CASCADE STEP translator 7.9 19',
  'Open CASCADE STEP translator 7.9 19','',(#8));
#8 = PRODUCT_CONTEXT('',#2,'mechanical');
#9 = PRODUCT_DEFINITION_CONTEXT('part definition',#2,'design');
#10 = ADVANCED_BREP_SHAPE_REPRESENTATION('',(#11,#15),#12457);
#11 = AXIS2_PLACEMENT_3D('',#12,#13,#14);
#12 = CARTESIAN_POINT('',(0.,0.,0.));
#13 = DIRECTION('',(0.,0.,1.));
#14 = DIRECTION('',(1.,0.,-0.));
#15 = MANIFOLD_SOLID_BREP('',#16);
#16 = CLOSED_SHELL('',(#17,#137,#4817,#4867,#4921,#8886,#8913,#8940,
    #8967,#8994,#9001,#9028,#9055,#9082,#9109,#9136,#9163,#9190,#9217,
    #9244,#9271,#9298,#9325,#9352,#9379,#9406,#9433,#9460,#9487,#9514,
    #9541,#9568,#9595,#9622,#9649,#9676,#9703,#9730,#9757,#9784,#9811,
    #9838,#9865,#9892,#9919,#9946,#9973,#10000,#10027,#10054,#10081,
    #10108,#10135,#10162,#10189,#10216,#10243,#10270,#10297,#10324,
    #10351,#10378,#10405,#10432,#10459,#10486,#10513,#10540,#10567,
    #10594,#10621,#10648,#10675,#10702,#10729,#10756,#10783,#10810,
    #10837,#10864,#10891,#10918,#10945,#10972,#10999,#11026,#11053,
    #11080,#11107,#11134,#11161,#11188,#11215,#11242,#11269,#11296,
    #11323,#11350,#11377,#11404,#11431,#11458,#11485,#11512,#11539,
    #11566,#11593,#11620,#11647,#11674,#11701,#11728,#11755,#11782,
    #11809,#11836,#11863,#11890,#11917,#11944,#11971,#11998,#12025,
    #12052,#12079,#12106,#12133,#12160,#12187,#12214,#12241,#12268,
    #12295,#12322,#12349,#12376,#12403,#12430));
#17 = ADVANCED_FACE('',(#18),#32,.F.);
#18 = FACE_BOUND('',#19,.F.);
#19 = EDGE_LOOP('',(#20,#55,#83,#111));
#20 = ORIENTED_EDGE('',*,*,#21,.F.);
#21 = EDGE_CURVE('',#22,#24,#26,.T.);
#22 = VERTEX_POINT('',#23);
#23 = CARTESIAN_POINT('',(-20.,-12.,3.));
#24 = VERTEX_POINT('',#25);
#25 = CARTESIAN_POINT('',(-20.,412.,3.));
#26 = SURFACE_CURVE('',#27,(#31,#43),.PCURVE_S1.);
#27 = LINE('',#28,#29);
#28 = CARTESIAN_POINT('',(-20.,-20.,3.));
#29 = VECTOR('',#30,1.);
#30 = DIRECTION('',(0.,1.,0.));
#31 = PCURVE('',#32,#37);
#32 = PLANE('',#33);
#33 = AXIS2_PLACEMENT_3D('',#34,#35,#36);
#34 = CARTESIAN_POINT('',(-20.,-20.,0.));
#35 = DIRECTION('',(1.,0.,0.));
#36 = DIRECTION('',(0.,0.,1.));
#37 = DEFINITIONAL_REPRESENTATION('',(#38),#42);
#38 = LINE('',#39,#40);
#39 = CARTESIAN_POINT('',(3.,0.));
#40 = VECTOR('',#41,1.);
#41 = DIRECTION('',(0.,-1.));
#42 = ( GEOMETRIC_REPRESENTATION_CONTEXT(2) 
PARAMETRIC_REPRESENTATION_CONTEXT() REPRESENTATION_CONTEXT('2D SPACE',''
  ) );
#43 = PCURVE('',#44,#49);
#44 = PLANE('',#45);
#45 = AXIS2_PLACEMENT_3D('',#46,#47,#48);
#46 = CARTESIAN_POINT('',(-20.,-20.,3.));
#47 = DIRECTION('',(0.,0.,1.));
#48 = DIRECTION('',(1.,0.,0.));
#49 = DEFINITIONAL_REPRESENTATION('',(#50),#54);
#50 = LINE('',#51,#52);
#51 = CARTESIAN_POINT('',(0.,0.));
#52 = VECTOR('',#53,1.);
#53 = DIRECTION('',(0.,1.));
#54 = ( GEOMETRIC_REPRESENTATION_CONTEXT(2) 
PARAMETRIC_REPRESENTATION_CONTEXT() REPRESENTATION_CONTEXT('2D SPACE',''
  ) );
#55 = ORIENTED_EDGE('',*,*,#56,.F.);
#56 = EDGE_CURVE('',#57,#22,#59,.T.);
#57 = VERTEX_POINT('',#58);
#58 = CARTESIAN_POINT('',(-20.,-12.,0.));
#59 = SURFACE_CURVE('',#60,(#64,#71),.PCURVE_S1.);
#60 = LINE('',#61,#62);
#61 = CARTESIAN_POINT('',(-20.,-12.,0.));
#62 = VECTOR('',#63,1.);
#63 = DIRECTION('',(0.,0.,1.));
#64 = PCURVE('',#32,#65);
#65 = DEFINITIONAL_REPRESENTATION('',(#66),#70);
#66 = LINE('',#67,#68);
#67 = CARTESIAN_POINT('',(0.,-8.));
#68 = VECTOR('',#69,1.);
#69 = DIRECTION('',(1.,0.));
#70 = ( GEOMETRIC_REPRESENTATION_CONTEXT(2) 
PARAMETRIC_REPRESENTATION_CONTEXT() REPRESENTATION_CONTEXT('2D SPACE',''
  ) );
#71 = PCURVE('',#72,#77);
#72 = CYLINDRICAL_SURFACE('',#73,8.);
#73 = AXIS2_PLACEMENT_3D('',#74,#75,#76);
#74 = CARTESIAN_POINT('',(-12.,-12.,0.));
#75 = DIRECTION('',(0.,0.,1.));
#76 = DIRECTION('',(-1.,-0.,0.));
#77 = DEFINITIONAL_REPRESENTATION('',(#78),#82);
#78 = LINE('',#79,#80);
#79 = CARTESIAN_POINT('',(0.,0.));
#80 = VECTOR('',#81,1.);
#81 = DIRECTION('',(0.,1.));
#82 = ( GEOMETRIC_REPRESENTATION_CONTEXT(2) 
PARAMETRIC_REPRESENTATION_CONTEXT() REPRESENTATION_CONTEXT('2D SPACE',''
  ) );
#83 = ORIENTED_EDGE('',*,*,#84,.T.);
#84 = EDGE_CURVE('',#57,#85,#87,.T.);
#85 = VERTEX_POINT('',#86);
#86 = CARTESIAN_POINT('',(-20.,412.,0.));
#87 = SURFACE_CURVE('',#88,(#92,#99),.PCURVE_S1.);
#88 = LINE('',#89,#90);
#89 = CARTESIAN_POINT('',(-20.,-20.,0.));
#90 = VECTOR('',#91,1.);
#91 = DIRECTION('',(0.,1.,0.));
#92 = PCURVE('',#32,#93);
#93 = DEFINITIONAL_REPRESENTATION('',(#94),#98);
#94 = LINE('',#95,#96);
#95 = CARTESIAN_POINT('',(0.,0.));
#96 = VECTOR('',#97,1.);
#97 = DIRECTION('',(0.,-1.));
#98 = ( GEOMETRIC_REPRESENTATION_CONTEXT(2) 
PARAMETRIC_REPRESENTATION_CONTEXT() REPRESENTATION_CONTEXT('2D SPACE',''
  ) );
#99 = PCURVE('',#100,#105);
#100 = PLANE('',#101);
#101 = AXIS2_PLACEMENT_3D('',#102,#103,#104);
#102 = CARTESIAN_POINT('',(-20.,-20.,0.));
#103 = DIRECTION('',(0.,0.,1.));
#104 = DIRECTION('',(1.,0.,0.));
#105 = DEFINITIONAL_REPRESENTATION('',(#106),#110);
#106 = LINE('',#107,#108);
#107 = CARTESIAN_POINT('',(0.,0.));
#108 = VECTOR('',#109,1.);
#109 = DIRECTION('',(0.,1.));
#110 = ( GEOMETRIC_REPRESENTATION_CONTEXT(2) 
PARAMETRIC_REPRESENTATION_CONTEXT() REPRESENTATION_CONTEXT('2D SPACE',''
  ) );
#111 = ORIENTED_EDGE('',*,*,#112,.T.);
#112 = EDGE_CURVE('',#85,#24,#113,.T.);
#113 = SURFACE_CURVE('',#114,(#118,#125),.PCURVE_S1.);
#114 = LINE('',#115,#116);
#115 = CARTESIAN_POINT('',(-20.,412.,0.));
#116 = VECTOR('',#117,1.);
#117 = DIRECTION('',(0.,0.,1.));
#118 = PCURVE('',#32,#119);
#119 = DEFINITIONAL_REPRESENTATION('',(#120),#124);
#120 = LINE('',#121,#122);
#121 = CARTESIAN_POINT('',(0.,-432.));
#122 = VECTOR('',#123,1.);
#123 = DIRECTION('',(1.,0.));
#124 = ( GEOMETRIC_REPRESENTATION_CONTEXT(2) 
PARAMETRIC_REPRESENTATION_CONTEXT() REPRESENTATION_CONTEXT('2D SPACE',''
  ) );
#125 = PCURVE('',#126,#131);
#126 = CYLINDRICAL_SURFACE('',#127,8.);
#127 = AXIS2_PLACEMENT_3D('',#128,#129,#130);
#128 = CARTESIAN_POINT('',(-12.,412.,0.));
#129 = DIRECTION('',(0.,0.,1.));
#130 = DIRECTION('',(-1.,-0.,0.));
#131 = DEFINITIONAL_REPRESENTATION('',(#132),#136);
#132 = LINE('',#133,#134);
#133 = CARTESIAN_POINT('',(-0.,0.));
#134 = VECTOR('',#135,1.);
#135 = DIRECTION('',(-0.,1.));
#136 = ( GEOMETRIC_REPRESENTATION_CONTEXT(2) 
PARAMETRIC_REPRESENTATION_CONTEXT() REPRESENTATION_CONTEXT('2D SPACE',''
  ) );
#137 = ADVANCED_FACE('',(#138,#337,#372,#407,#442,#477,#512,#547,#582,
    #617,#652,#687,#722,#757,#792,#827,#862,#897,#932,#967,#1002,#1037,
    #1072,#1107,#1142,#1177,#1212,#1247,#1282,#1317,#1352,#1387,#1422,
    #1457,#1492,#1527,#1562,#1597,#1632,#1667,#1702,#1737,#1772,#1807,
    #1842,#1877,#1912,#1947,#1982,#2017,#2052,#2087,#2122,#2157,#2192,
    #2227,#2262,#2297,#2332,#2367,#2402,#2437,#2472,#2507,#2542,#2577,
    #2612,#2647,#2682,#2717,#2752,#2787,#2822,#2857,#2892,#2927,#2962,
    #2997,#3032,#3067,#3102,#3137,#3172,#3207,#3242,#3277,#3312,#3347,
    #3382,#3417,#3452,#3487,#3522,#3557,#3592,#3627,#3662,#3697,#3732,
    #3767,#3802,#3837,#3872,#3907,#3942,#3977,#4012,#4047,#4082,#4117,
    #4152,#4187,#4222,#4257,#4292,#4327,#4362,#4397,#4432,#4467,#4502,
    #4537,#4572,#4607,#4642,#4677,#4712,#4747,#4782),#44,.T.);
#138 = FACE_BOUND('',#139,.T.);
#139 = EDGE_LOOP('',(#140,#141,#165,#193,#226,#254,#283,#311));
#140 = ORIENTED_EDGE('',*,*,#21,.F.);
#141 = ORIENTED_EDGE('',*,*,#142,.T.);
#142 = EDGE_CURVE('',#22,#143,#145,.T.);
#143 = VERTEX_POINT('',#144);
#144 = CARTESIAN_POINT('',(-12.,-20.,3.));
#145 = SURFACE_CURVE('',#146,(#151,#158),.PCURVE_S1.);
#146 = CIRCLE('',#147,8.);
#147 = AXIS2_PLACEMENT_3D('',#148,#149,#150);
#148 = CARTESIAN_POINT('',(-12.,-12.,3.));
#149 = DIRECTION('',(0.,0.,1.));
#150 = DIRECTION('',(0.,-1.,0.));
#151 = PCURVE('',#44,#152);
#152 = DEFINITIONAL_REPRESENTATION('',(#153),#157);
#153 = CIRCLE('',#154,8.);
#154 = AXIS2_PLACEMENT_2D('',#155,#156);
#155 = CARTESIAN_POINT('',(8.,8.));
#156 = DIRECTION('',(0.,-1.));
#157 = ( GEOMETRIC_REPRESENTATION_CONTEXT(2) 
PARAMETRIC_REPRESENTATION_CONTEXT() REPRESENTATION_CONTEXT('2D SPACE',''
  ) );
#158 = PCURVE('',#72,#159);
#159 = DEFINITIONAL_REPRESENTATION('',(#160),#164);
#160 = LINE('',#161,#162);
#161 = CARTESIAN_POINT('',(-4.712388980385,3.));
#162 = VECTOR('',#163,1.);
#163 = DIRECTION('',(1.,0.));
#164 = ( GEOMETRIC_REPRESENTATION_CONTEXT(2) 
PARAMETRIC_REPRESENTATION_CONTEXT() REPRESENTATION_CONTEXT('2D SPACE',''
  ) );
#165 = ORIENTED_EDGE('',*,*,#166,.T.);
#166 = EDGE_CURVE('',#143,#167,#169,.T.);
#167 = VERTEX_POINT('',#168);
#168 = CARTESIAN_POINT('',(412.,-20.,3.));
#169 = SURFACE_CURVE('',#170,(#174,#181),.PCURVE_S1.);
#170 = LINE('',#171,#172);
#171 = CARTESIAN_POINT('',(-20.,-20.,3.));
#172 = VECTOR('',#173,1.);
#173 = DIRECTION('',(1.,0.,0.));
#174 = PCURVE('',#44,#175);
#175 = DEFINITIONAL_REPRESENTATION('',(#176),#180);
#176 = LINE('',#177,#178);
#177 = CARTESIAN_POINT('',(0.,0.));
#178 = VECTOR('',#179,1.);
#179 = DIRECTION('',(1.,0.));
#180 = ( GEOMETRIC_REPRESENTATION_CONTEXT(2) 
PARAMETRIC_REPRESENTATION_CONTEXT() REPRESENTATION_CONTEXT('2D SPACE',''
  ) );
#181 = PCURVE('',#182,#187);
#182 = PLANE('',#183);
#183 = AXIS2_PLACEMENT_3D('',#184,#185,#186);
#184 = CARTESIAN_POINT('',(-20.,-20.,0.));
#185 = DIRECTION('',(0.,1.,0.));
#186 = DIRECTION('',(0.,0.,1.));
#187 = DEFINITIONAL_REPRESENTATION('',(#188),#192);
#188 = LINE('',#189,#190);
#189 = CARTESIAN_POINT('',(3.,0.));
#190 = VECTOR('',#191,1.);
#191 = DIRECTION('',(0.,1.));
#192 = ( GEOMETRIC_REPRESENTATION_CONTEXT(2) 
PARAMETRIC_REPRESENTATION_CONTEXT() REPRESENTATION_CONTEXT('2D SPACE',''
  ) );
#193 = ORIENTED_EDGE('',*,*,#194,.F.);
#194 = EDGE_CURVE('',#195,#167,#197,.T.);
#195 = VERTEX_POINT('',#196);
#196 = CARTESIAN_POINT('',(420.,-12.,3.));
#197 = SURFACE_CURVE('',#198,(#203,#214),.PCURVE_S1.);
#198 = CIRCLE('',#199,8.);
#199 = AXIS2_PLACEMENT_3D('',#200,#201,#202);
#200 = CARTESIAN_POINT('',(412.,-12.,3.));
#201 = DIRECTION('',(-0.,-0.,-1.));
#202 = DIRECTION('',(0.,-1.,0.));
#203 = PCURVE('',#44,#204);
#204 = DEFINITIONAL_REPRESENTATION('',(#205),#213);
#205 = ( BOUNDED_CURVE() B_SPLINE_CURVE(2,(#206,#207,#208,#209,#210,#211
,#212),.UNSPECIFIED.,.T.,.F.) B_SPLINE_CURVE_WITH_KNOTS((1,2,2,2,2,1),(
    -2.094395102393,0.,2.094395102393,4.188790204786,6.28318530718,
8.377580409573),.UNSPECIFIED.) CURVE() GEOMETRIC_REPRESENTATION_ITEM() 
RATIONAL_B_SPLINE_CURVE((1.,0.5,1.,0.5,1.,0.5,1.)) REPRESENTATION_ITEM(
  '') );
#206 = CARTESIAN_POINT('',(432.,0.));
#207 = CARTESIAN_POINT('',(418.14359353944,0.));
#208 = CARTESIAN_POINT('',(425.07179676972,12.));
#209 = CARTESIAN_POINT('',(432.,24.));
#210 = CARTESIAN_POINT('',(438.92820323027,12.));
#211 = CARTESIAN_POINT('',(445.85640646055,1.24344978758E-14));
#212 = CARTESIAN_POINT('',(432.,0.));
#213 = ( GEOMETRIC_REPRESENTATION_CONTEXT(2) 
PARAMETRIC_REPRESENTATION_CONTEXT() REPRESENTATION_CONTEXT('2D SPACE',''
  ) );
#214 = PCURVE('',#215,#220);
#215 = CYLINDRICAL_SURFACE('',#216,8.);
#216 = AXIS2_PLACEMENT_3D('',#217,#218,#219);
#217 = CARTESIAN_POINT('',(412.,-12.,0.));
#218 = DIRECTION('',(0.,0.,1.));
#219 = DIRECTION('',(1.,0.,-0.));
#220 = DEFINITIONAL_REPRESENTATION('',(#221),#225);
#221 = LINE('',#222,#223);
#222 = CARTESIAN_POINT('',(4.712388980385,3.));
#223 = VECTOR('',#224,1.);
#224 = DIRECTION('',(-1.,0.));
#225 = ( GEOMETRIC_REPRESENTATION_CONTEXT(2) 
PARAMETRIC_REPRESENTATION_CONTEXT() REPRESENTATION_CONTEXT('2D SPACE',''
  ) );
#226 = ORIENTED_EDGE('',*,*,#227,.T.);
#227 = EDGE_CURVE('',#195,#228,#230,.T.);
#228 = VERTEX_POINT('',#229);
#229 = CARTESIAN_POINT('',(420.,412.,3.));
#230 = SURFACE_CURVE('',#231,(#235,#242),.PCURVE_S1.);
#231 = LINE('',#232,#233);
#232 = CARTESIAN_POINT('',(420.,-20.,3.));
#233 = VECTOR('',#234,1.);
#234 = DIRECTION('',(0.,1.,0.));
#235 = PCURVE('',#44,#236);
#236 = DEFINITIONAL_REPRESENTATION('',(#237),#241);
#237 = LINE('',#238,#239);
#238 = CARTESIAN_POINT('',(440.,0.));
#239 = VECTOR('',#240,1.);
#240 = DIRECTION('',(0.,1.));
#241 = ( GEOMETRIC_REPRESENTATION_CONTEXT(2) 
PARAMETRIC_REPRESENTATION_CONTEXT() REPRESENTATION_CONTEXT('2D SPACE',''
  ) );
#242 = PCURVE('',#243,#248);
#243 = PLANE('',#244);
#244 = AXIS2_PLACEMENT_3D('',#245,#246,#247);
#245 = CARTESIAN_POINT('',(420.,-20.,0.));
#246 = DIRECTION('',(1.,0.,0.));
#247 = DIRECTION('',(0.,0.,1.));
#248 = DEFINITIONAL_REPRESENTATION('',(#249),#253);
#249 = LINE('',#250,#251);
#250 = CARTESIAN_POINT('',(3.,0.));
#251 = VECTOR('',#252,1.);
#252 = DIRECTION('',(0.,-1.));
#253 = ( GEOMETRIC_REPRESENTATION_CONTEXT(2) 
PARAMETRIC_REPRESENTATION_CONTEXT() REPRESENTATION_CONTEXT('2D SPACE',''
  ) );
#254 = ORIENTED_EDGE('',*,*,#255,.T.);
#255 = EDGE_CURVE('',#228,#256,#258,.T.);
#256 = VERTEX_POINT('',#257);
#257 = CARTESIAN_POINT('',(412.,420.,3.));
#258 = SURFACE_CURVE('',#259,(#264,#271),.PCURVE_S1.);
#259 = CIRCLE('',#260,8.);
#260 = AXIS2_PLACEMENT_3D('',#261,#262,#263);
#261 = CARTESIAN_POINT('',(412.,412.,3.));
#262 = DIRECTION('',(0.,0.,1.));
#263 = DIRECTION('',(0.,-1.,0.));
#264 = PCURVE('',#44,#265);
#265 = DEFINITIONAL_REPRESENTATION('',(#266),#270);
#266 = CIRCLE('',#267,8.);
#267 = AXIS2_PLACEMENT_2D('',#268,#269);
#268 = CARTESIAN_POINT('',(432.,432.));
#269 = DIRECTION('',(0.,-1.));
#270 = ( GEOMETRIC_REPRESENTATION_CONTEXT(2) 
PARAMETRIC_REPRESENTATION_CONTEXT() REPRESENTATION_CONTEXT('2D SPACE',''
  ) );
#271 = PCURVE('',#272,#277);
#272 = CYLINDRICAL_SURFACE('',#273,8.);
#273 = AXIS2_PLACEMENT_3D('',#274,#275,#276);
#274 = CARTESIAN_POINT('',(412.,412.,0.));
#275 = DIRECTION('',(0.,0.,1.));
#276 = DIRECTION('',(1.,0.,-0.));
#277 = DEFINITIONAL_REPRESENTATION('',(#278),#282);
#278 = LINE('',#279,#280);
#279 = CARTESIAN_POINT('',(-1.570796326795,3.));
#280 = VECTOR('',#281,1.);
#281 = DIRECTION('',(1.,0.));
#282 = ( GEOMETRIC_REPRESENTATION_CONTEXT(2) 
PARAMETRIC_REPRESENTATION_CONTEXT() REPRESENTATION_CONTEXT('2D SPACE',''
  ) );
#283 = ORIENTED_EDGE('',*,*,#284,.F.);
#284 = EDGE_CURVE('',#285,#256,#287,.T.);
#285 = VERTEX_POINT('',#286);
#286 = CARTESIAN_POINT('',(-12.,420.,3.));
#287 = SURFACE_CURVE('',#288,(#292,#299),.PCURVE_S1.);
#288 = LINE('',#289,#290);
#289 = CARTESIAN_POINT('',(-20.,420.,3.));
#290 = VECTOR('',#291,1.);
#291 = DIRECTION('',(1.,0.,0.));
#292 = PCURVE('',#44,#293);
#293 = DEFINITIONAL_REPRESENTATION('',(#294),#298);
#294 = LINE('',#295,#296);
#295 = CARTESIAN_POINT('',(0.,440.));
#296 = VECTOR('',#297,1.);
#297 = DIRECTION('',(1.,0.));
#298 = ( GEOMETRIC_REPRESENTATION_CONTEXT(2) 
PARAMETRIC_REPRESENTATION_CONTEXT() REPRESENTATION_CONTEXT('2D SPACE',''
  ) );
#299 = PCURVE('',#300,#305);
#300 = PLANE('',#301);
#301 = AXIS2_PLACEMENT_3D('',#302,#303,#304);
#302 = CARTESIAN_POINT('',(-20.,420.,0.));
#303 = DIRECTION('',(0.,1.,0.));
#304 = DIRECTION('',(0.,0.,1.));
#305 = DEFINITIONAL_REPRESENTATION('',(#306),#310);
#306 = LINE('',#307,#308);
#307 = CARTESIAN_POINT('',(3.,0.));
#308 = VECTOR('',#309,1.);
#309 = DIRECTION('',(0.,1.));
#310 = ( GEOMETRIC_REPRESENTATION_CONTEXT(2) 
PARAMETRIC_REPRESENTATION_CONTEXT() REPRESENTATION_CONTEXT('2D SPACE',''
  ) );
#311 = ORIENTED_EDGE('',*,*,#312,.F.);
#312 = EDGE_CURVE('',#24,#285,#313,.T.);
#313 = SURFACE_CURVE('',#314,(#319,#330),.PCURVE_S1.);
#314 = CIRCLE('',#315,8.);
#315 = AXIS2_PLACEMENT_3D('',#316,#317,#318);
#316 = CARTESIAN_POINT('',(-12.,412.,3.));
#317 = DIRECTION('',(-0.,-0.,-1.));
#318 = DIRECTION('',(0.,-1.,0.));
#319 = PCURVE('',#44,#320);
#320 = DEFINITIONAL_REPRESENTATION('',(#321),#329);
#321 = ( BOUNDED_CURVE() B_SPLINE_CURVE(2,(#322,#323,#324,#325,#326,#327
,#328),.UNSPECIFIED.,.T.,.F.) B_SPLINE_CURVE_WITH_KNOTS((1,2,2,2,2,1),(
    -2.094395102393,0.,2.094395102393,4.188790204786,6.28318530718,
8.377580409573),.UNSPECIFIED.) CURVE() GEOMETRIC_REPRESENTATION_ITEM() 
RATIONAL_B_SPLINE_CURVE((1.,0.5,1.,0.5,1.,0.5,1.)) REPRESENTATION_ITEM(
  '') );
#322 = CARTESIAN_POINT('',(8.,424.));
#323 = CARTESIAN_POINT('',(-5.856406460551,424.));
#324 = CARTESIAN_POINT('',(1.071796769724,436.));
#325 = CARTESIAN_POINT('',(8.,448.));
#326 = CARTESIAN_POINT('',(14.928203230276,436.));
#327 = CARTESIAN_POINT('',(21.856406460551,424.));
#328 = CARTESIAN_POINT('',(8.,424.));
#329 = ( GEOMETRIC_REPRESENTATION_CONTEXT(2) 
PARAMETRIC_REPRESENTATION_CONTEXT() REPRESENTATION_CONTEXT('2D SPACE',''
  ) );
#330 = PCURVE('',#126,#331);
#331 = DEFINITIONAL_REPRESENTATION('',(#332),#336);
#332 = LINE('',#333,#334);
#333 = CARTESIAN_POINT('',(1.570796326795,3.));
#334 = VECTOR('',#335,1.);
#335 = DIRECTION('',(-1.,0.));
#336 = ( GEOMETRIC_REPRESENTATION_CONTEXT(2) 
PARAMETRIC_REPRESENTATION_CONTEXT() REPRESENTATION_CONTEXT('2D SPACE',''
  ) );
#337 = FACE_BOUND('',#338,.T.);
#338 = EDGE_LOOP('',(#339));
#339 = ORIENTED_EDGE('',*,*,#340,.T.);
#340 = EDGE_CURVE('',#341,#341,#343,.T.);
#341 = VERTEX_POINT('',#342);
#342 = CARTESIAN_POINT('',(3.25,4.5,3.));
#343 = SURFACE_CURVE('',#344,(#349,#360),.PCURVE_S1.);
#344 = CIRCLE('',#345,1.25);
#345 = AXIS2_PLACEMENT_3D('',#346,#347,#348);
#346 = CARTESIAN_POINT('',(4.5,4.5,3.));
#347 = DIRECTION('',(0.,0.,-1.));
#348 = DIRECTION('',(-1.,0.,0.));
#349 = PCURVE('',#44,#350);
#350 = DEFINITIONAL_REPRESENTATION('',(#351),#359);
#351 = ( BOUNDED_CURVE() B_SPLINE_CURVE(2,(#352,#353,#354,#355,#356,#357
,#358),.UNSPECIFIED.,.T.,.F.) B_SPLINE_CURVE_WITH_KNOTS((1,2,2,2,2,1),(
    -2.094395102393,0.,2.094395102393,4.188790204786,6.28318530718,
8.377580409573),.UNSPECIFIED.) CURVE() GEOMETRIC_REPRESENTATION_ITEM() 
RATIONAL_B_SPLINE_CURVE((1.,0.5,1.,0.5,1.,0.5,1.)) REPRESENTATION_ITEM(
  '') );
#352 = CARTESIAN_POINT('',(23.25,24.5));
#353 = CARTESIAN_POINT('',(23.25,26.665063509461));
#354 = CARTESIAN_POINT('',(25.125,25.582531754731));
#355 = CARTESIAN_POINT('',(27.,24.5));
#356 = CARTESIAN_POINT('',(25.125,23.417468245269));
#357 = CARTESIAN_POINT('',(23.25,22.334936490539));
#358 = CARTESIAN_POINT('',(23.25,24.5));
#359 = ( GEOMETRIC_REPRESENTATION_CONTEXT(2) 
PARAMETRIC_REPRESENTATION_CONTEXT() REPRESENTATION_CONTEXT('2D SPACE',''
  ) );
#360 = PCURVE('',#361,#366);
#361 = CYLINDRICAL_SURFACE('',#362,1.25);
#362 = AXIS2_PLACEMENT_3D('',#363,#364,#365);
#363 = CARTESIAN_POINT('',(4.5,4.5,3.));
#364 = DIRECTION('',(0.,0.,-1.));
#365 = DIRECTION('',(-1.,0.,0.));
#366 = DEFINITIONAL_REPRESENTATION('',(#367),#371);
#367 = LINE('',#368,#369);
#368 = CARTESIAN_POINT('',(0.,0.));
#369 = VECTOR('',#370,1.);
#370 = DIRECTION('',(1.,0.));
#371 = ( GEOMETRIC_REPRESENTATION_CONTEXT(2) 
PARAMETRIC_REPRESENTATION_CONTEXT() REPRESENTATION_CONTEXT('2D SPACE',''
  ) );
#372 = FACE_BOUND('',#373,.T.);
#373 = EDGE_LOOP('',(#374));
#374 = ORIENTED_EDGE('',*,*,#375,.T.);
#375 = EDGE_CURVE('',#376,#376,#378,.T.);
#376 = VERTEX_POINT('',#377);
#377 = CARTESIAN_POINT('',(44.25,45.5,3.));
#378 = SURFACE_CURVE('',#379,(#384,#395),.PCURVE_S1.);
#379 = CIRCLE('',#380,1.25);
#380 = AXIS2_PLACEMENT_3D('',#381,#382,#383);
#381 = CARTESIAN_POINT('',(45.5,45.5,3.));
#382 = DIRECTION('',(0.,0.,-1.));
#383 = DIRECTION('',(-1.,0.,0.));
#384 = PCURVE('',#44,#385);
#385 = DEFINITIONAL_REPRESENTATION('',(#386),#394);
#386 = ( BOUNDED_CURVE() B_SPLINE_CURVE(2,(#387,#388,#389,#390,#391,#392
,#393),.UNSPECIFIED.,.T.,.F.) B_SPLINE_CURVE_WITH_KNOTS((1,2,2,2,2,1),(
    -2.094395102393,0.,2.094395102393,4.188790204786,6.28318530718,
8.377580409573),.UNSPECIFIED.) CURVE() GEOMETRIC_REPRESENTATION_ITEM() 
RATIONAL_B_SPLINE_CURVE((1.,0.5,1.,0.5,1.,0.5,1.)) REPRESENTATION_ITEM(
  '') );
#387 = CARTESIAN_POINT('',(64.25,65.5));
#388 = CARTESIAN_POINT('',(64.25,67.665063509461));
#389 = CARTESIAN_POINT('',(66.125,66.582531754731));
#390 = CARTESIAN_POINT('',(68.,65.5));
#391 = CARTESIAN_POINT('',(66.125,64.417468245269));
#392 = CARTESIAN_POINT('',(64.25,63.334936490539));
#393 = CARTESIAN_POINT('',(64.25,65.5));
#394 = ( GEOMETRIC_REPRESENTATION_CONTEXT(2) 
PARAMETRIC_REPRESENTATION_CONTEXT() REPRESENTATION_CONTEXT('2D SPACE',''
  ) );
#395 = PCURVE('',#396,#401);
#396 = CYLINDRICAL_SURFACE('',#397,1.25);
#397 = AXIS2_PLACEMENT_3D('',#398,#399,#400);
#398 = CARTESIAN_POINT('',(45.5,45.5,3.));
#399 = DIRECTION('',(0.,0.,-1.));
#400 = DIRECTION('',(-1.,0.,0.));
#401 = DEFINITIONAL_REPRESENTATION('',(#402),#406);
#402 = LINE('',#403,#404);
#403 = CARTESIAN_POINT('',(0.,0.));
#404 = VECTOR('',#405,1.);
#405 = DIRECTION('',(1.,0.));
#406 = ( GEOMETRIC_REPRESENTATION_CONTEXT(2) 
PARAMETRIC_REPRESENTATION_CONTEXT() REPRESENTATION_CONTEXT('2D SPACE',''
  ) );
#407 = FACE_BOUND('',#408,.T.);
#408 = EDGE_LOOP('',(#409));
#409 = ORIENTED_EDGE('',*,*,#410,.T.);
#410 = EDGE_CURVE('',#411,#411,#413,.T.);
#411 = VERTEX_POINT('',#412);
#412 = CARTESIAN_POINT('',(53.25,4.5,3.));
#413 = SURFACE_CURVE('',#414,(#419,#430),.PCURVE_S1.);
#414 = CIRCLE('',#415,1.25);
#415 = AXIS2_PLACEMENT_3D('',#416,#417,#418);
#416 = CARTESIAN_POINT('',(54.5,4.5,3.));
#417 = DIRECTION('',(0.,0.,-1.));
#418 = DIRECTION('',(-1.,0.,0.));
#419 = PCURVE('',#44,#420);
#420 = DEFINITIONAL_REPRESENTATION('',(#421),#429);
#421 = ( BOUNDED_CURVE() B_SPLINE_CURVE(2,(#422,#423,#424,#425,#426,#427
,#428),.UNSPECIFIED.,.T.,.F.) B_SPLINE_CURVE_WITH_KNOTS((1,2,2,2,2,1),(
    -2.094395102393,0.,2.094395102393,4.188790204786,6.28318530718,
8.377580409573),.UNSPECIFIED.) CURVE() GEOMETRIC_REPRESENTATION_ITEM() 
RATIONAL_B_SPLINE_CURVE((1.,0.5,1.,0.5,1.,0.5,1.)) REPRESENTATION_ITEM(
  '') );
#422 = CARTESIAN_POINT('',(73.25,24.5));
#423 = CARTESIAN_POINT('',(73.25,26.665063509461));
#424 = CARTESIAN_POINT('',(75.125,25.582531754731));
#425 = CARTESIAN_POINT('',(77.,24.5));
#426 = CARTESIAN_POINT('',(75.125,23.417468245269));
#427 = CARTESIAN_POINT('',(73.25,22.334936490539));
#428 = CARTESIAN_POINT('',(73.25,24.5));
#429 = ( GEOMETRIC_REPRESENTATION_CONTEXT(2) 
PARAMETRIC_REPRESENTATION_CONTEXT() REPRESENTATION_CONTEXT('2D SPACE',''
  ) );
#430 = PCURVE('',#431,#436);
#431 = CYLINDRICAL_SURFACE('',#432,1.25);
#432 = AXIS2_PLACEMENT_3D('',#433,#434,#435);
#433 = CARTESIAN_POINT('',(54.5,4.5,3.));
#434 = DIRECTION('',(0.,0.,-1.));
#435 = DIRECTION('',(-1.,0.,0.));
#436 = DEFINITIONAL_REPRESENTATION('',(#437),#441);
#437 = LINE('',#438,#439);
#438 = CARTESIAN_POINT('',(0.,0.));
#439 = VECTOR('',#440,1.);
#440 = DIRECTION('',(1.,0.));
#441 = ( GEOMETRIC_REPRESENTATION_CONTEXT(2) 
PARAMETRIC_REPRESENTATION_CONTEXT() REPRESENTATION_CONTEXT('2D SPACE',''
  ) );
#442 = FACE_BOUND('',#443,.T.);
#443 = EDGE_LOOP('',(#444));
#444 = ORIENTED_EDGE('',*,*,#445,.T.);
#445 = EDGE_CURVE('',#446,#446,#448,.T.);
#446 = VERTEX_POINT('',#447);
#447 = CARTESIAN_POINT('',(94.25,45.5,3.));
#448 = SURFACE_CURVE('',#449,(#454,#465),.PCURVE_S1.);
#449 = CIRCLE('',#450,1.25);
#450 = AXIS2_PLACEMENT_3D('',#451,#452,#453);
#451 = CARTESIAN_POINT('',(95.5,45.5,3.));
#452 = DIRECTION('',(0.,0.,-1.));
#453 = DIRECTION('',(-1.,0.,0.));
#454 = PCURVE('',#44,#455);
#455 = DEFINITIONAL_REPRESENTATION('',(#456),#464);
#456 = ( BOUNDED_CURVE() B_SPLINE_CURVE(2,(#457,#458,#459,#460,#461,#462
,#463),.UNSPECIFIED.,.T.,.F.) B_SPLINE_CURVE_WITH_KNOTS((1,2,2,2,2,1),(
    -2.094395102393,0.,2.094395102393,4.188790204786,6.28318530718,
8.377580409573),.UNSPECIFIED.) CURVE() GEOMETRIC_REPRESENTATION_ITEM() 
RATIONAL_B_SPLINE_CURVE((1.,0.5,1.,0.5,1.,0.5,1.)) REPRESENTATION_ITEM(
  '') );
#457 = CARTESIAN_POINT('',(114.25,65.5));
#458 = CARTESIAN_POINT('',(114.25,67.665063509461));
#459 = CARTESIAN_POINT('',(116.125,66.582531754731));
#460 = CARTESIAN_POINT('',(118.,65.5));
#461 = CARTESIAN_POINT('',(116.125,64.417468245269));
#462 = CARTESIAN_POINT('',(114.25,63.334936490539));
#463 = CARTESIAN_POINT('',(114.25,65.5));
#464 = ( GEOMETRIC_REPRESENTATION_CONTEXT(2) 
PARAMETRIC_REPRESENTATION_CONTEXT() REPRESENTATION_CONTEXT('2D SPACE',''
  ) );
#465 = PCURVE('',#466,#471);
#466 = CYLINDRICAL_SURFACE('',#467,1.25);
#467 = AXIS2_PLACEMENT_3D('',#468,#469,#470);
#468 = CARTESIAN_POINT('',(95.5,45.5,3.));
#469 = DIRECTION('',(0.,0.,-1.));
#470 = DIRECTION('',(-1.,0.,0.));
#471 = DEFINITIONAL_REPRESENTATION('',(#472),#476);
#472 = LINE('',#473,#474);
#473 = CARTESIAN_POINT('',(0.,0.));
#474 = VECTOR('',#475,1.);
#475 = DIRECTION('',(1.,0.));
#476 = ( GEOMETRIC_REPRESENTATION_CONTEXT(2) 
PARAMETRIC_REPRESENTATION_CONTEXT() REPRESENTATION_CONTEXT('2D SPACE',''
  ) );
#477 = FACE_BOUND('',#478,.T.);
#478 = EDGE_LOOP('',(#479));
#479 = ORIENTED_EDGE('',*,*,#480,.T.);
#480 = EDGE_CURVE('',#481,#481,#483,.T.);
#481 = VERTEX_POINT('',#482);
#482 = CARTESIAN_POINT('',(3.25,54.5,3.));
#483 = SURFACE_CURVE('',#484,(#489,#500),.PCURVE_S1.);
#484 = CIRCLE('',#485,1.25);
#485 = AXIS2_PLACEMENT_3D('',#486,#487,#488);
#486 = CARTESIAN_POINT('',(4.5,54.5,3.));
#487 = DIRECTION('',(0.,0.,-1.));
#488 = DIRECTION('',(-1.,0.,0.));
#489 = PCURVE('',#44,#490);
#490 = DEFINITIONAL_REPRESENTATION('',(#491),#499);
#491 = ( BOUNDED_CURVE() B_SPLINE_CURVE(2,(#492,#493,#494,#495,#496,#497
,#498),.UNSPECIFIED.,.T.,.F.) B_SPLINE_CURVE_WITH_KNOTS((1,2,2,2,2,1),(
    -2.094395102393,0.,2.094395102393,4.188790204786,6.28318530718,
8.377580409573),.UNSPECIFIED.) CURVE() GEOMETRIC_REPRESENTATION_ITEM() 
RATIONAL_B_SPLINE_CURVE((1.,0.5,1.,0.5,1.,0.5,1.)) REPRESENTATION_ITEM(
  '') );
#492 = CARTESIAN_POINT('',(23.25,74.5));
#493 = CARTESIAN_POINT('',(23.25,76.665063509461));
#494 = CARTESIAN_POINT('',(25.125,75.582531754731));
#495 = CARTESIAN_POINT('',(27.,74.5));
#496 = CARTESIAN_POINT('',(25.125,73.417468245269));
#497 = CARTESIAN_POINT('',(23.25,72.334936490539));
#498 = CARTESIAN_POINT('',(23.25,74.5));
#499 = ( GEOMETRIC_REPRESENTATION_CONTEXT(2) 
PARAMETRIC_REPRESENTATION_CONTEXT() REPRESENTATION_CONTEXT('2D SPACE',''
  ) );
#500 = PCURVE('',#501,#506);
#501 = CYLINDRICAL_SURFACE('',#502,1.25);
#502 = AXIS2_PLACEMENT_3D('',#503,#504,#505);
#503 = CARTESIAN_POINT('',(4.5,54.5,3.));
#504 = DIRECTION('',(0.,0.,-1.));
#505 = DIRECTION('',(-1.,0.,0.));
#506 = DEFINITIONAL_REPRESENTATION('',(#507),#511);
#507 = LINE('',#508,#509);
#508 = CARTESIAN_POINT('',(0.,0.));
#509 = VECTOR('',#510,1.);
#510 = DIRECTION('',(1.,0.));
#511 = ( GEOMETRIC_REPRESENTATION_CONTEXT(2) 
PARAMETRIC_REPRESENTATION_CONTEXT() REPRESENTATION_CONTEXT('2D SPACE',''
  ) );
#512 = FACE_BOUND('',#513,.T.);
#513 = EDGE_LOOP('',(#514));
#514 = ORIENTED_EDGE('',*,*,#515,.T.);
#515 = EDGE_CURVE('',#516,#516,#518,.T.);
#516 = VERTEX_POINT('',#517);
#517 = CARTESIAN_POINT('',(44.25,95.5,3.));
#518 = SURFACE_CURVE('',#519,(#524,#535),.PCURVE_S1.);
#519 = CIRCLE('',#520,1.25);
#520 = AXIS2_PLACEMENT_3D('',#521,#522,#523);
#521 = CARTESIAN_POINT('',(45.5,95.5,3.));
#522 = DIRECTION('',(0.,0.,-1.));
#523 = DIRECTION('',(-1.,0.,0.));
#524 = PCURVE('',#44,#525);
#525 = DEFINITIONAL_REPRESENTATION('',(#526),#534);
#526 = ( BOUNDED_CURVE() B_SPLINE_CURVE(2,(#527,#528,#529,#530,#531,#532
,#533),.UNSPECIFIED.,.T.,.F.) B_SPLINE_CURVE_WITH_KNOTS((1,2,2,2,2,1),(
    -2.094395102393,0.,2.094395102393,4.188790204786,6.28318530718,
8.377580409573),.UNSPECIFIED.) CURVE() GEOMETRIC_REPRESENTATION_ITEM() 
RATIONAL_B_SPLINE_CURVE((1.,0.5,1.,0.5,1.,0.5,1.)) REPRESENTATION_ITEM(
  '') );
#527 = CARTESIAN_POINT('',(64.25,115.5));
#528 = CARTESIAN_POINT('',(64.25,117.66506350946));
#529 = CARTESIAN_POINT('',(66.125,116.58253175473));
#530 = CARTESIAN_POINT('',(68.,115.5));
#531 = CARTESIAN_POINT('',(66.125,114.41746824526));
#532 = CARTESIAN_POINT('',(64.25,113.33493649053));
#533 = CARTESIAN_POINT('',(64.25,115.5));
#534 = ( GEOMETRIC_REPRESENTATION_CONTEXT(2) 
PARAMETRIC_REPRESENTATION_CONTEXT() REPRESENTATION_CONTEXT('2D SPACE',''
  ) );
#535 = PCURVE('',#536,#541);
#536 = CYLINDRICAL_SURFACE('',#537,1.25);
#537 = AXIS2_PLACEMENT_3D('',#538,#539,#540);
#538 = CARTESIAN_POINT('',(45.5,95.5,3.));
#539 = DIRECTION('',(0.,0.,-1.));
#540 = DIRECTION('',(-1.,0.,0.));
#541 = DEFINITIONAL_REPRESENTATION('',(#542),#546);
#542 = LINE('',#543,#544);
#543 = CARTESIAN_POINT('',(0.,0.));
#544 = VECTOR('',#545,1.);
#545 = DIRECTION('',(1.,0.));
#546 = ( GEOMETRIC_REPRESENTATION_CONTEXT(2) 
PARAMETRIC_REPRESENTATION_CONTEXT() REPRESENTATION_CONTEXT('2D SPACE',''
  ) );
#547 = FACE_BOUND('',#548,.T.);
#548 = EDGE_LOOP('',(#549));
#549 = ORIENTED_EDGE('',*,*,#550,.T.);
#550 = EDGE_CURVE('',#551,#551,#553,.T.);
#551 = VERTEX_POINT('',#552);
#552 = CARTESIAN_POINT('',(53.25,54.5,3.));
#553 = SURFACE_CURVE('',#554,(#559,#570),.PCURVE_S1.);
#554 = CIRCLE('',#555,1.25);
#555 = AXIS2_PLACEMENT_3D('',#556,#557,#558);
#556 = CARTESIAN_POINT('',(54.5,54.5,3.));
#557 = DIRECTION('',(0.,0.,-1.));
#558 = DIRECTION('',(-1.,0.,0.));
#559 = PCURVE('',#44,#560);
#560 = DEFINITIONAL_REPRESENTATION('',(#561),#569);
#561 = ( BOUNDED_CURVE() B_SPLINE_CURVE(2,(#562,#563,#564,#565,#566,#567
,#568),.UNSPECIFIED.,.T.,.F.) B_SPLINE_CURVE_WITH_KNOTS((1,2,2,2,2,1),(
    -2.094395102393,0.,2.094395102393,4.188790204786,6.28318530718,
8.377580409573),.UNSPECIFIED.) CURVE() GEOMETRIC_REPRESENTATION_ITEM() 
RATIONAL_B_SPLINE_CURVE((1.,0.5,1.,0.5,1.,0.5,1.)) REPRESENTATION_ITEM(
  '') );
#562 = CARTESIAN_POINT('',(73.25,74.5));
#563 = CARTESIAN_POINT('',(73.25,76.665063509461));
#564 = CARTESIAN_POINT('',(75.125,75.582531754731));
#565 = CARTESIAN_POINT('',(77.,74.5));
#566 = CARTESIAN_POINT('',(75.125,73.417468245269));
#567 = CARTESIAN_POINT('',(73.25,72.334936490539));
#568 = CARTESIAN_POINT('',(73.25,74.5));
#569 = ( GEOMETRIC_REPRESENTATION_CONTEXT(2) 
PARAMETRIC_REPRESENTATION_CONTEXT() REPRESENTATION_CONTEXT('2D SPACE',''
  ) );
#570 = PCURVE('',#571,#576);
#571 = CYLINDRICAL_SURFACE('',#572,1.25);
#572 = AXIS2_PLACEMENT_3D('',#573,#574,#575);
#573 = CARTESIAN_POINT('',(54.5,54.5,3.));
#574 = DIRECTION('',(0.,0.,-1.));
#575 = DIRECTION('',(-1.,0.,0.));
#576 = DEFINITIONAL_REPRESENTATION('',(#577),#581);
#577 = LINE('',#578,#579);
#578 = CARTESIAN_POINT('',(0.,0.));
#579 = VECTOR('',#580,1.);
#580 = DIRECTION('',(1.,0.));
#581 = ( GEOMETRIC_REPRESENTATION_CONTEXT(2) 
PARAMETRIC_REPRESENTATION_CONTEXT() REPRESENTATION_CONTEXT('2D SPACE',''
  ) );
#582 = FACE_BOUND('',#583,.T.);
#583 = EDGE_LOOP('',(#584));
#584 = ORIENTED_EDGE('',*,*,#585,.T.);
#585 = EDGE_CURVE('',#586,#586,#588,.T.);
#586 = VERTEX_POINT('',#587);
#587 = CARTESIAN_POINT('',(94.25,95.5,3.));
#588 = SURFACE_CURVE('',#589,(#594,#605),.PCURVE_S1.);
#589 = CIRCLE('',#590,1.25);
#590 = AXIS2_PLACEMENT_3D('',#591,#592,#593);
#591 = CARTESIAN_POINT('',(95.5,95.5,3.));
#592 = DIRECTION('',(0.,0.,-1.));
#593 = DIRECTION('',(-1.,0.,0.));
#594 = PCURVE('',#44,#595);
#595 = DEFINITIONAL_REPRESENTATION('',(#596),#604);
#596 = ( BOUNDED_CURVE() B_SPLINE_CURVE(2,(#597,#598,#599,#600,#601,#602
,#603),.UNSPECIFIED.,.T.,.F.) B_SPLINE_CURVE_WITH_KNOTS((1,2,2,2,2,1),(
    -2.094395102393,0.,2.094395102393,4.188790204786,6.28318530718,
8.377580409573),.UNSPECIFIED.) CURVE() GEOMETRIC_REPRESENTATION_ITEM() 
RATIONAL_B_SPLINE_CURVE((1.,0.5,1.,0.5,1.,0.5,1.)) REPRESENTATION_ITEM(
  '') );
#597 = CARTESIAN_POINT('',(114.25,115.5));
#598 = CARTESIAN_POINT('',(114.25,117.66506350946));
#599 = CARTESIAN_POINT('',(116.125,116.58253175473));
#600 = CARTESIAN_POINT('',(118.,115.5));
#601 = CARTESIAN_POINT('',(116.125,114.41746824526));
#602 = CARTESIAN_POINT('',(114.25,113.33493649053));
#603 = CARTESIAN_POINT('',(114.25,115.5));
#604 = ( GEOMETRIC_REPRESENTATION_CONTEXT(2) 
PARAMETRIC_REPRESENTATION_CONTEXT() REPRESENTATION_CONTEXT('2D SPACE',''
  ) );
#605 = PCURVE('',#606,#611);
#606 = CYLINDRICAL_SURFACE('',#607,1.25);
#607 = AXIS2_PLACEMENT_3D('',#608,#609,#610);
#608 = CARTESIAN_POINT('',(95.5,95.5,3.));
#609 = DIRECTION('',(0.,0.,-1.));
#610 = DIRECTION('',(-1.,0.,0.));
#611 = DEFINITIONAL_REPRESENTATION('',(#612),#616);
#612 = LINE('',#613,#614);
#613 = CARTESIAN_POINT('',(0.,0.));
#614 = VECTOR('',#615,1.);
#615 = DIRECTION('',(1.,0.));
#616 = ( GEOMETRIC_REPRESENTATION_CONTEXT(2) 
PARAMETRIC_REPRESENTATION_CONTEXT() REPRESENTATION_CONTEXT('2D SPACE',''
  ) );
#617 = FACE_BOUND('',#618,.T.);
#618 = EDGE_LOOP('',(#619));
#619 = ORIENTED_EDGE('',*,*,#620,.T.);
#620 = EDGE_CURVE('',#621,#621,#623,.T.);
#621 = VERTEX_POINT('',#622);
#622 = CARTESIAN_POINT('',(103.25,4.5,3.));
#623 = SURFACE_CURVE('',#624,(#629,#640),.PCURVE_S1.);
#624 = CIRCLE('',#625,1.25);
#625 = AXIS2_PLACEMENT_3D('',#626,#627,#628);
#626 = CARTESIAN_POINT('',(104.5,4.5,3.));
#627 = DIRECTION('',(0.,0.,-1.));
#628 = DIRECTION('',(-1.,0.,0.));
#629 = PCURVE('',#44,#630);
#630 = DEFINITIONAL_REPRESENTATION('',(#631),#639);
#631 = ( BOUNDED_CURVE() B_SPLINE_CURVE(2,(#632,#633,#634,#635,#636,#637
,#638),.UNSPECIFIED.,.T.,.F.) B_SPLINE_CURVE_WITH_KNOTS((1,2,2,2,2,1),(
    -2.094395102393,0.,2.094395102393,4.188790204786,6.28318530718,
8.377580409573),.UNSPECIFIED.) CURVE() GEOMETRIC_REPRESENTATION_ITEM() 
RATIONAL_B_SPLINE_CURVE((1.,0.5,1.,0.5,1.,0.5,1.)) REPRESENTATION_ITEM(
  '') );
#632 = CARTESIAN_POINT('',(123.25,24.5));
#633 = CARTESIAN_POINT('',(123.25,26.665063509461));
#634 = CARTESIAN_POINT('',(125.125,25.582531754731));
#635 = CARTESIAN_POINT('',(127.,24.5));
#636 = CARTESIAN_POINT('',(125.125,23.417468245269));
#637 = CARTESIAN_POINT('',(123.25,22.334936490539));
#638 = CARTESIAN_POINT('',(123.25,24.5));
#639 = ( GEOMETRIC_REPRESENTATION_CONTEXT(2) 
PARAMETRIC_REPRESENTATION_CONTEXT() REPRESENTATION_CONTEXT('2D SPACE',''
  ) );
#640 = PCURVE('',#641,#646);
#641 = CYLINDRICAL_SURFACE('',#642,1.25);
#642 = AXIS2_PLACEMENT_3D('',#643,#644,#645);
#643 = CARTESIAN_POINT('',(104.5,4.5,3.));
#644 = DIRECTION('',(0.,0.,-1.));
#645 = DIRECTION('',(-1.,0.,0.));
#646 = DEFINITIONAL_REPRESENTATION('',(#647),#651);
#647 = LINE('',#648,#649);
#648 = CARTESIAN_POINT('',(0.,0.));
#649 = VECTOR('',#650,1.);
#650 = DIRECTION('',(1.,0.));
#651 = ( GEOMETRIC_REPRESENTATION_CONTEXT(2) 
PARAMETRIC_REPRESENTATION_CONTEXT() REPRESENTATION_CONTEXT('2D SPACE',''
  ) );
#652 = FACE_BOUND('',#653,.T.);
#653 = EDGE_LOOP('',(#654));
#654 = ORIENTED_EDGE('',*,*,#655,.T.);
#655 = EDGE_CURVE('',#656,#656,#658,.T.);
#656 = VERTEX_POINT('',#657);
#657 = CARTESIAN_POINT('',(144.25,45.5,3.));
#658 = SURFACE_CURVE('',#659,(#664,#675),.PCURVE_S1.);
#659 = CIRCLE('',#660,1.25);
#660 = AXIS2_PLACEMENT_3D('',#661,#662,#663);
#661 = CARTESIAN_POINT('',(145.5,45.5,3.));
#662 = DIRECTION('',(0.,0.,-1.));
#663 = DIRECTION('',(-1.,0.,0.));
#664 = PCURVE('',#44,#665);
#665 = DEFINITIONAL_REPRESENTATION('',(#666),#674);
#666 = ( BOUNDED_CURVE() B_SPLINE_CURVE(2,(#667,#668,#669,#670,#671,#672
,#673),.UNSPECIFIED.,.T.,.F.) B_SPLINE_CURVE_WITH_KNOTS((1,2,2,2,2,1),(
    -2.094395102393,0.,2.094395102393,4.188790204786,6.28318530718,
8.377580409573),.UNSPECIFIED.) CURVE() GEOMETRIC_REPRESENTATION_ITEM() 
RATIONAL_B_SPLINE_CURVE((1.,0.5,1.,0.5,1.,0.5,1.)) REPRESENTATION_ITEM(
  '') );
#667 = CARTESIAN_POINT('',(164.25,65.5));
#668 = CARTESIAN_POINT('',(164.25,67.665063509461));
#669 = CARTESIAN_POINT('',(166.125,66.582531754731));
#670 = CARTESIAN_POINT('',(168.,65.5));
#671 = CARTESIAN_POINT('',(166.125,64.417468245269));
#672 = CARTESIAN_POINT('',(164.25,63.334936490539));
#673 = CARTESIAN_POINT('',(164.25,65.5));
#674 = ( GEOMETRIC_REPRESENTATION_CONTEXT(2) 
PARAMETRIC_REPRESENTATION_CONTEXT() REPRESENTATION_CONTEXT('2D SPACE',''
  ) );
#675 = PCURVE('',#676,#681);
#676 = CYLINDRICAL_SURFACE('',#677,1.25);
#677 = AXIS2_PLACEMENT_3D('',#678,#679,#680);
#678 = CARTESIAN_POINT('',(145.5,45.5,3.));
#679 = DIRECTION('',(0.,0.,-1.));
#680 = DIRECTION('',(-1.,0.,0.));
#681 = DEFINITIONAL_REPRESENTATION('',(#682),#686);
#682 = LINE('',#683,#684);
#683 = CARTESIAN_POINT('',(0.,0.));
#684 = VECTOR('',#685,1.);
#685 = DIRECTION('',(1.,0.));
#686 = ( GEOMETRIC_REPRESENTATION_CONTEXT(2) 
PARAMETRIC_REPRESENTATION_CONTEXT() REPRESENTATION_CONTEXT('2D SPACE',''
  ) );
#687 = FACE_BOUND('',#688,.T.);
#688 = EDGE_LOOP('',(#689));
#689 = ORIENTED_EDGE('',*,*,#690,.T.);
#690 = EDGE_CURVE('',#691,#691,#693,.T.);
#691 = VERTEX_POINT('',#692);
#692 = CARTESIAN_POINT('',(153.25,4.5,3.));
#693 = SURFACE_CURVE('',#694,(#699,#710),.PCURVE_S1.);
#694 = CIRCLE('',#695,1.25);
#695 = AXIS2_PLACEMENT_3D('',#696,#697,#698);
#696 = CARTESIAN_POINT('',(154.5,4.5,3.));
#697 = DIRECTION('',(0.,0.,-1.));
#698 = DIRECTION('',(-1.,0.,0.));
#699 = PCURVE('',#44,#700);
#700 = DEFINITIONAL_REPRESENTATION('',(#701),#709);
#701 = ( BOUNDED_CURVE() B_SPLINE_CURVE(2,(#702,#703,#704,#705,#706,#707
,#708),.UNSPECIFIED.,.T.,.F.) B_SPLINE_CURVE_WITH_KNOTS((1,2,2,2,2,1),(
    -2.094395102393,0.,2.094395102393,4.188790204786,6.28318530718,
8.377580409573),.UNSPECIFIED.) CURVE() GEOMETRIC_REPRESENTATION_ITEM() 
RATIONAL_B_SPLINE_CURVE((1.,0.5,1.,0.5,1.,0.5,1.)) REPRESENTATION_ITEM(
  '') );
#702 = CARTESIAN_POINT('',(173.25,24.5));
#703 = CARTESIAN_POINT('',(173.25,26.665063509461));
#704 = CARTESIAN_POINT('',(175.125,25.582531754731));
#705 = CARTESIAN_POINT('',(177.,24.5));
#706 = CARTESIAN_POINT('',(175.125,23.417468245269));
#707 = CARTESIAN_POINT('',(173.25,22.334936490539));
#708 = CARTESIAN_POINT('',(173.25,24.5));
#709 = ( GEOMETRIC_REPRESENTATION_CONTEXT(2) 
PARAMETRIC_REPRESENTATION_CONTEXT() REPRESENTATION_CONTEXT('2D SPACE',''
  ) );
#710 = PCURVE('',#711,#716);
#711 = CYLINDRICAL_SURFACE('',#712,1.25);
#712 = AXIS2_PLACEMENT_3D('',#713,#714,#715);
#713 = CARTESIAN_POINT('',(154.5,4.5,3.));
#714 = DIRECTION('',(0.,0.,-1.));
#715 = DIRECTION('',(-1.,0.,0.));
#716 = DEFINITIONAL_REPRESENTATION('',(#717),#721);
#717 = LINE('',#718,#719);
#718 = CARTESIAN_POINT('',(0.,0.));
#719 = VECTOR('',#720,1.);
#720 = DIRECTION('',(1.,0.));
#721 = ( GEOMETRIC_REPRESENTATION_CONTEXT(2) 
PARAMETRIC_REPRESENTATION_CONTEXT() REPRESENTATION_CONTEXT('2D SPACE',''
  ) );
#722 = FACE_BOUND('',#723,.T.);
#723 = EDGE_LOOP('',(#724));
#724 = ORIENTED_EDGE('',*,*,#725,.T.);
#725 = EDGE_CURVE('',#726,#726,#728,.T.);
#726 = VERTEX_POINT('',#727);
#727 = CARTESIAN_POINT('',(194.25,45.5,3.));
#728 = SURFACE_CURVE('',#729,(#734,#745),.PCURVE_S1.);
#729 = CIRCLE('',#730,1.25);
#730 = AXIS2_PLACEMENT_3D('',#731,#732,#733);
#731 = CARTESIAN_POINT('',(195.5,45.5,3.));
#732 = DIRECTION('',(0.,0.,-1.));
#733 = DIRECTION('',(-1.,0.,0.));
#734 = PCURVE('',#44,#735);
#735 = DEFINITIONAL_REPRESENTATION('',(#736),#744);
#736 = ( BOUNDED_CURVE() B_SPLINE_CURVE(2,(#737,#738,#739,#740,#741,#742
,#743),.UNSPECIFIED.,.T.,.F.) B_SPLINE_CURVE_WITH_KNOTS((1,2,2,2,2,1),(
    -2.094395102393,0.,2.094395102393,4.188790204786,6.28318530718,
8.377580409573),.UNSPECIFIED.) CURVE() GEOMETRIC_REPRESENTATION_ITEM() 
RATIONAL_B_SPLINE_CURVE((1.,0.5,1.,0.5,1.,0.5,1.)) REPRESENTATION_ITEM(
  '') );
#737 = CARTESIAN_POINT('',(214.25,65.5));
#738 = CARTESIAN_POINT('',(214.25,67.665063509461));
#739 = CARTESIAN_POINT('',(216.125,66.582531754731));
#740 = CARTESIAN_POINT('',(218.,65.5));
#741 = CARTESIAN_POINT('',(216.125,64.417468245269));
#742 = CARTESIAN_POINT('',(214.25,63.334936490539));
#743 = CARTESIAN_POINT('',(214.25,65.5));
#744 = ( GEOMETRIC_REPRESENTATION_CONTEXT(2) 
PARAMETRIC_REPRESENTATION_CONTEXT() REPRESENTATION_CONTEXT('2D SPACE',''
  ) );
#745 = PCURVE('',#746,#751);
#746 = CYLINDRICAL_SURFACE('',#747,1.25);
#747 = AXIS2_PLACEMENT_3D('',#748,#749,#750);
#748 = CARTESIAN_POINT('',(195.5,45.5,3.));
#749 = DIRECTION('',(0.,0.,-1.));
#750 = DIRECTION('',(-1.,0.,0.));
#751 = DEFINITIONAL_REPRESENTATION('',(#752),#756);
#752 = LINE('',#753,#754);
#753 = CARTESIAN_POINT('',(0.,0.));
#754 = VECTOR('',#755,1.);
#755 = DIRECTION('',(1.,0.));
#756 = ( GEOMETRIC_REPRESENTATION_CONTEXT(2) 
PARAMETRIC_REPRESENTATION_CONTEXT() REPRESENTATION_CONTEXT('2D SPACE',''
  ) );
#757 = FACE_BOUND('',#758,.T.);
#758 = EDGE_LOOP('',(#759));
#759 = ORIENTED_EDGE('',*,*,#760,.T.);
#760 = EDGE_CURVE('',#761,#761,#763,.T.);
#761 = VERTEX_POINT('',#762);
#762 = CARTESIAN_POINT('',(103.25,54.5,3.));
#763 = SURFACE_CURVE('',#764,(#769,#780),.PCURVE_S1.);
#764 = CIRCLE('',#765,1.25);
#765 = AXIS2_PLACEMENT_3D('',#766,#767,#768);
#766 = CARTESIAN_POINT('',(104.5,54.5,3.));
#767 = DIRECTION('',(0.,0.,-1.));
#768 = DIRECTION('',(-1.,0.,0.));
#769 = PCURVE('',#44,#770);
#770 = DEFINITIONAL_REPRESENTATION('',(#771),#779);
#771 = ( BOUNDED_CURVE() B_SPLINE_CURVE(2,(#772,#773,#774,#775,#776,#777
,#778),.UNSPECIFIED.,.T.,.F.) B_SPLINE_CURVE_WITH_KNOTS((1,2,2,2,2,1),(
    -2.094395102393,0.,2.094395102393,4.188790204786,6.28318530718,
8.377580409573),.UNSPECIFIED.) CURVE() GEOMETRIC_REPRESENTATION_ITEM() 
RATIONAL_B_SPLINE_CURVE((1.,0.5,1.,0.5,1.,0.5,1.)) REPRESENTATION_ITEM(
  '') );
#772 = CARTESIAN_POINT('',(123.25,74.5));
#773 = CARTESIAN_POINT('',(123.25,76.665063509461));
#774 = CARTESIAN_POINT('',(125.125,75.582531754731));
#775 = CARTESIAN_POINT('',(127.,74.5));
#776 = CARTESIAN_POINT('',(125.125,73.417468245269));
#777 = CARTESIAN_POINT('',(123.25,72.334936490539));
#778 = CARTESIAN_POINT('',(123.25,74.5));
#779 = ( GEOMETRIC_REPRESENTATION_CONTEXT(2) 
PARAMETRIC_REPRESENTATION_CONTEXT() REPRESENTATION_CONTEXT('2D SPACE',''
  ) );
#780 = PCURVE('',#781,#786);
#781 = CYLINDRICAL_SURFACE('',#782,1.25);
#782 = AXIS2_PLACEMENT_3D('',#783,#784,#785);
#783 = CARTESIAN_POINT('',(104.5,54.5,3.));
#784 = DIRECTION('',(0.,0.,-1.));
#785 = DIRECTION('',(-1.,0.,0.));
#786 = DEFINITIONAL_REPRESENTATION('',(#787),#791);
#787 = LINE('',#788,#789);
#788 = CARTESIAN_POINT('',(0.,0.));
#789 = VECTOR('',#790,1.);
#790 = DIRECTION('',(1.,0.));
#791 = ( GEOMETRIC_REPRESENTATION_CONTEXT(2) 
PARAMETRIC_REPRESENTATION_CONTEXT() REPRESENTATION_CONTEXT('2D SPACE',''
  ) );
#792 = FACE_BOUND('',#793,.T.);
#793 = EDGE_LOOP('',(#794));
#794 = ORIENTED_EDGE('',*,*,#795,.T.);
#795 = EDGE_CURVE('',#796,#796,#798,.T.);
#796 = VERTEX_POINT('',#797);
#797 = CARTESIAN_POINT('',(144.25,95.5,3.));
#798 = SURFACE_CURVE('',#799,(#804,#815),.PCURVE_S1.);
#799 = CIRCLE('',#800,1.25);
#800 = AXIS2_PLACEMENT_3D('',#801,#802,#803);
#801 = CARTESIAN_POINT('',(145.5,95.5,3.));
#802 = DIRECTION('',(0.,0.,-1.));
#803 = DIRECTION('',(-1.,0.,0.));
#804 = PCURVE('',#44,#805);
#805 = DEFINITIONAL_REPRESENTATION('',(#806),#814);
#806 = ( BOUNDED_CURVE() B_SPLINE_CURVE(2,(#807,#808,#809,#810,#811,#812
,#813),.UNSPECIFIED.,.T.,.F.) B_SPLINE_CURVE_WITH_KNOTS((1,2,2,2,2,1),(
    -2.094395102393,0.,2.094395102393,4.188790204786,6.28318530718,
8.377580409573),.UNSPECIFIED.) CURVE() GEOMETRIC_REPRESENTATION_ITEM() 
RATIONAL_B_SPLINE_CURVE((1.,0.5,1.,0.5,1.,0.5,1.)) REPRESENTATION_ITEM(
  '') );
#807 = CARTESIAN_POINT('',(164.25,115.5));
#808 = CARTESIAN_POINT('',(164.25,117.66506350946));
#809 = CARTESIAN_POINT('',(166.125,116.58253175473));
#810 = CARTESIAN_POINT('',(168.,115.5));
#811 = CARTESIAN_POINT('',(166.125,114.41746824526));
#812 = CARTESIAN_POINT('',(164.25,113.33493649053));
#813 = CARTESIAN_POINT('',(164.25,115.5));
#814 = ( GEOMETRIC_REPRESENTATION_CONTEXT(2) 
PARAMETRIC_REPRESENTATION_CONTEXT() REPRESENTATION_CONTEXT('2D SPACE',''
  ) );
#815 = PCURVE('',#816,#821);
#816 = CYLINDRICAL_SURFACE('',#817,1.25);
#817 = AXIS2_PLACEMENT_3D('',#818,#819,#820);
#818 = CARTESIAN_POINT('',(145.5,95.5,3.));
#819 = DIRECTION('',(0.,0.,-1.));
#820 = DIRECTION('',(-1.,0.,0.));
#821 = DEFINITIONAL_REPRESENTATION('',(#822),#826);
#822 = LINE('',#823,#824);
#823 = CARTESIAN_POINT('',(0.,0.));
#824 = VECTOR('',#825,1.);
#825 = DIRECTION('',(1.,0.));
#826 = ( GEOMETRIC_REPRESENTATION_CONTEXT(2) 
PARAMETRIC_REPRESENTATION_CONTEXT() REPRESENTATION_CONTEXT('2D SPACE',''
  ) );
#827 = FACE_BOUND('',#828,.T.);
#828 = EDGE_LOOP('',(#829));
#829 = ORIENTED_EDGE('',*,*,#830,.T.);
#830 = EDGE_CURVE('',#831,#831,#833,.T.);
#831 = VERTEX_POINT('',#832);
#832 = CARTESIAN_POINT('',(153.25,54.5,3.));
#833 = SURFACE_CURVE('',#834,(#839,#850),.PCURVE_S1.);
#834 = CIRCLE('',#835,1.25);
#835 = AXIS2_PLACEMENT_3D('',#836,#837,#838);
#836 = CARTESIAN_POINT('',(154.5,54.5,3.));
#837 = DIRECTION('',(0.,0.,-1.));
#838 = DIRECTION('',(-1.,0.,0.));
#839 = PCURVE('',#44,#840);
#840 = DEFINITIONAL_REPRESENTATION('',(#841),#849);
#841 = ( BOUNDED_CURVE() B_SPLINE_CURVE(2,(#842,#843,#844,#845,#846,#847
,#848),.UNSPECIFIED.,.T.,.F.) B_SPLINE_CURVE_WITH_KNOTS((1,2,2,2,2,1),(
    -2.094395102393,0.,2.094395102393,4.188790204786,6.28318530718,
8.377580409573),.UNSPECIFIED.) CURVE() GEOMETRIC_REPRESENTATION_ITEM() 
RATIONAL_B_SPLINE_CURVE((1.,0.5,1.,0.5,1.,0.5,1.)) REPRESENTATION_ITEM(
  '') );
#842 = CARTESIAN_POINT('',(173.25,74.5));
#843 = CARTESIAN_POINT('',(173.25,76.665063509461));
#844 = CARTESIAN_POINT('',(175.125,75.582531754731));
#845 = CARTESIAN_POINT('',(177.,74.5));
#846 = CARTESIAN_POINT('',(175.125,73.417468245269));
#847 = CARTESIAN_POINT('',(173.25,72.334936490539));
#848 = CARTESIAN_POINT('',(173.25,74.5));
#849 = ( GEOMETRIC_REPRESENTATION_CONTEXT(2) 
PARAMETRIC_REPRESENTATION_CONTEXT() REPRESENTATION_CONTEXT('2D SPACE',''
  ) );
#850 = PCURVE('',#851,#856);
#851 = CYLINDRICAL_SURFACE('',#852,1.25);
#852 = AXIS2_PLACEMENT_3D('',#853,#854,#855);
#853 = CARTESIAN_POINT('',(154.5,54.5,3.));
#854 = DIRECTION('',(0.,0.,-1.));
#855 = DIRECTION('',(-1.,0.,0.));
#856 = DEFINITIONAL_REPRESENTATION('',(#857),#861);
#857 = LINE('',#858,#859);
#858 = CARTESIAN_POINT('',(0.,0.));
#859 = VECTOR('',#860,1.);
#860 = DIRECTION('',(1.,0.));
#861 = ( GEOMETRIC_REPRESENTATION_CONTEXT(2) 
PARAMETRIC_REPRESENTATION_CONTEXT() REPRESENTATION_CONTEXT('2D SPACE',''
  ) );
#862 = FACE_BOUND('',#863,.T.);
#863 = EDGE_LOOP('',(#864));
#864 = ORIENTED_EDGE('',*,*,#865,.T.);
#865 = EDGE_CURVE('',#866,#866,#868,.T.);
#866 = VERTEX_POINT('',#867);
#867 = CARTESIAN_POINT('',(194.25,95.5,3.));
#868 = SURFACE_CURVE('',#869,(#874,#885),.PCURVE_S1.);
#869 = CIRCLE('',#870,1.25);
#870 = AXIS2_PLACEMENT_3D('',#871,#872,#873);
#871 = CARTESIAN_POINT('',(195.5,95.5,3.));
#872 = DIRECTION('',(0.,0.,-1.));
#873 = DIRECTION('',(-1.,0.,0.));
#874 = PCURVE('',#44,#875);
#875 = DEFINITIONAL_REPRESENTATION('',(#876),#884);
#876 = ( BOUNDED_CURVE() B_SPLINE_CURVE(2,(#877,#878,#879,#880,#881,#882
,#883),.UNSPECIFIED.,.T.,.F.) B_SPLINE_CURVE_WITH_KNOTS((1,2,2,2,2,1),(
    -2.094395102393,0.,2.094395102393,4.188790204786,6.28318530718,
8.377580409573),.UNSPECIFIED.) CURVE() GEOMETRIC_REPRESENTATION_ITEM() 
RATIONAL_B_SPLINE_CURVE((1.,0.5,1.,0.5,1.,0.5,1.)) REPRESENTATION_ITEM(
  '') );
#877 = CARTESIAN_POINT('',(214.25,115.5));
#878 = CARTESIAN_POINT('',(214.25,117.66506350946));
#879 = CARTESIAN_POINT('',(216.125,116.58253175473));
#880 = CARTESIAN_POINT('',(218.,115.5));
#881 = CARTESIAN_POINT('',(216.125,114.41746824526));
#882 = CARTESIAN_POINT('',(214.25,113.33493649053));
#883 = CARTESIAN_POINT('',(214.25,115.5));
#884 = ( GEOMETRIC_REPRESENTATION_CONTEXT(2) 
PARAMETRIC_REPRESENTATION_CONTEXT() REPRESENTATION_CONTEXT('2D SPACE',''
  ) );
#885 = PCURVE('',#886,#891);
#886 = CYLINDRICAL_SURFACE('',#887,1.25);
#887 = AXIS2_PLACEMENT_3D('',#888,#889,#890);
#888 = CARTESIAN_POINT('',(195.5,95.5,3.));
#889 = DIRECTION('',(0.,0.,-1.));
#890 = DIRECTION('',(-1.,0.,0.));
#891 = DEFINITIONAL_REPRESENTATION('',(#892),#896);
#892 = LINE('',#893,#894);
#893 = CARTESIAN_POINT('',(0.,0.));
#894 = VECTOR('',#895,1.);
#895 = DIRECTION('',(1.,0.));
#896 = ( GEOMETRIC_REPRESENTATION_CONTEXT(2) 
PARAMETRIC_REPRESENTATION_CONTEXT() REPRESENTATION_CONTEXT('2D SPACE',''
  ) );
#897 = FACE_BOUND('',#898,.T.);
#898 = EDGE_LOOP('',(#899));
#899 = ORIENTED_EDGE('',*,*,#900,.T.);
#900 = EDGE_CURVE('',#901,#901,#903,.T.);
#901 = VERTEX_POINT('',#902);
#902 = CARTESIAN_POINT('',(3.25,104.5,3.));
#903 = SURFACE_CURVE('',#904,(#909,#920),.PCURVE_S1.);
#904 = CIRCLE('',#905,1.25);
#905 = AXIS2_PLACEMENT_3D('',#906,#907,#908);
#906 = CARTESIAN_POINT('',(4.5,104.5,3.));
#907 = DIRECTION('',(0.,0.,-1.));
#908 = DIRECTION('',(-1.,0.,0.));
#909 = PCURVE('',#44,#910);
#910 = DEFINITIONAL_REPRESENTATION('',(#911),#919);
#911 = ( BOUNDED_CURVE() B_SPLINE_CURVE(2,(#912,#913,#914,#915,#916,#917
,#918),.UNSPECIFIED.,.T.,.F.) B_SPLINE_CURVE_WITH_KNOTS((1,2,2,2,2,1),(
    -2.094395102393,0.,2.094395102393,4.188790204786,6.28318530718,
8.377580409573),.UNSPECIFIED.) CURVE() GEOMETRIC_REPRESENTATION_ITEM() 
RATIONAL_B_SPLINE_CURVE((1.,0.5,1.,0.5,1.,0.5,1.)) REPRESENTATION_ITEM(
  '') );
#912 = CARTESIAN_POINT('',(23.25,124.5));
#913 = CARTESIAN_POINT('',(23.25,126.66506350946));
#914 = CARTESIAN_POINT('',(25.125,125.58253175473));
#915 = CARTESIAN_POINT('',(27.,124.5));
#916 = CARTESIAN_POINT('',(25.125,123.41746824526));
#917 = CARTESIAN_POINT('',(23.25,122.33493649053));
#918 = CARTESIAN_POINT('',(23.25,124.5));
#919 = ( GEOMETRIC_REPRESENTATION_CONTEXT(2) 
PARAMETRIC_REPRESENTATION_CONTEXT() REPRESENTATION_CONTEXT('2D SPACE',''
  ) );
#920 = PCURVE('',#921,#926);
#921 = CYLINDRICAL_SURFACE('',#922,1.25);
#922 = AXIS2_PLACEMENT_3D('',#923,#924,#925);
#923 = CARTESIAN_POINT('',(4.5,104.5,3.));
#924 = DIRECTION('',(0.,0.,-1.));
#925 = DIRECTION('',(-1.,0.,0.));
#926 = DEFINITIONAL_REPRESENTATION('',(#927),#931);
#927 = LINE('',#928,#929);
#928 = CARTESIAN_POINT('',(0.,0.));
#929 = VECTOR('',#930,1.);
#930 = DIRECTION('',(1.,0.));
#931 = ( GEOMETRIC_REPRESENTATION_CONTEXT(2) 
PARAMETRIC_REPRESENTATION_CONTEXT() REPRESENTATION_CONTEXT('2D SPACE',''
  ) );
#932 = FACE_BOUND('',#933,.T.);
#933 = EDGE_LOOP('',(#934));
#934 = ORIENTED_EDGE('',*,*,#935,.T.);
#935 = EDGE_CURVE('',#936,#936,#938,.T.);
#936 = VERTEX_POINT('',#937);
#937 = CARTESIAN_POINT('',(44.25,145.5,3.));
#938 = SURFACE_CURVE('',#939,(#944,#955),.PCURVE_S1.);
#939 = CIRCLE('',#940,1.25);
#940 = AXIS2_PLACEMENT_3D('',#941,#942,#943);
#941 = CARTESIAN_POINT('',(45.5,145.5,3.));
#942 = DIRECTION('',(0.,0.,-1.));
#943 = DIRECTION('',(-1.,0.,0.));
#944 = PCURVE('',#44,#945);
#945 = DEFINITIONAL_REPRESENTATION('',(#946),#954);
#946 = ( BOUNDED_CURVE() B_SPLINE_CURVE(2,(#947,#948,#949,#950,#951,#952
,#953),.UNSPECIFIED.,.T.,.F.) B_SPLINE_CURVE_WITH_KNOTS((1,2,2,2,2,1),(
    -2.094395102393,0.,2.094395102393,4.188790204786,6.28318530718,
8.377580409573),.UNSPECIFIED.) CURVE() GEOMETRIC_REPRESENTATION_ITEM() 
RATIONAL_B_SPLINE_CURVE((1.,0.5,1.,0.5,1.,0.5,1.)) REPRESENTATION_ITEM(
  '') );
#947 = CARTESIAN_POINT('',(64.25,165.5));
#948 = CARTESIAN_POINT('',(64.25,167.66506350946));
#949 = CARTESIAN_POINT('',(66.125,166.58253175473));
#950 = CARTESIAN_POINT('',(68.,165.5));
#951 = CARTESIAN_POINT('',(66.125,164.41746824526));
#952 = CARTESIAN_POINT('',(64.25,163.33493649053));
#953 = CARTESIAN_POINT('',(64.25,165.5));
#954 = ( GEOMETRIC_REPRESENTATION_CONTEXT(2) 
PARAMETRIC_REPRESENTATION_CONTEXT() REPRESENTATION_CONTEXT('2D SPACE',''
  ) );
#955 = PCURVE('',#956,#961);
#956 = CYLINDRICAL_SURFACE('',#957,1.25);
#957 = AXIS2_PLACEMENT_3D('',#958,#959,#960);
#958 = CARTESIAN_POINT('',(45.5,145.5,3.));
#959 = DIRECTION('',(0.,0.,-1.));
#960 = DIRECTION('',(-1.,0.,0.));
#961 = DEFINITIONAL_REPRESENTATION('',(#962),#966);
#962 = LINE('',#963,#964);
#963 = CARTESIAN_POINT('',(0.,0.));
#964 = VECTOR('',#965,1.);
#965 = DIRECTION('',(1.,0.));
#966 = ( GEOMETRIC_REPRESENTATION_CONTEXT(2) 
PARAMETRIC_REPRESENTATION_CONTEXT() REPRESENTATION_CONTEXT('2D SPACE',''
  ) );
#967 = FACE_BOUND('',#968,.T.);
#968 = EDGE_LOOP('',(#969));
#969 = ORIENTED_EDGE('',*,*,#970,.T.);
#970 = EDGE_CURVE('',#971,#971,#973,.T.);
#971 = VERTEX_POINT('',#972);
#972 = CARTESIAN_POINT('',(53.25,104.5,3.));
#973 = SURFACE_CURVE('',#974,(#979,#990),.PCURVE_S1.);
#974 = CIRCLE('',#975,1.25);
#975 = AXIS2_PLACEMENT_3D('',#976,#977,#978);
#976 = CARTESIAN_POINT('',(54.5,104.5,3.));
#977 = DIRECTION('',(0.,0.,-1.));
#978 = DIRECTION('',(-1.,0.,0.));
#979 = PCURVE('',#44,#980);
#980 = DEFINITIONAL_REPRESENTATION('',(#981),#989);
#981 = ( BOUNDED_CURVE() B_SPLINE_CURVE(2,(#982,#983,#984,#985,#986,#987
,#988),.UNSPECIFIED.,.T.,.F.) B_SPLINE_CURVE_WITH_KNOTS((1,2,2,2,2,1),(
    -2.094395102393,0.,2.094395102393,4.188790204786,6.28318530718,
8.377580409573),.UNSPECIFIED.) CURVE() GEOMETRIC_REPRESENTATION_ITEM() 
RATIONAL_B_SPLINE_CURVE((1.,0.5,1.,0.5,1.,0.5,1.)) REPRESENTATION_ITEM(
  '') );
#982 = CARTESIAN_POINT('',(73.25,124.5));
#983 = CARTESIAN_POINT('',(73.25,126.66506350946));
#984 = CARTESIAN_POINT('',(75.125,125.58253175473));
#985 = CARTESIAN_POINT('',(77.,124.5));
#986 = CARTESIAN_POINT('',(75.125,123.41746824526));
#987 = CARTESIAN_POINT('',(73.25,122.33493649053));
#988 = CARTESIAN_POINT('',(73.25,124.5));
#989 = ( GEOMETRIC_REPRESENTATION_CONTEXT(2) 
PARAMETRIC_REPRESENTATION_CONTEXT() REPRESENTATION_CONTEXT('2D SPACE',''
  ) );
#990 = PCURVE('',#991,#996);
#991 = CYLINDRICAL_SURFACE('',#992,1.25);
#992 = AXIS2_PLACEMENT_3D('',#993,#994,#995);
#993 = CARTESIAN_POINT('',(54.5,104.5,3.));
#994 = DIRECTION('',(0.,0.,-1.));
#995 = DIRECTION('',(-1.,0.,0.));
#996 = DEFINITIONAL_REPRESENTATION('',(#997),#1001);
#997 = LINE('',#998,#999);
#998 = CARTESIAN_POINT('',(0.,0.));
#999 = VECTOR('',#1000,1.);
#1000 = DIRECTION('',(1.,0.));
#1001 = ( GEOMETRIC_REPRESENTATION_CONTEXT(2) 
PARAMETRIC_REPRESENTATION_CONTEXT() REPRESENTATION_CONTEXT('2D SPACE',''
  ) );
#1002 = FACE_BOUND('',#1003,.T.);
#1003 = EDGE_LOOP('',(#1004));
#1004 = ORIENTED_EDGE('',*,*,#1005,.T.);
#1005 = EDGE_CURVE('',#1006,#1006,#1008,.T.);
#1006 = VERTEX_POINT('',#1007);
#1007 = CARTESIAN_POINT('',(94.25,145.5,3.));
#1008 = SURFACE_CURVE('',#1009,(#1014,#1025),.PCURVE_S1.);
#1009 = CIRCLE('',#1010,1.25);
#1010 = AXIS2_PLACEMENT_3D('',#1011,#1012,#1013);
#1011 = CARTESIAN_POINT('',(95.5,145.5,3.));
#1012 = DIRECTION('',(0.,0.,-1.));
#1013 = DIRECTION('',(-1.,0.,0.));
#1014 = PCURVE('',#44,#1015);
#1015 = DEFINITIONAL_REPRESENTATION('',(#1016),#1024);
#1016 = ( BOUNDED_CURVE() B_SPLINE_CURVE(2,(#1017,#1018,#1019,#1020,
#1021,#1022,#1023),.UNSPECIFIED.,.T.,.F.) B_SPLINE_CURVE_WITH_KNOTS((1,2
    ,2,2,2,1),(-2.094395102393,0.,2.094395102393,4.188790204786,
6.28318530718,8.377580409573),.UNSPECIFIED.) CURVE() 
GEOMETRIC_REPRESENTATION_ITEM() RATIONAL_B_SPLINE_CURVE((1.,0.5,1.,0.5,
1.,0.5,1.)) REPRESENTATION_ITEM('') );
#1017 = CARTESIAN_POINT('',(114.25,165.5));
#1018 = CARTESIAN_POINT('',(114.25,167.66506350946));
#1019 = CARTESIAN_POINT('',(116.125,166.58253175473));
#1020 = CARTESIAN_POINT('',(118.,165.5));
#1021 = CARTESIAN_POINT('',(116.125,164.41746824526));
#1022 = CARTESIAN_POINT('',(114.25,163.33493649053));
#1023 = CARTESIAN_POINT('',(114.25,165.5));
#1024 = ( GEOMETRIC_REPRESENTATION_CONTEXT(2) 
PARAMETRIC_REPRESENTATION_CONTEXT() REPRESENTATION_CONTEXT('2D SPACE',''
  ) );
#1025 = PCURVE('',#1026,#1031);
#1026 = CYLINDRICAL_SURFACE('',#1027,1.25);
#1027 = AXIS2_PLACEMENT_3D('',#1028,#1029,#1030);
#1028 = CARTESIAN_POINT('',(95.5,145.5,3.));
#1029 = DIRECTION('',(0.,0.,-1.));
#1030 = DIRECTION('',(-1.,0.,0.));
#1031 = DEFINITIONAL_REPRESENTATION('',(#1032),#1036);
#1032 = LINE('',#1033,#1034);
#1033 = CARTESIAN_POINT('',(0.,0.));
#1034 = VECTOR('',#1035,1.);
#1035 = DIRECTION('',(1.,0.));
#1036 = ( GEOMETRIC_REPRESENTATION_CONTEXT(2) 
PARAMETRIC_REPRESENTATION_CONTEXT() REPRESENTATION_CONTEXT('2D SPACE',''
  ) );
#1037 = FACE_BOUND('',#1038,.T.);
#1038 = EDGE_LOOP('',(#1039));
#1039 = ORIENTED_EDGE('',*,*,#1040,.T.);
#1040 = EDGE_CURVE('',#1041,#1041,#1043,.T.);
#1041 = VERTEX_POINT('',#1042);
#1042 = CARTESIAN_POINT('',(3.25,154.5,3.));
#1043 = SURFACE_CURVE('',#1044,(#1049,#1060),.PCURVE_S1.);
#1044 = CIRCLE('',#1045,1.25);
#1045 = AXIS2_PLACEMENT_3D('',#1046,#1047,#1048);
#1046 = CARTESIAN_POINT('',(4.5,154.5,3.));
#1047 = DIRECTION('',(0.,0.,-1.));
#1048 = DIRECTION('',(-1.,0.,0.));
#1049 = PCURVE('',#44,#1050);
#1050 = DEFINITIONAL_REPRESENTATION('',(#1051),#1059);
#1051 = ( BOUNDED_CURVE() B_SPLINE_CURVE(2,(#1052,#1053,#1054,#1055,
#1056,#1057,#1058),.UNSPECIFIED.,.T.,.F.) B_SPLINE_CURVE_WITH_KNOTS((1,2
    ,2,2,2,1),(-2.094395102393,0.,2.094395102393,4.188790204786,
6.28318530718,8.377580409573),.UNSPECIFIED.) CURVE() 
GEOMETRIC_REPRESENTATION_ITEM() RATIONAL_B_SPLINE_CURVE((1.,0.5,1.,0.5,
1.,0.5,1.)) REPRESENTATION_ITEM('') );
#1052 = CARTESIAN_POINT('',(23.25,174.5));
#1053 = CARTESIAN_POINT('',(23.25,176.66506350946));
#1054 = CARTESIAN_POINT('',(25.125,175.58253175473));
#1055 = CARTESIAN_POINT('',(27.,174.5));
#1056 = CARTESIAN_POINT('',(25.125,173.41746824526));
#1057 = CARTESIAN_POINT('',(23.25,172.33493649053));
#1058 = CARTESIAN_POINT('',(23.25,174.5));
#1059 = ( GEOMETRIC_REPRESENTATION_CONTEXT(2) 
PARAMETRIC_REPRESENTATION_CONTEXT() REPRESENTATION_CONTEXT('2D SPACE',''
  ) );
#1060 = PCURVE('',#1061,#1066);
#1061 = CYLINDRICAL_SURFACE('',#1062,1.25);
#1062 = AXIS2_PLACEMENT_3D('',#1063,#1064,#1065);
#1063 = CARTESIAN_POINT('',(4.5,154.5,3.));
#1064 = DIRECTION('',(0.,0.,-1.));
#1065 = DIRECTION('',(-1.,0.,0.));
#1066 = DEFINITIONAL_REPRESENTATION('',(#1067),#1071);
#1067 = LINE('',#1068,#1069);
#1068 = CARTESIAN_POINT('',(0.,0.));
#1069 = VECTOR('',#1070,1.);
#1070 = DIRECTION('',(1.,0.));
#1071 = ( GEOMETRIC_REPRESENTATION_CONTEXT(2) 
PARAMETRIC_REPRESENTATION_CONTEXT() REPRESENTATION_CONTEXT('2D SPACE',''
  ) );
#1072 = FACE_BOUND('',#1073,.T.);
#1073 = EDGE_LOOP('',(#1074));
#1074 = ORIENTED_EDGE('',*,*,#1075,.T.);
#1075 = EDGE_CURVE('',#1076,#1076,#1078,.T.);
#1076 = VERTEX_POINT('',#1077);
#1077 = CARTESIAN_POINT('',(44.25,195.5,3.));
#1078 = SURFACE_CURVE('',#1079,(#1084,#1095),.PCURVE_S1.);
#1079 = CIRCLE('',#1080,1.25);
#1080 = AXIS2_PLACEMENT_3D('',#1081,#1082,#1083);
#1081 = CARTESIAN_POINT('',(45.5,195.5,3.));
#1082 = DIRECTION('',(0.,0.,-1.));
#1083 = DIRECTION('',(-1.,0.,0.));
#1084 = PCURVE('',#44,#1085);
#1085 = DEFINITIONAL_REPRESENTATION('',(#1086),#1094);
#1086 = ( BOUNDED_CURVE() B_SPLINE_CURVE(2,(#1087,#1088,#1089,#1090,
#1091,#1092,#1093),.UNSPECIFIED.,.T.,.F.) B_SPLINE_CURVE_WITH_KNOTS((1,2
    ,2,2,2,1),(-2.094395102393,0.,2.094395102393,4.188790204786,
6.28318530718,8.377580409573),.UNSPECIFIED.) CURVE() 
GEOMETRIC_REPRESENTATION_ITEM() RATIONAL_B_SPLINE_CURVE((1.,0.5,1.,0.5,
1.,0.5,1.)) REPRESENTATION_ITEM('') );
#1087 = CARTESIAN_POINT('',(64.25,215.5));
#1088 = CARTESIAN_POINT('',(64.25,217.66506350946));
#1089 = CARTESIAN_POINT('',(66.125,216.58253175473));
#1090 = CARTESIAN_POINT('',(68.,215.5));
#1091 = CARTESIAN_POINT('',(66.125,214.41746824526));
#1092 = CARTESIAN_POINT('',(64.25,213.33493649053));
#1093 = CARTESIAN_POINT('',(64.25,215.5));
#1094 = ( GEOMETRIC_REPRESENTATION_CONTEXT(2) 
PARAMETRIC_REPRESENTATION_CONTEXT() REPRESENTATION_CONTEXT('2D SPACE',''
  ) );
#1095 = PCURVE('',#1096,#1101);
#1096 = CYLINDRICAL_SURFACE('',#1097,1.25);
#1097 = AXIS2_PLACEMENT_3D('',#1098,#1099,#1100);
#1098 = CARTESIAN_POINT('',(45.5,195.5,3.));
#1099 = DIRECTION('',(0.,0.,-1.));
#1100 = DIRECTION('',(-1.,0.,0.));
#1101 = DEFINITIONAL_REPRESENTATION('',(#1102),#1106);
#1102 = LINE('',#1103,#1104);
#1103 = CARTESIAN_POINT('',(0.,0.));
#1104 = VECTOR('',#1105,1.);
#1105 = DIRECTION('',(1.,0.));
#1106 = ( GEOMETRIC_REPRESENTATION_CONTEXT(2) 
PARAMETRIC_REPRESENTATION_CONTEXT() REPRESENTATION_CONTEXT('2D SPACE',''
  ) );
#1107 = FACE_BOUND('',#1108,.T.);
#1108 = EDGE_LOOP('',(#1109));
#1109 = ORIENTED_EDGE('',*,*,#1110,.T.);
#1110 = EDGE_CURVE('',#1111,#1111,#1113,.T.);
#1111 = VERTEX_POINT('',#1112);
#1112 = CARTESIAN_POINT('',(53.25,154.5,3.));
#1113 = SURFACE_CURVE('',#1114,(#1119,#1130),.PCURVE_S1.);
#1114 = CIRCLE('',#1115,1.25);
#1115 = AXIS2_PLACEMENT_3D('',#1116,#1117,#1118);
#1116 = CARTESIAN_POINT('',(54.5,154.5,3.));
#1117 = DIRECTION('',(0.,0.,-1.));
#1118 = DIRECTION('',(-1.,0.,0.));
#1119 = PCURVE('',#44,#1120);
#1120 = DEFINITIONAL_REPRESENTATION('',(#1121),#1129);
#1121 = ( BOUNDED_CURVE() B_SPLINE_CURVE(2,(#1122,#1123,#1124,#1125,
#1126,#1127,#1128),.UNSPECIFIED.,.T.,.F.) B_SPLINE_CURVE_WITH_KNOTS((1,2
    ,2,2,2,1),(-2.094395102393,0.,2.094395102393,4.188790204786,
6.28318530718,8.377580409573),.UNSPECIFIED.) CURVE() 
GEOMETRIC_REPRESENTATION_ITEM() RATIONAL_B_SPLINE_CURVE((1.,0.5,1.,0.5,
1.,0.5,1.)) REPRESENTATION_ITEM('') );
#1122 = CARTESIAN_POINT('',(73.25,174.5));
#1123 = CARTESIAN_POINT('',(73.25,176.66506350946));
#1124 = CARTESIAN_POINT('',(75.125,175.58253175473));
#1125 = CARTESIAN_POINT('',(77.,174.5));
#1126 = CARTESIAN_POINT('',(75.125,173.41746824526));
#1127 = CARTESIAN_POINT('',(73.25,172.33493649053));
#1128 = CARTESIAN_POINT('',(73.25,174.5));
#1129 = ( GEOMETRIC_REPRESENTATION_CONTEXT(2) 
PARAMETRIC_REPRESENTATION_CONTEXT() REPRESENTATION_CONTEXT('2D SPACE',''
  ) );
#1130 = PCURVE('',#1131,#1136);
#1131 = CYLINDRICAL_SURFACE('',#1132,1.25);
#1132 = AXIS2_PLACEMENT_3D('',#1133,#1134,#1135);
#1133 = CARTESIAN_POINT('',(54.5,154.5,3.));
#1134 = DIRECTION('',(0.,0.,-1.));
#1135 = DIRECTION('',(-1.,0.,0.));
#1136 = DEFINITIONAL_REPRESENTATION('',(#1137),#1141);
#1137 = LINE('',#1138,#1139);
#1138 = CARTESIAN_POINT('',(0.,0.));
#1139 = VECTOR('',#1140,1.);
#1140 = DIRECTION('',(1.,0.));
#1141 = ( GEOMETRIC_REPRESENTATION_CONTEXT(2) 
PARAMETRIC_REPRESENTATION_CONTEXT() REPRESENTATION_CONTEXT('2D SPACE',''
  ) );
#1142 = FACE_BOUND('',#1143,.T.);
#1143 = EDGE_LOOP('',(#1144));
#1144 = ORIENTED_EDGE('',*,*,#1145,.T.);
#1145 = EDGE_CURVE('',#1146,#1146,#1148,.T.);
#1146 = VERTEX_POINT('',#1147);
#1147 = CARTESIAN_POINT('',(94.25,195.5,3.));
#1148 = SURFACE_CURVE('',#1149,(#1154,#1165),.PCURVE_S1.);
#1149 = CIRCLE('',#1150,1.25);
#1150 = AXIS2_PLACEMENT_3D('',#1151,#1152,#1153);
#1151 = CARTESIAN_POINT('',(95.5,195.5,3.));
#1152 = DIRECTION('',(0.,0.,-1.));
#1153 = DIRECTION('',(-1.,0.,0.));
#1154 = PCURVE('',#44,#1155);
#1155 = DEFINITIONAL_REPRESENTATION('',(#1156),#1164);
#1156 = ( BOUNDED_CURVE() B_SPLINE_CURVE(2,(#1157,#1158,#1159,#1160,
#1161,#1162,#1163),.UNSPECIFIED.,.T.,.F.) B_SPLINE_CURVE_WITH_KNOTS((1,2
    ,2,2,2,1),(-2.094395102393,0.,2.094395102393,4.188790204786,
6.28318530718,8.377580409573),.UNSPECIFIED.) CURVE() 
GEOMETRIC_REPRESENTATION_ITEM() RATIONAL_B_SPLINE_CURVE((1.,0.5,1.,0.5,
1.,0.5,1.)) REPRESENTATION_ITEM('') );
#1157 = CARTESIAN_POINT('',(114.25,215.5));
#1158 = CARTESIAN_POINT('',(114.25,217.66506350946));
#1159 = CARTESIAN_POINT('',(116.125,216.58253175473));
#1160 = CARTESIAN_POINT('',(118.,215.5));
#1161 = CARTESIAN_POINT('',(116.125,214.41746824526));
#1162 = CARTESIAN_POINT('',(114.25,213.33493649053));
#1163 = CARTESIAN_POINT('',(114.25,215.5));
#1164 = ( GEOMETRIC_REPRESENTATION_CONTEXT(2) 
PARAMETRIC_REPRESENTATION_CONTEXT() REPRESENTATION_CONTEXT('2D SPACE',''
  ) );
#1165 = PCURVE('',#1166,#1171);
#1166 = CYLINDRICAL_SURFACE('',#1167,1.25);
#1167 = AXIS2_PLACEMENT_3D('',#1168,#1169,#1170);
#1168 = CARTESIAN_POINT('',(95.5,195.5,3.));
#1169 = DIRECTION('',(0.,0.,-1.));
#1170 = DIRECTION('',(-1.,0.,0.));
#1171 = DEFINITIONAL_REPRESENTATION('',(#1172),#1176);
#1172 = LINE('',#1173,#1174);
#1173 = CARTESIAN_POINT('',(0.,0.));
#1174 = VECTOR('',#1175,1.);
#1175 = DIRECTION('',(1.,0.));
#1176 = ( GEOMETRIC_REPRESENTATION_CONTEXT(2) 
PARAMETRIC_REPRESENTATION_CONTEXT() REPRESENTATION_CONTEXT('2D SPACE',''
  ) );
#1177 = FACE_BOUND('',#1178,.T.);
#1178 = EDGE_LOOP('',(#1179));
#1179 = ORIENTED_EDGE('',*,*,#1180,.T.);
#1180 = EDGE_CURVE('',#1181,#1181,#1183,.T.);
#1181 = VERTEX_POINT('',#1182);
#1182 = CARTESIAN_POINT('',(103.25,104.5,3.));
#1183 = SURFACE_CURVE('',#1184,(#1189,#1200),.PCURVE_S1.);
#1184 = CIRCLE('',#1185,1.25);
#1185 = AXIS2_PLACEMENT_3D('',#1186,#1187,#1188);
#1186 = CARTESIAN_POINT('',(104.5,104.5,3.));
#1187 = DIRECTION('',(0.,0.,-1.));
#1188 = DIRECTION('',(-1.,0.,0.));
#1189 = PCURVE('',#44,#1190);
#1190 = DEFINITIONAL_REPRESENTATION('',(#1191),#1199);
#1191 = ( BOUNDED_CURVE() B_SPLINE_CURVE(2,(#1192,#1193,#1194,#1195,
#1196,#1197,#1198),.UNSPECIFIED.,.T.,.F.) B_SPLINE_CURVE_WITH_KNOTS((1,2
    ,2,2,2,1),(-2.094395102393,0.,2.094395102393,4.188790204786,
6.28318530718,8.377580409573),.UNSPECIFIED.) CURVE() 
GEOMETRIC_REPRESENTATION_ITEM() RATIONAL_B_SPLINE_CURVE((1.,0.5,1.,0.5,
1.,0.5,1.)) REPRESENTATION_ITEM('') );
#1192 = CARTESIAN_POINT('',(123.25,124.5));
#1193 = CARTESIAN_POINT('',(123.25,126.66506350946));
#1194 = CARTESIAN_POINT('',(125.125,125.58253175473));
#1195 = CARTESIAN_POINT('',(127.,124.5));
#1196 = CARTESIAN_POINT('',(125.125,123.41746824526));
#1197 = CARTESIAN_POINT('',(123.25,122.33493649053));
#1198 = CARTESIAN_POINT('',(123.25,124.5));
#1199 = ( GEOMETRIC_REPRESENTATION_CONTEXT(2) 
PARAMETRIC_REPRESENTATION_CONTEXT() REPRESENTATION_CONTEXT('2D SPACE',''
  ) );
#1200 = PCURVE('',#1201,#1206);
#1201 = CYLINDRICAL_SURFACE('',#1202,1.25);
#1202 = AXIS2_PLACEMENT_3D('',#1203,#1204,#1205);
#1203 = CARTESIAN_POINT('',(104.5,104.5,3.));
#1204 = DIRECTION('',(0.,0.,-1.));
#1205 = DIRECTION('',(-1.,0.,0.));
#1206 = DEFINITIONAL_REPRESENTATION('',(#1207),#1211);
#1207 = LINE('',#1208,#1209);
#1208 = CARTESIAN_POINT('',(0.,0.));
#1209 = VECTOR('',#1210,1.);
#1210 = DIRECTION('',(1.,0.));
#1211 = ( GEOMETRIC_REPRESENTATION_CONTEXT(2) 
PARAMETRIC_REPRESENTATION_CONTEXT() REPRESENTATION_CONTEXT('2D SPACE',''
  ) );
#1212 = FACE_BOUND('',#1213,.T.);
#1213 = EDGE_LOOP('',(#1214));
#1214 = ORIENTED_EDGE('',*,*,#1215,.T.);
#1215 = EDGE_CURVE('',#1216,#1216,#1218,.T.);
#1216 = VERTEX_POINT('',#1217);
#1217 = CARTESIAN_POINT('',(144.25,145.5,3.));
#1218 = SURFACE_CURVE('',#1219,(#1224,#1235),.PCURVE_S1.);
#1219 = CIRCLE('',#1220,1.25);
#1220 = AXIS2_PLACEMENT_3D('',#1221,#1222,#1223);
#1221 = CARTESIAN_POINT('',(145.5,145.5,3.));
#1222 = DIRECTION('',(0.,0.,-1.));
#1223 = DIRECTION('',(-1.,0.,0.));
#1224 = PCURVE('',#44,#1225);
#1225 = DEFINITIONAL_REPRESENTATION('',(#1226),#1234);
#1226 = ( BOUNDED_CURVE() B_SPLINE_CURVE(2,(#1227,#1228,#1229,#1230,
#1231,#1232,#1233),.UNSPECIFIED.,.T.,.F.) B_SPLINE_CURVE_WITH_KNOTS((1,2
    ,2,2,2,1),(-2.094395102393,0.,2.094395102393,4.188790204786,
6.28318530718,8.377580409573),.UNSPECIFIED.) CURVE() 
GEOMETRIC_REPRESENTATION_ITEM() RATIONAL_B_SPLINE_CURVE((1.,0.5,1.,0.5,
1.,0.5,1.)) REPRESENTATION_ITEM('') );
#1227 = CARTESIAN_POINT('',(164.25,165.5));
#1228 = CARTESIAN_POINT('',(164.25,167.66506350946));
#1229 = CARTESIAN_POINT('',(166.125,166.58253175473));
#1230 = CARTESIAN_POINT('',(168.,165.5));
#1231 = CARTESIAN_POINT('',(166.125,164.41746824526));
#1232 = CARTESIAN_POINT('',(164.25,163.33493649053));
#1233 = CARTESIAN_POINT('',(164.25,165.5));
#1234 = ( GEOMETRIC_REPRESENTATION_CONTEXT(2) 
PARAMETRIC_REPRESENTATION_CONTEXT() REPRESENTATION_CONTEXT('2D SPACE',''
  ) );
#1235 = PCURVE('',#1236,#1241);
#1236 = CYLINDRICAL_SURFACE('',#1237,1.25);
#1237 = AXIS2_PLACEMENT_3D('',#1238,#1239,#1240);
#1238 = CARTESIAN_POINT('',(145.5,145.5,3.));
#1239 = DIRECTION('',(0.,0.,-1.));
#1240 = DIRECTION('',(-1.,0.,0.));
#1241 = DEFINITIONAL_REPRESENTATION('',(#1242),#1246);
#1242 = LINE('',#1243,#1244);
#1243 = CARTESIAN_POINT('',(0.,0.));
#1244 = VECTOR('',#1245,1.);
#1245 = DIRECTION('',(1.,0.));
#1246 = ( GEOMETRIC_REPRESENTATION_CONTEXT(2) 
PARAMETRIC_REPRESENTATION_CONTEXT() REPRESENTATION_CONTEXT('2D SPACE',''
  ) );
#1247 = FACE_BOUND('',#1248,.T.);
#1248 = EDGE_LOOP('',(#1249));
#1249 = ORIENTED_EDGE('',*,*,#1250,.T.);
#1250 = EDGE_CURVE('',#1251,#1251,#1253,.T.);
#1251 = VERTEX_POINT('',#1252);
#1252 = CARTESIAN_POINT('',(153.25,104.5,3.));
#1253 = SURFACE_CURVE('',#1254,(#1259,#1270),.PCURVE_S1.);
#1254 = CIRCLE('',#1255,1.25);
#1255 = AXIS2_PLACEMENT_3D('',#1256,#1257,#1258);
#1256 = CARTESIAN_POINT('',(154.5,104.5,3.));
#1257 = DIRECTION('',(0.,0.,-1.));
#1258 = DIRECTION('',(-1.,0.,0.));
#1259 = PCURVE('',#44,#1260);
#1260 = DEFINITIONAL_REPRESENTATION('',(#1261),#1269);
#1261 = ( BOUNDED_CURVE() B_SPLINE_CURVE(2,(#1262,#1263,#1264,#1265,
#1266,#1267,#1268),.UNSPECIFIED.,.T.,.F.) B_SPLINE_CURVE_WITH_KNOTS((1,2
    ,2,2,2,1),(-2.094395102393,0.,2.094395102393,4.188790204786,
6.28318530718,8.377580409573),.UNSPECIFIED.) CURVE() 
GEOMETRIC_REPRESENTATION_ITEM() RATIONAL_B_SPLINE_CURVE((1.,0.5,1.,0.5,
1.,0.5,1.)) REPRESENTATION_ITEM('') );
#1262 = CARTESIAN_POINT('',(173.25,124.5));
#1263 = CARTESIAN_POINT('',(173.25,126.66506350946));
#1264 = CARTESIAN_POINT('',(175.125,125.58253175473));
#1265 = CARTESIAN_POINT('',(177.,124.5));
#1266 = CARTESIAN_POINT('',(175.125,123.41746824526));
#1267 = CARTESIAN_POINT('',(173.25,122.33493649053));
#1268 = CARTESIAN_POINT('',(173.25,124.5));
#1269 = ( GEOMETRIC_REPRESENTATION_CONTEXT(2) 
PARAMETRIC_REPRESENTATION_CONTEXT() REPRESENTATION_CONTEXT('2D SPACE',''
  ) );
#1270 = PCURVE('',#1271,#1276);
#1271 = CYLINDRICAL_SURFACE('',#1272,1.25);
#1272 = AXIS2_PLACEMENT_3D('',#1273,#1274,#1275);
#1273 = CARTESIAN_POINT('',(154.5,104.5,3.));
#1274 = DIRECTION('',(0.,0.,-1.));
#1275 = DIRECTION('',(-1.,0.,0.));
#1276 = DEFINITIONAL_REPRESENTATION('',(#1277),#1281);
#1277 = LINE('',#1278,#1279);
#1278 = CARTESIAN_POINT('',(0.,0.));
#1279 = VECTOR('',#1280,1.);
#1280 = DIRECTION('',(1.,0.));
#1281 = ( GEOMETRIC_REPRESENTATION_CONTEXT(2) 
PARAMETRIC_REPRESENTATION_CONTEXT() REPRESENTATION_CONTEXT('2D SPACE',''
  ) );
#1282 = FACE_BOUND('',#1283,.T.);
#1283 = EDGE_LOOP('',(#1284));
#1284 = ORIENTED_EDGE('',*,*,#1285,.T.);
#1285 = EDGE_CURVE('',#1286,#1286,#1288,.T.);
#1286 = VERTEX_POINT('',#1287);
#1287 = CARTESIAN_POINT('',(194.25,145.5,3.));
#1288 = SURFACE_CURVE('',#1289,(#1294,#1305),.PCURVE_S1.);
#1289 = CIRCLE('',#1290,1.25);
#1290 = AXIS2_PLACEMENT_3D('',#1291,#1292,#1293);
#1291 = CARTESIAN_POINT('',(195.5,145.5,3.));
#1292 = DIRECTION('',(0.,0.,-1.));
#1293 = DIRECTION('',(-1.,0.,0.));
#1294 = PCURVE('',#44,#1295);
#1295 = DEFINITIONAL_REPRESENTATION('',(#1296),#1304);
#1296 = ( BOUNDED_CURVE() B_SPLINE_CURVE(2,(#1297,#1298,#1299,#1300,
#1301,#1302,#1303),.UNSPECIFIED.,.T.,.F.) B_SPLINE_CURVE_WITH_KNOTS((1,2
    ,2,2,2,1),(-2.094395102393,0.,2.094395102393,4.188790204786,
6.28318530718,8.377580409573),.UNSPECIFIED.) CURVE() 
GEOMETRIC_REPRESENTATION_ITEM() RATIONAL_B_SPLINE_CURVE((1.,0.5,1.,0.5,
1.,0.5,1.)) REPRESENTATION_ITEM('') );
#1297 = CARTESIAN_POINT('',(214.25,165.5));
#1298 = CARTESIAN_POINT('',(214.25,167.66506350946));
#1299 = CARTESIAN_POINT('',(216.125,166.58253175473));
#1300 = CARTESIAN_POINT('',(218.,165.5));
#1301 = CARTESIAN_POINT('',(216.125,164.41746824526));
#1302 = CARTESIAN_POINT('',(214.25,163.33493649053));
#1303 = CARTESIAN_POINT('',(214.25,165.5));
#1304 = ( GEOMETRIC_REPRESENTATION_CONTEXT(2) 
PARAMETRIC_REPRESENTATION_CONTEXT() REPRESENTATION_CONTEXT('2D SPACE',''
  ) );
#1305 = PCURVE('',#1306,#1311);
#1306 = CYLINDRICAL_SURFACE('',#1307,1.25);
#1307 = AXIS2_PLACEMENT_3D('',#1308,#1309,#1310);
#1308 = CARTESIAN_POINT('',(195.5,145.5,3.));
#1309 = DIRECTION('',(0.,0.,-1.));
#1310 = DIRECTION('',(-1.,0.,0.));
#1311 = DEFINITIONAL_REPRESENTATION('',(#1312),#1316);
#1312 = LINE('',#1313,#1314);
#1313 = CARTESIAN_POINT('',(0.,0.));
#1314 = VECTOR('',#1315,1.);
#1315 = DIRECTION('',(1.,0.));
#1316 = ( GEOMETRIC_REPRESENTATION_CONTEXT(2) 
PARAMETRIC_REPRESENTATION_CONTEXT() REPRESENTATION_CONTEXT('2D SPACE',''
  ) );
#1317 = FACE_BOUND('',#1318,.T.);
#1318 = EDGE_LOOP('',(#1319));
#1319 = ORIENTED_EDGE('',*,*,#1320,.T.);
#1320 = EDGE_CURVE('',#1321,#1321,#1323,.T.);
#1321 = VERTEX_POINT('',#1322);
#1322 = CARTESIAN_POINT('',(103.25,154.5,3.));
#1323 = SURFACE_CURVE('',#1324,(#1329,#1340),.PCURVE_S1.);
#1324 = CIRCLE('',#1325,1.25);
#1325 = AXIS2_PLACEMENT_3D('',#1326,#1327,#1328);
#1326 = CARTESIAN_POINT('',(104.5,154.5,3.));
#1327 = DIRECTION('',(0.,0.,-1.));
#1328 = DIRECTION('',(-1.,0.,0.));
#1329 = PCURVE('',#44,#1330);
#1330 = DEFINITIONAL_REPRESENTATION('',(#1331),#1339);
#1331 = ( BOUNDED_CURVE() B_SPLINE_CURVE(2,(#1332,#1333,#1334,#1335,
#1336,#1337,#1338),.UNSPECIFIED.,.T.,.F.) B_SPLINE_CURVE_WITH_KNOTS((1,2
    ,2,2,2,1),(-2.094395102393,0.,2.094395102393,4.188790204786,
6.28318530718,8.377580409573),.UNSPECIFIED.) CURVE() 
GEOMETRIC_REPRESENTATION_ITEM() RATIONAL_B_SPLINE_CURVE((1.,0.5,1.,0.5,
1.,0.5,1.)) REPRESENTATION_ITEM('') );
#1332 = CARTESIAN_POINT('',(123.25,174.5));
#1333 = CARTESIAN_POINT('',(123.25,176.66506350946));
#1334 = CARTESIAN_POINT('',(125.125,175.58253175473));
#1335 = CARTESIAN_POINT('',(127.,174.5));
#1336 = CARTESIAN_POINT('',(125.125,173.41746824526));
#1337 = CARTESIAN_POINT('',(123.25,172.33493649053));
#1338 = CARTESIAN_POINT('',(123.25,174.5));
#1339 = ( GEOMETRIC_REPRESENTATION_CONTEXT(2) 
PARAMETRIC_REPRESENTATION_CONTEXT() REPRESENTATION_CONTEXT('2D SPACE',''
  ) );
#1340 = PCURVE('',#1341,#1346);
#1341 = CYLINDRICAL_SURFACE('',#1342,1.25);
#1342 = AXIS2_PLACEMENT_3D('',#1343,#1344,#1345);
#1343 = CARTESIAN_POINT('',(104.5,154.5,3.));
#1344 = DIRECTION('',(0.,0.,-1.));
#1345 = DIRECTION('',(-1.,0.,0.));
#1346 = DEFINITIONAL_REPRESENTATION('',(#1347),#1351);
#1347 = LINE('',#1348,#1349);
#1348 = CARTESIAN_POINT('',(0.,0.));
#1349 = VECTOR('',#1350,1.);
#1350 = DIRECTION('',(1.,0.));
#1351 = ( GEOMETRIC_REPRESENTATION_CONTEXT(2) 
PARAMETRIC_REPRESENTATION_CONTEXT() REPRESENTATION_CONTEXT('2D SPACE',''
  ) );
#1352 = FACE_BOUND('',#1353,.T.);
#1353 = EDGE_LOOP('',(#1354));
#1354 = ORIENTED_EDGE('',*,*,#1355,.T.);
#1355 = EDGE_CURVE('',#1356,#1356,#1358,.T.);
#1356 = VERTEX_POINT('',#1357);
#1357 = CARTESIAN_POINT('',(144.25,195.5,3.));
#1358 = SURFACE_CURVE('',#1359,(#1364,#1375),.PCURVE_S1.);
#1359 = CIRCLE('',#1360,1.25);
#1360 = AXIS2_PLACEMENT_3D('',#1361,#1362,#1363);
#1361 = CARTESIAN_POINT('',(145.5,195.5,3.));
#1362 = DIRECTION('',(0.,0.,-1.));
#1363 = DIRECTION('',(-1.,0.,0.));
#1364 = PCURVE('',#44,#1365);
#1365 = DEFINITIONAL_REPRESENTATION('',(#1366),#1374);
#1366 = ( BOUNDED_CURVE() B_SPLINE_CURVE(2,(#1367,#1368,#1369,#1370,
#1371,#1372,#1373),.UNSPECIFIED.,.T.,.F.) B_SPLINE_CURVE_WITH_KNOTS((1,2
    ,2,2,2,1),(-2.094395102393,0.,2.094395102393,4.188790204786,
6.28318530718,8.377580409573),.UNSPECIFIED.) CURVE() 
GEOMETRIC_REPRESENTATION_ITEM() RATIONAL_B_SPLINE_CURVE((1.,0.5,1.,0.5,
1.,0.5,1.)) REPRESENTATION_ITEM('') );
#1367 = CARTESIAN_POINT('',(164.25,215.5));
#1368 = CARTESIAN_POINT('',(164.25,217.66506350946));
#1369 = CARTESIAN_POINT('',(166.125,216.58253175473));
#1370 = CARTESIAN_POINT('',(168.,215.5));
#1371 = CARTESIAN_POINT('',(166.125,214.41746824526));
#1372 = CARTESIAN_POINT('',(164.25,213.33493649053));
#1373 = CARTESIAN_POINT('',(164.25,215.5));
#1374 = ( GEOMETRIC_REPRESENTATION_CONTEXT(2) 
PARAMETRIC_REPRESENTATION_CONTEXT() REPRESENTATION_CONTEXT('2D SPACE',''
  ) );
#1375 = PCURVE('',#1376,#1381);
#1376 = CYLINDRICAL_SURFACE('',#1377,1.25);
#1377 = AXIS2_PLACEMENT_3D('',#1378,#1379,#1380);
#1378 = CARTESIAN_POINT('',(145.5,195.5,3.));
#1379 = DIRECTION('',(0.,0.,-1.));
#1380 = DIRECTION('',(-1.,0.,0.));
#1381 = DEFINITIONAL_REPRESENTATION('',(#1382),#1386);
#1382 = LINE('',#1383,#1384);
#1383 = CARTESIAN_POINT('',(0.,0.));
#1384 = VECTOR('',#1385,1.);
#1385 = DIRECTION('',(1.,0.));
#1386 = ( GEOMETRIC_REPRESENTATION_CONTEXT(2) 
PARAMETRIC_REPRESENTATION_CONTEXT() REPRESENTATION_CONTEXT('2D SPACE',''
  ) );
#1387 = FACE_BOUND('',#1388,.T.);
#1388 = EDGE_LOOP('',(#1389));
#1389 = ORIENTED_EDGE('',*,*,#1390,.T.);
#1390 = EDGE_CURVE('',#1391,#1391,#1393,.T.);
#1391 = VERTEX_POINT('',#1392);
#1392 = CARTESIAN_POINT('',(153.25,154.5,3.));
#1393 = SURFACE_CURVE('',#1394,(#1399,#1410),.PCURVE_S1.);
#1394 = CIRCLE('',#1395,1.25);
#1395 = AXIS2_PLACEMENT_3D('',#1396,#1397,#1398);
#1396 = CARTESIAN_POINT('',(154.5,154.5,3.));
#1397 = DIRECTION('',(0.,0.,-1.));
#1398 = DIRECTION('',(-1.,0.,0.));
#1399 = PCURVE('',#44,#1400);
#1400 = DEFINITIONAL_REPRESENTATION('',(#1401),#1409);
#1401 = ( BOUNDED_CURVE() B_SPLINE_CURVE(2,(#1402,#1403,#1404,#1405,
#1406,#1407,#1408),.UNSPECIFIED.,.T.,.F.) B_SPLINE_CURVE_WITH_KNOTS((1,2
    ,2,2,2,1),(-2.094395102393,0.,2.094395102393,4.188790204786,
6.28318530718,8.377580409573),.UNSPECIFIED.) CURVE() 
GEOMETRIC_REPRESENTATION_ITEM() RATIONAL_B_SPLINE_CURVE((1.,0.5,1.,0.5,
1.,0.5,1.)) REPRESENTATION_ITEM('') );
#1402 = CARTESIAN_POINT('',(173.25,174.5));
#1403 = CARTESIAN_POINT('',(173.25,176.66506350946));
#1404 = CARTESIAN_POINT('',(175.125,175.58253175473));
#1405 = CARTESIAN_POINT('',(177.,174.5));
#1406 = CARTESIAN_POINT('',(175.125,173.41746824526));
#1407 = CARTESIAN_POINT('',(173.25,172.33493649053));
#1408 = CARTESIAN_POINT('',(173.25,174.5));
#1409 = ( GEOMETRIC_REPRESENTATION_CONTEXT(2) 
PARAMETRIC_REPRESENTATION_CONTEXT() REPRESENTATION_CONTEXT('2D SPACE',''
  ) );
#1410 = PCURVE('',#1411,#1416);
#1411 = CYLINDRICAL_SURFACE('',#1412,1.25);
#1412 = AXIS2_PLACEMENT_3D('',#1413,#1414,#1415);
#1413 = CARTESIAN_POINT('',(154.5,154.5,3.));
#1414 = DIRECTION('',(0.,0.,-1.));
#1415 = DIRECTION('',(-1.,0.,0.));
#1416 = DEFINITIONAL_REPRESENTATION('',(#1417),#1421);
#1417 = LINE('',#1418,#1419);
#1418 = CARTESIAN_POINT('',(0.,0.));
#1419 = VECTOR('',#1420,1.);
#1420 = DIRECTION('',(1.,0.));
#1421 = ( GEOMETRIC_REPRESENTATION_CONTEXT(2) 
PARAMETRIC_REPRESENTATION_CONTEXT() REPRESENTATION_CONTEXT('2D SPACE',''
  ) );
#1422 = FACE_BOUND('',#1423,.T.);
#1423 = EDGE_LOOP('',(#1424));
#1424 = ORIENTED_EDGE('',*,*,#1425,.T.);
#1425 = EDGE_CURVE('',#1426,#1426,#1428,.T.);
#1426 = VERTEX_POINT('',#1427);
#1427 = CARTESIAN_POINT('',(194.25,195.5,3.));
#1428 = SURFACE_CURVE('',#1429,(#1434,#1445),.PCURVE_S1.);
#1429 = CIRCLE('',#1430,1.25);
#1430 = AXIS2_PLACEMENT_3D('',#1431,#1432,#1433);
#1431 = CARTESIAN_POINT('',(195.5,195.5,3.));
#1432 = DIRECTION('',(0.,0.,-1.));
#1433 = DIRECTION('',(-1.,0.,0.));
#1434 = PCURVE('',#44,#1435);
#1435 = DEFINITIONAL_REPRESENTATION('',(#1436),#1444);
#1436 = ( BOUNDED_CURVE() B_SPLINE_CURVE(2,(#1437,#1438,#1439,#1440,
#1441,#1442,#1443),.UNSPECIFIED.,.T.,.F.) B_SPLINE_CURVE_WITH_KNOTS((1,2
    ,2,2,2,1),(-2.094395102393,0.,2.094395102393,4.188790204786,
6.28318530718,8.377580409573),.UNSPECIFIED.) CURVE() 
GEOMETRIC_REPRESENTATION_ITEM() RATIONAL_B_SPLINE_CURVE((1.,0.5,1.,0.5,
1.,0.5,1.)) REPRESENTATION_ITEM('') );
#1437 = CARTESIAN_POINT('',(214.25,215.5));
#1438 = CARTESIAN_POINT('',(214.25,217.66506350946));
#1439 = CARTESIAN_POINT('',(216.125,216.58253175473));
#1440 = CARTESIAN_POINT('',(218.,215.5));
#1441 = CARTESIAN_POINT('',(216.125,214.41746824526));
#1442 = CARTESIAN_POINT('',(214.25,213.33493649053));
#1443 = CARTESIAN_POINT('',(214.25,215.5));
#1444 = ( GEOMETRIC_REPRESENTATION_CONTEXT(2) 
PARAMETRIC_REPRESENTATION_CONTEXT() REPRESENTATION_CONTEXT('2D SPACE',''
  ) );
#1445 = PCURVE('',#1446,#1451);
#1446 = CYLINDRICAL_SURFACE('',#1447,1.25);
#1447 = AXIS2_PLACEMENT_3D('',#1448,#1449,#1450);
#1448 = CARTESIAN_POINT('',(195.5,195.5,3.));
#1449 = DIRECTION('',(0.,0.,-1.));
#1450 = DIRECTION('',(-1.,0.,0.));
#1451 = DEFINITIONAL_REPRESENTATION('',(#1452),#1456);
#1452 = LINE('',#1453,#1454);
#1453 = CARTESIAN_POINT('',(0.,0.));
#1454 = VECTOR('',#1455,1.);
#1455 = DIRECTION('',(1.,0.));
#1456 = ( GEOMETRIC_REPRESENTATION_CONTEXT(2) 
PARAMETRIC_REPRESENTATION_CONTEXT() REPRESENTATION_CONTEXT('2D SPACE',''
  ) );
#1457 = FACE_BOUND('',#1458,.T.);
#1458 = EDGE_LOOP('',(#1459));
#1459 = ORIENTED_EDGE('',*,*,#1460,.T.);
#1460 = EDGE_CURVE('',#1461,#1461,#1463,.T.);
#1461 = VERTEX_POINT('',#1462);
#1462 = CARTESIAN_POINT('',(203.25,4.5,3.));
#1463 = SURFACE_CURVE('',#1464,(#1469,#1480),.PCURVE_S1.);
#1464 = CIRCLE('',#1465,1.25);
#1465 = AXIS2_PLACEMENT_3D('',#1466,#1467,#1468);
#1466 = CARTESIAN_POINT('',(204.5,4.5,3.));
#1467 = DIRECTION('',(0.,0.,-1.));
#1468 = DIRECTION('',(-1.,0.,0.));
#1469 = PCURVE('',#44,#1470);
#1470 = DEFINITIONAL_REPRESENTATION('',(#1471),#1479);
#1471 = ( BOUNDED_CURVE() B_SPLINE_CURVE(2,(#1472,#1473,#1474,#1475,
#1476,#1477,#1478),.UNSPECIFIED.,.T.,.F.) B_SPLINE_CURVE_WITH_KNOTS((1,2
    ,2,2,2,1),(-2.094395102393,0.,2.094395102393,4.188790204786,
6.28318530718,8.377580409573),.UNSPECIFIED.) CURVE() 
GEOMETRIC_REPRESENTATION_ITEM() RATIONAL_B_SPLINE_CURVE((1.,0.5,1.,0.5,
1.,0.5,1.)) REPRESENTATION_ITEM('') );
#1472 = CARTESIAN_POINT('',(223.25,24.5));
#1473 = CARTESIAN_POINT('',(223.25,26.665063509461));
#1474 = CARTESIAN_POINT('',(225.125,25.582531754731));
#1475 = CARTESIAN_POINT('',(227.,24.5));
#1476 = CARTESIAN_POINT('',(225.125,23.417468245269));
#1477 = CARTESIAN_POINT('',(223.25,22.334936490539));
#1478 = CARTESIAN_POINT('',(223.25,24.5));
#1479 = ( GEOMETRIC_REPRESENTATION_CONTEXT(2) 
PARAMETRIC_REPRESENTATION_CONTEXT() REPRESENTATION_CONTEXT('2D SPACE',''
  ) );
#1480 = PCURVE('',#1481,#1486);
#1481 = CYLINDRICAL_SURFACE('',#1482,1.25);
#1482 = AXIS2_PLACEMENT_3D('',#1483,#1484,#1485);
#1483 = CARTESIAN_POINT('',(204.5,4.5,3.));
#1484 = DIRECTION('',(0.,0.,-1.));
#1485 = DIRECTION('',(-1.,0.,0.));
#1486 = DEFINITIONAL_REPRESENTATION('',(#1487),#1491);
#1487 = LINE('',#1488,#1489);
#1488 = CARTESIAN_POINT('',(0.,0.));
#1489 = VECTOR('',#1490,1.);
#1490 = DIRECTION('',(1.,0.));
#1491 = ( GEOMETRIC_REPRESENTATION_CONTEXT(2) 
PARAMETRIC_REPRESENTATION_CONTEXT() REPRESENTATION_CONTEXT('2D SPACE',''
  ) );
#1492 = FACE_BOUND('',#1493,.T.);
#1493 = EDGE_LOOP('',(#1494));
#1494 = ORIENTED_EDGE('',*,*,#1495,.T.);
#1495 = EDGE_CURVE('',#1496,#1496,#1498,.T.);
#1496 = VERTEX_POINT('',#1497);
#1497 = CARTESIAN_POINT('',(244.25,45.5,3.));
#1498 = SURFACE_CURVE('',#1499,(#1504,#1515),.PCURVE_S1.);
#1499 = CIRCLE('',#1500,1.25);
#1500 = AXIS2_PLACEMENT_3D('',#1501,#1502,#1503);
#1501 = CARTESIAN_POINT('',(245.5,45.5,3.));
#1502 = DIRECTION('',(0.,0.,-1.));
#1503 = DIRECTION('',(-1.,0.,0.));
#1504 = PCURVE('',#44,#1505);
#1505 = DEFINITIONAL_REPRESENTATION('',(#1506),#1514);
#1506 = ( BOUNDED_CURVE() B_SPLINE_CURVE(2,(#1507,#1508,#1509,#1510,
#1511,#1512,#1513),.UNSPECIFIED.,.T.,.F.) B_SPLINE_CURVE_WITH_KNOTS((1,2
    ,2,2,2,1),(-2.094395102393,0.,2.094395102393,4.188790204786,
6.28318530718,8.377580409573),.UNSPECIFIED.) CURVE() 
GEOMETRIC_REPRESENTATION_ITEM() RATIONAL_B_SPLINE_CURVE((1.,0.5,1.,0.5,
1.,0.5,1.)) REPRESENTATION_ITEM('') );
#1507 = CARTESIAN_POINT('',(264.25,65.5));
#1508 = CARTESIAN_POINT('',(264.25,67.665063509461));
#1509 = CARTESIAN_POINT('',(266.125,66.582531754731));
#1510 = CARTESIAN_POINT('',(268.,65.5));
#1511 = CARTESIAN_POINT('',(266.125,64.417468245269));
#1512 = CARTESIAN_POINT('',(264.25,63.334936490539));
#1513 = CARTESIAN_POINT('',(264.25,65.5));
#1514 = ( GEOMETRIC_REPRESENTATION_CONTEXT(2) 
PARAMETRIC_REPRESENTATION_CONTEXT() REPRESENTATION_CONTEXT('2D SPACE',''
  ) );
#1515 = PCURVE('',#1516,#1521);
#1516 = CYLINDRICAL_SURFACE('',#1517,1.25);
#1517 = AXIS2_PLACEMENT_3D('',#1518,#1519,#1520);
#1518 = CARTESIAN_POINT('',(245.5,45.5,3.));
#1519 = DIRECTION('',(0.,0.,-1.));
#1520 = DIRECTION('',(-1.,0.,0.));
#1521 = DEFINITIONAL_REPRESENTATION('',(#1522),#1526);
#1522 = LINE('',#1523,#1524);
#1523 = CARTESIAN_POINT('',(0.,0.));
#1524 = VECTOR('',#1525,1.);
#1525 = DIRECTION('',(1.,0.));
#1526 = ( GEOMETRIC_REPRESENTATION_CONTEXT(2) 
PARAMETRIC_REPRESENTATION_CONTEXT() REPRESENTATION_CONTEXT('2D SPACE',''
  ) );
#1527 = FACE_BOUND('',#1528,.T.);
#1528 = EDGE_LOOP('',(#1529));
#1529 = ORIENTED_EDGE('',*,*,#1530,.T.);
#1530 = EDGE_CURVE('',#1531,#1531,#1533,.T.);
#1531 = VERTEX_POINT('',#1532);
#1532 = CARTESIAN_POINT('',(253.25,4.5,3.));
#1533 = SURFACE_CURVE('',#1534,(#1539,#1550),.PCURVE_S1.);
#1534 = CIRCLE('',#1535,1.25);
#1535 = AXIS2_PLACEMENT_3D('',#1536,#1537,#1538);
#1536 = CARTESIAN_POINT('',(254.5,4.5,3.));
#1537 = DIRECTION('',(0.,0.,-1.));
#1538 = DIRECTION('',(-1.,0.,0.));
#1539 = PCURVE('',#44,#1540);
#1540 = DEFINITIONAL_REPRESENTATION('',(#1541),#1549);
#1541 = ( BOUNDED_CURVE() B_SPLINE_CURVE(2,(#1542,#1543,#1544,#1545,
#1546,#1547,#1548),.UNSPECIFIED.,.T.,.F.) B_SPLINE_CURVE_WITH_KNOTS((1,2
    ,2,2,2,1),(-2.094395102393,0.,2.094395102393,4.188790204786,
6.28318530718,8.377580409573),.UNSPECIFIED.) CURVE() 
GEOMETRIC_REPRESENTATION_ITEM() RATIONAL_B_SPLINE_CURVE((1.,0.5,1.,0.5,
1.,0.5,1.)) REPRESENTATION_ITEM('') );
#1542 = CARTESIAN_POINT('',(273.25,24.5));
#1543 = CARTESIAN_POINT('',(273.25,26.665063509461));
#1544 = CARTESIAN_POINT('',(275.125,25.582531754731));
#1545 = CARTESIAN_POINT('',(277.,24.5));
#1546 = CARTESIAN_POINT('',(275.125,23.417468245269));
#1547 = CARTESIAN_POINT('',(273.25,22.334936490539));
#1548 = CARTESIAN_POINT('',(273.25,24.5));
#1549 = ( GEOMETRIC_REPRESENTATION_CONTEXT(2) 
PARAMETRIC_REPRESENTATION_CONTEXT() REPRESENTATION_CONTEXT('2D SPACE',''
  ) );
#1550 = PCURVE('',#1551,#1556);
#1551 = CYLINDRICAL_SURFACE('',#1552,1.25);
#1552 = AXIS2_PLACEMENT_3D('',#1553,#1554,#1555);
#1553 = CARTESIAN_POINT('',(254.5,4.5,3.));
#1554 = DIRECTION('',(0.,0.,-1.));
#1555 = DIRECTION('',(-1.,0.,0.));
#1556 = DEFINITIONAL_REPRESENTATION('',(#1557),#1561);
#1557 = LINE('',#1558,#1559);
#1558 = CARTESIAN_POINT('',(0.,0.));
#1559 = VECTOR('',#1560,1.);
#1560 = DIRECTION('',(1.,0.));
#1561 = ( GEOMETRIC_REPRESENTATION_CONTEXT(2) 
PARAMETRIC_REPRESENTATION_CONTEXT() REPRESENTATION_CONTEXT('2D SPACE',''
  ) );
#1562 = FACE_BOUND('',#1563,.T.);
#1563 = EDGE_LOOP('',(#1564));
#1564 = ORIENTED_EDGE('',*,*,#1565,.T.);
#1565 = EDGE_CURVE('',#1566,#1566,#1568,.T.);
#1566 = VERTEX_POINT('',#1567);
#1567 = CARTESIAN_POINT('',(294.25,45.5,3.));
#1568 = SURFACE_CURVE('',#1569,(#1574,#1585),.PCURVE_S1.);
#1569 = CIRCLE('',#1570,1.25);
#1570 = AXIS2_PLACEMENT_3D('',#1571,#1572,#1573);
#1571 = CARTESIAN_POINT('',(295.5,45.5,3.));
#1572 = DIRECTION('',(0.,0.,-1.));
#1573 = DIRECTION('',(-1.,0.,0.));
#1574 = PCURVE('',#44,#1575);
#1575 = DEFINITIONAL_REPRESENTATION('',(#1576),#1584);
#1576 = ( BOUNDED_CURVE() B_SPLINE_CURVE(2,(#1577,#1578,#1579,#1580,
#1581,#1582,#1583),.UNSPECIFIED.,.T.,.F.) B_SPLINE_CURVE_WITH_KNOTS((1,2
    ,2,2,2,1),(-2.094395102393,0.,2.094395102393,4.188790204786,
6.28318530718,8.377580409573),.UNSPECIFIED.) CURVE() 
GEOMETRIC_REPRESENTATION_ITEM() RATIONAL_B_SPLINE_CURVE((1.,0.5,1.,0.5,
1.,0.5,1.)) REPRESENTATION_ITEM('') );
#1577 = CARTESIAN_POINT('',(314.25,65.5));
#1578 = CARTESIAN_POINT('',(314.25,67.665063509461));
#1579 = CARTESIAN_POINT('',(316.125,66.582531754731));
#1580 = CARTESIAN_POINT('',(318.,65.5));
#1581 = CARTESIAN_POINT('',(316.125,64.417468245269));
#1582 = CARTESIAN_POINT('',(314.25,63.334936490539));
#1583 = CARTESIAN_POINT('',(314.25,65.5));
#1584 = ( GEOMETRIC_REPRESENTATION_CONTEXT(2) 
PARAMETRIC_REPRESENTATION_CONTEXT() REPRESENTATION_CONTEXT('2D SPACE',''
  ) );
#1585 = PCURVE('',#1586,#1591);
#1586 = CYLINDRICAL_SURFACE('',#1587,1.25);
#1587 = AXIS2_PLACEMENT_3D('',#1588,#1589,#1590);
#1588 = CARTESIAN_POINT('',(295.5,45.5,3.));
#1589 = DIRECTION('',(0.,0.,-1.));
#1590 = DIRECTION('',(-1.,0.,0.));
#1591 = DEFINITIONAL_REPRESENTATION('',(#1592),#1596);
#1592 = LINE('',#1593,#1594);
#1593 = CARTESIAN_POINT('',(0.,0.));
#1594 = VECTOR('',#1595,1.);
#1595 = DIRECTION('',(1.,0.));
#1596 = ( GEOMETRIC_REPRESENTATION_CONTEXT(2) 
PARAMETRIC_REPRESENTATION_CONTEXT() REPRESENTATION_CONTEXT('2D SPACE',''
  ) );
#1597 = FACE_BOUND('',#1598,.T.);
#1598 = EDGE_LOOP('',(#1599));
#1599 = ORIENTED_EDGE('',*,*,#1600,.T.);
#1600 = EDGE_CURVE('',#1601,#1601,#1603,.T.);
#1601 = VERTEX_POINT('',#1602);
#1602 = CARTESIAN_POINT('',(203.25,54.5,3.));
#1603 = SURFACE_CURVE('',#1604,(#1609,#1620),.PCURVE_S1.);
#1604 = CIRCLE('',#1605,1.25);
#1605 = AXIS2_PLACEMENT_3D('',#1606,#1607,#1608);
#1606 = CARTESIAN_POINT('',(204.5,54.5,3.));
#1607 = DIRECTION('',(0.,0.,-1.));
#1608 = DIRECTION('',(-1.,0.,0.));
#1609 = PCURVE('',#44,#1610);
#1610 = DEFINITIONAL_REPRESENTATION('',(#1611),#1619);
#1611 = ( BOUNDED_CURVE() B_SPLINE_CURVE(2,(#1612,#1613,#1614,#1615,
#1616,#1617,#1618),.UNSPECIFIED.,.T.,.F.) B_SPLINE_CURVE_WITH_KNOTS((1,2
    ,2,2,2,1),(-2.094395102393,0.,2.094395102393,4.188790204786,
6.28318530718,8.377580409573),.UNSPECIFIED.) CURVE() 
GEOMETRIC_REPRESENTATION_ITEM() RATIONAL_B_SPLINE_CURVE((1.,0.5,1.,0.5,
1.,0.5,1.)) REPRESENTATION_ITEM('') );
#1612 = CARTESIAN_POINT('',(223.25,74.5));
#1613 = CARTESIAN_POINT('',(223.25,76.665063509461));
#1614 = CARTESIAN_POINT('',(225.125,75.582531754731));
#1615 = CARTESIAN_POINT('',(227.,74.5));
#1616 = CARTESIAN_POINT('',(225.125,73.417468245269));
#1617 = CARTESIAN_POINT('',(223.25,72.334936490539));
#1618 = CARTESIAN_POINT('',(223.25,74.5));
#1619 = ( GEOMETRIC_REPRESENTATION_CONTEXT(2) 
PARAMETRIC_REPRESENTATION_CONTEXT() REPRESENTATION_CONTEXT('2D SPACE',''
  ) );
#1620 = PCURVE('',#1621,#1626);
#1621 = CYLINDRICAL_SURFACE('',#1622,1.25);
#1622 = AXIS2_PLACEMENT_3D('',#1623,#1624,#1625);
#1623 = CARTESIAN_POINT('',(204.5,54.5,3.));
#1624 = DIRECTION('',(0.,0.,-1.));
#1625 = DIRECTION('',(-1.,0.,0.));
#1626 = DEFINITIONAL_REPRESENTATION('',(#1627),#1631);
#1627 = LINE('',#1628,#1629);
#1628 = CARTESIAN_POINT('',(0.,0.));
#1629 = VECTOR('',#1630,1.);
#1630 = DIRECTION('',(1.,0.));
#1631 = ( GEOMETRIC_REPRESENTATION_CONTEXT(2) 
PARAMETRIC_REPRESENTATION_CONTEXT() REPRESENTATION_CONTEXT('2D SPACE',''
  ) );
#1632 = FACE_BOUND('',#1633,.T.);
#1633 = EDGE_LOOP('',(#1634));
#1634 = ORIENTED_EDGE('',*,*,#1635,.T.);
#1635 = EDGE_CURVE('',#1636,#1636,#1638,.T.);
#1636 = VERTEX_POINT('',#1637);
#1637 = CARTESIAN_POINT('',(244.25,95.5,3.));
#1638 = SURFACE_CURVE('',#1639,(#1644,#1655),.PCURVE_S1.);
#1639 = CIRCLE('',#1640,1.25);
#1640 = AXIS2_PLACEMENT_3D('',#1641,#1642,#1643);
#1641 = CARTESIAN_POINT('',(245.5,95.5,3.));
#1642 = DIRECTION('',(0.,0.,-1.));
#1643 = DIRECTION('',(-1.,0.,0.));
#1644 = PCURVE('',#44,#1645);
#1645 = DEFINITIONAL_REPRESENTATION('',(#1646),#1654);
#1646 = ( BOUNDED_CURVE() B_SPLINE_CURVE(2,(#1647,#1648,#1649,#1650,
#1651,#1652,#1653),.UNSPECIFIED.,.T.,.F.) B_SPLINE_CURVE_WITH_KNOTS((1,2
    ,2,2,2,1),(-2.094395102393,0.,2.094395102393,4.188790204786,
6.28318530718,8.377580409573),.UNSPECIFIED.) CURVE() 
GEOMETRIC_REPRESENTATION_ITEM() RATIONAL_B_SPLINE_CURVE((1.,0.5,1.,0.5,
1.,0.5,1.)) REPRESENTATION_ITEM('') );
#1647 = CARTESIAN_POINT('',(264.25,115.5));
#1648 = CARTESIAN_POINT('',(264.25,117.66506350946));
#1649 = CARTESIAN_POINT('',(266.125,116.58253175473));
#1650 = CARTESIAN_POINT('',(268.,115.5));
#1651 = CARTESIAN_POINT('',(266.125,114.41746824526));
#1652 = CARTESIAN_POINT('',(264.25,113.33493649053));
#1653 = CARTESIAN_POINT('',(264.25,115.5));
#1654 = ( GEOMETRIC_REPRESENTATION_CONTEXT(2) 
PARAMETRIC_REPRESENTATION_CONTEXT() REPRESENTATION_CONTEXT('2D SPACE',''
  ) );
#1655 = PCURVE('',#1656,#1661);
#1656 = CYLINDRICAL_SURFACE('',#1657,1.25);
#1657 = AXIS2_PLACEMENT_3D('',#1658,#1659,#1660);
#1658 = CARTESIAN_POINT('',(245.5,95.5,3.));
#1659 = DIRECTION('',(0.,0.,-1.));
#1660 = DIRECTION('',(-1.,0.,0.));
#1661 = DEFINITIONAL_REPRESENTATION('',(#1662),#1666);
#1662 = LINE('',#1663,#1664);
#1663 = CARTESIAN_POINT('',(0.,0.));
#1664 = VECTOR('',#1665,1.);
#1665 = DIRECTION('',(1.,0.));
#1666 = ( GEOMETRIC_REPRESENTATION_CONTEXT(2) 
PARAMETRIC_REPRESENTATION_CONTEXT() REPRESENTATION_CONTEXT('2D SPACE',''
  ) );
#1667 = FACE_BOUND('',#1668,.T.);
#1668 = EDGE_LOOP('',(#1669));
#1669 = ORIENTED_EDGE('',*,*,#1670,.T.);
#1670 = EDGE_CURVE('',#1671,#1671,#1673,.T.);
#1671 = VERTEX_POINT('',#1672);
#1672 = CARTESIAN_POINT('',(253.25,54.5,3.));
#1673 = SURFACE_CURVE('',#1674,(#1679,#1690),.PCURVE_S1.);
#1674 = CIRCLE('',#1675,1.25);
#1675 = AXIS2_PLACEMENT_3D('',#1676,#1677,#1678);
#1676 = CARTESIAN_POINT('',(254.5,54.5,3.));
#1677 = DIRECTION('',(0.,0.,-1.));
#1678 = DIRECTION('',(-1.,0.,0.));
#1679 = PCURVE('',#44,#1680);
#1680 = DEFINITIONAL_REPRESENTATION('',(#1681),#1689);
#1681 = ( BOUNDED_CURVE() B_SPLINE_CURVE(2,(#1682,#1683,#1684,#1685,
#1686,#1687,#1688),.UNSPECIFIED.,.T.,.F.) B_SPLINE_CURVE_WITH_KNOTS((1,2
    ,2,2,2,1),(-2.094395102393,0.,2.094395102393,4.188790204786,
6.28318530718,8.377580409573),.UNSPECIFIED.) CURVE() 
GEOMETRIC_REPRESENTATION_ITEM() RATIONAL_B_SPLINE_CURVE((1.,0.5,1.,0.5,
1.,0.5,1.)) REPRESENTATION_ITEM('') );
#1682 = CARTESIAN_POINT('',(273.25,74.5));
#1683 = CARTESIAN_POINT('',(273.25,76.665063509461));
#1684 = CARTESIAN_POINT('',(275.125,75.582531754731));
#1685 = CARTESIAN_POINT('',(277.,74.5));
#1686 = CARTESIAN_POINT('',(275.125,73.417468245269));
#1687 = CARTESIAN_POINT('',(273.25,72.334936490539));
#1688 = CARTESIAN_POINT('',(273.25,74.5));
#1689 = ( GEOMETRIC_REPRESENTATION_CONTEXT(2) 
PARAMETRIC_REPRESENTATION_CONTEXT() REPRESENTATION_CONTEXT('2D SPACE',''
  ) );
#1690 = PCURVE('',#1691,#1696);
#1691 = CYLINDRICAL_SURFACE('',#1692,1.25);
#1692 = AXIS2_PLACEMENT_3D('',#1693,#1694,#1695);
#1693 = CARTESIAN_POINT('',(254.5,54.5,3.));
#1694 = DIRECTION('',(0.,0.,-1.));
#1695 = DIRECTION('',(-1.,0.,0.));
#1696 = DEFINITIONAL_REPRESENTATION('',(#1697),#1701);
#1697 = LINE('',#1698,#1699);
#1698 = CARTESIAN_POINT('',(0.,0.));
#1699 = VECTOR('',#1700,1.);
#1700 = DIRECTION('',(1.,0.));
#1701 = ( GEOMETRIC_REPRESENTATION_CONTEXT(2) 
PARAMETRIC_REPRESENTATION_CONTEXT() REPRESENTATION_CONTEXT('2D SPACE',''
  ) );
#1702 = FACE_BOUND('',#1703,.T.);
#1703 = EDGE_LOOP('',(#1704));
#1704 = ORIENTED_EDGE('',*,*,#1705,.T.);
#1705 = EDGE_CURVE('',#1706,#1706,#1708,.T.);
#1706 = VERTEX_POINT('',#1707);
#1707 = CARTESIAN_POINT('',(294.25,95.5,3.));
#1708 = SURFACE_CURVE('',#1709,(#1714,#1725),.PCURVE_S1.);
#1709 = CIRCLE('',#1710,1.25);
#1710 = AXIS2_PLACEMENT_3D('',#1711,#1712,#1713);
#1711 = CARTESIAN_POINT('',(295.5,95.5,3.));
#1712 = DIRECTION('',(0.,0.,-1.));
#1713 = DIRECTION('',(-1.,0.,0.));
#1714 = PCURVE('',#44,#1715);
#1715 = DEFINITIONAL_REPRESENTATION('',(#1716),#1724);
#1716 = ( BOUNDED_CURVE() B_SPLINE_CURVE(2,(#1717,#1718,#1719,#1720,
#1721,#1722,#1723),.UNSPECIFIED.,.T.,.F.) B_SPLINE_CURVE_WITH_KNOTS((1,2
    ,2,2,2,1),(-2.094395102393,0.,2.094395102393,4.188790204786,
6.28318530718,8.377580409573),.UNSPECIFIED.) CURVE() 
GEOMETRIC_REPRESENTATION_ITEM() RATIONAL_B_SPLINE_CURVE((1.,0.5,1.,0.5,
1.,0.5,1.)) REPRESENTATION_ITEM('') );
#1717 = CARTESIAN_POINT('',(314.25,115.5));
#1718 = CARTESIAN_POINT('',(314.25,117.66506350946));
#1719 = CARTESIAN_POINT('',(316.125,116.58253175473));
#1720 = CARTESIAN_POINT('',(318.,115.5));
#1721 = CARTESIAN_POINT('',(316.125,114.41746824526));
#1722 = CARTESIAN_POINT('',(314.25,113.33493649053));
#1723 = CARTESIAN_POINT('',(314.25,115.5));
#1724 = ( GEOMETRIC_REPRESENTATION_CONTEXT(2) 
PARAMETRIC_REPRESENTATION_CONTEXT() REPRESENTATION_CONTEXT('2D SPACE',''
  ) );
#1725 = PCURVE('',#1726,#1731);
#1726 = CYLINDRICAL_SURFACE('',#1727,1.25);
#1727 = AXIS2_PLACEMENT_3D('',#1728,#1729,#1730);
#1728 = CARTESIAN_POINT('',(295.5,95.5,3.));
#1729 = DIRECTION('',(0.,0.,-1.));
#1730 = DIRECTION('',(-1.,0.,0.));
#1731 = DEFINITIONAL_REPRESENTATION('',(#1732),#1736);
#1732 = LINE('',#1733,#1734);
#1733 = CARTESIAN_POINT('',(0.,0.));
#1734 = VECTOR('',#1735,1.);
#1735 = DIRECTION('',(1.,0.));
#1736 = ( GEOMETRIC_REPRESENTATION_CONTEXT(2) 
PARAMETRIC_REPRESENTATION_CONTEXT() REPRESENTATION_CONTEXT('2D SPACE',''
  ) );
#1737 = FACE_BOUND('',#1738,.T.);
#1738 = EDGE_LOOP('',(#1739));
#1739 = ORIENTED_EDGE('',*,*,#1740,.T.);
#1740 = EDGE_CURVE('',#1741,#1741,#1743,.T.);
#1741 = VERTEX_POINT('',#1742);
#1742 = CARTESIAN_POINT('',(303.25,4.5,3.));
#1743 = SURFACE_CURVE('',#1744,(#1749,#1760),.PCURVE_S1.);
#1744 = CIRCLE('',#1745,1.25);
#1745 = AXIS2_PLACEMENT_3D('',#1746,#1747,#1748);
#1746 = CARTESIAN_POINT('',(304.5,4.5,3.));
#1747 = DIRECTION('',(0.,0.,-1.));
#1748 = DIRECTION('',(-1.,0.,0.));
#1749 = PCURVE('',#44,#1750);
#1750 = DEFINITIONAL_REPRESENTATION('',(#1751),#1759);
#1751 = ( BOUNDED_CURVE() B_SPLINE_CURVE(2,(#1752,#1753,#1754,#1755,
#1756,#1757,#1758),.UNSPECIFIED.,.T.,.F.) B_SPLINE_CURVE_WITH_KNOTS((1,2
    ,2,2,2,1),(-2.094395102393,0.,2.094395102393,4.188790204786,
6.28318530718,8.377580409573),.UNSPECIFIED.) CURVE() 
GEOMETRIC_REPRESENTATION_ITEM() RATIONAL_B_SPLINE_CURVE((1.,0.5,1.,0.5,
1.,0.5,1.)) REPRESENTATION_ITEM('') );
#1752 = CARTESIAN_POINT('',(323.25,24.5));
#1753 = CARTESIAN_POINT('',(323.25,26.665063509461));
#1754 = CARTESIAN_POINT('',(325.125,25.582531754731));
#1755 = CARTESIAN_POINT('',(327.,24.5));
#1756 = CARTESIAN_POINT('',(325.125,23.417468245269));
#1757 = CARTESIAN_POINT('',(323.25,22.334936490539));
#1758 = CARTESIAN_POINT('',(323.25,24.5));
#1759 = ( GEOMETRIC_REPRESENTATION_CONTEXT(2) 
PARAMETRIC_REPRESENTATION_CONTEXT() REPRESENTATION_CONTEXT('2D SPACE',''
  ) );
#1760 = PCURVE('',#1761,#1766);
#1761 = CYLINDRICAL_SURFACE('',#1762,1.25);
#1762 = AXIS2_PLACEMENT_3D('',#1763,#1764,#1765);
#1763 = CARTESIAN_POINT('',(304.5,4.5,3.));
#1764 = DIRECTION('',(0.,0.,-1.));
#1765 = DIRECTION('',(-1.,0.,0.));
#1766 = DEFINITIONAL_REPRESENTATION('',(#1767),#1771);
#1767 = LINE('',#1768,#1769);
#1768 = CARTESIAN_POINT('',(0.,0.));
#1769 = VECTOR('',#1770,1.);
#1770 = DIRECTION('',(1.,0.));
#1771 = ( GEOMETRIC_REPRESENTATION_CONTEXT(2) 
PARAMETRIC_REPRESENTATION_CONTEXT() REPRESENTATION_CONTEXT('2D SPACE',''
  ) );
#1772 = FACE_BOUND('',#1773,.T.);
#1773 = EDGE_LOOP('',(#1774));
#1774 = ORIENTED_EDGE('',*,*,#1775,.T.);
#1775 = EDGE_CURVE('',#1776,#1776,#1778,.T.);
#1776 = VERTEX_POINT('',#1777);
#1777 = CARTESIAN_POINT('',(344.25,45.5,3.));
#1778 = SURFACE_CURVE('',#1779,(#1784,#1795),.PCURVE_S1.);
#1779 = CIRCLE('',#1780,1.25);
#1780 = AXIS2_PLACEMENT_3D('',#1781,#1782,#1783);
#1781 = CARTESIAN_POINT('',(345.5,45.5,3.));
#1782 = DIRECTION('',(0.,0.,-1.));
#1783 = DIRECTION('',(-1.,0.,0.));
#1784 = PCURVE('',#44,#1785);
#1785 = DEFINITIONAL_REPRESENTATION('',(#1786),#1794);
#1786 = ( BOUNDED_CURVE() B_SPLINE_CURVE(2,(#1787,#1788,#1789,#1790,
#1791,#1792,#1793),.UNSPECIFIED.,.T.,.F.) B_SPLINE_CURVE_WITH_KNOTS((1,2
    ,2,2,2,1),(-2.094395102393,0.,2.094395102393,4.188790204786,
6.28318530718,8.377580409573),.UNSPECIFIED.) CURVE() 
GEOMETRIC_REPRESENTATION_ITEM() RATIONAL_B_SPLINE_CURVE((1.,0.5,1.,0.5,
1.,0.5,1.)) REPRESENTATION_ITEM('') );
#1787 = CARTESIAN_POINT('',(364.25,65.5));
#1788 = CARTESIAN_POINT('',(364.25,67.665063509461));
#1789 = CARTESIAN_POINT('',(366.125,66.582531754731));
#1790 = CARTESIAN_POINT('',(368.,65.5));
#1791 = CARTESIAN_POINT('',(366.125,64.417468245269));
#1792 = CARTESIAN_POINT('',(364.25,63.334936490539));
#1793 = CARTESIAN_POINT('',(364.25,65.5));
#1794 = ( GEOMETRIC_REPRESENTATION_CONTEXT(2) 
PARAMETRIC_REPRESENTATION_CONTEXT() REPRESENTATION_CONTEXT('2D SPACE',''
  ) );
#1795 = PCURVE('',#1796,#1801);
#1796 = CYLINDRICAL_SURFACE('',#1797,1.25);
#1797 = AXIS2_PLACEMENT_3D('',#1798,#1799,#1800);
#1798 = CARTESIAN_POINT('',(345.5,45.5,3.));
#1799 = DIRECTION('',(0.,0.,-1.));
#1800 = DIRECTION('',(-1.,0.,0.));
#1801 = DEFINITIONAL_REPRESENTATION('',(#1802),#1806);
#1802 = LINE('',#1803,#1804);
#1803 = CARTESIAN_POINT('',(0.,0.));
#1804 = VECTOR('',#1805,1.);
#1805 = DIRECTION('',(1.,0.));
#1806 = ( GEOMETRIC_REPRESENTATION_CONTEXT(2) 
PARAMETRIC_REPRESENTATION_CONTEXT() REPRESENTATION_CONTEXT('2D SPACE',''
  ) );
#1807 = FACE_BOUND('',#1808,.T.);
#1808 = EDGE_LOOP('',(#1809));
#1809 = ORIENTED_EDGE('',*,*,#1810,.T.);
#1810 = EDGE_CURVE('',#1811,#1811,#1813,.T.);
#1811 = VERTEX_POINT('',#1812);
#1812 = CARTESIAN_POINT('',(353.25,4.5,3.));
#1813 = SURFACE_CURVE('',#1814,(#1819,#1830),.PCURVE_S1.);
#1814 = CIRCLE('',#1815,1.25);
#1815 = AXIS2_PLACEMENT_3D('',#1816,#1817,#1818);
#1816 = CARTESIAN_POINT('',(354.5,4.5,3.));
#1817 = DIRECTION('',(0.,0.,-1.));
#1818 = DIRECTION('',(-1.,0.,0.));
#1819 = PCURVE('',#44,#1820);
#1820 = DEFINITIONAL_REPRESENTATION('',(#1821),#1829);
#1821 = ( BOUNDED_CURVE() B_SPLINE_CURVE(2,(#1822,#1823,#1824,#1825,
#1826,#1827,#1828),.UNSPECIFIED.,.T.,.F.) B_SPLINE_CURVE_WITH_KNOTS((1,2
    ,2,2,2,1),(-2.094395102393,0.,2.094395102393,4.188790204786,
6.28318530718,8.377580409573),.UNSPECIFIED.) CURVE() 
GEOMETRIC_REPRESENTATION_ITEM() RATIONAL_B_SPLINE_CURVE((1.,0.5,1.,0.5,
1.,0.5,1.)) REPRESENTATION_ITEM('') );
#1822 = CARTESIAN_POINT('',(373.25,24.5));
#1823 = CARTESIAN_POINT('',(373.25,26.665063509461));
#1824 = CARTESIAN_POINT('',(375.125,25.582531754731));
#1825 = CARTESIAN_POINT('',(377.,24.5));
#1826 = CARTESIAN_POINT('',(375.125,23.417468245269));
#1827 = CARTESIAN_POINT('',(373.25,22.334936490539));
#1828 = CARTESIAN_POINT('',(373.25,24.5));
#1829 = ( GEOMETRIC_REPRESENTATION_CONTEXT(2) 
PARAMETRIC_REPRESENTATION_CONTEXT() REPRESENTATION_CONTEXT('2D SPACE',''
  ) );
#1830 = PCURVE('',#1831,#1836);
#1831 = CYLINDRICAL_SURFACE('',#1832,1.25);
#1832 = AXIS2_PLACEMENT_3D('',#1833,#1834,#1835);
#1833 = CARTESIAN_POINT('',(354.5,4.5,3.));
#1834 = DIRECTION('',(0.,0.,-1.));
#1835 = DIRECTION('',(-1.,0.,0.));
#1836 = DEFINITIONAL_REPRESENTATION('',(#1837),#1841);
#1837 = LINE('',#1838,#1839);
#1838 = CARTESIAN_POINT('',(0.,0.));
#1839 = VECTOR('',#1840,1.);
#1840 = DIRECTION('',(1.,0.));
#1841 = ( GEOMETRIC_REPRESENTATION_CONTEXT(2) 
PARAMETRIC_REPRESENTATION_CONTEXT() REPRESENTATION_CONTEXT('2D SPACE',''
  ) );
#1842 = FACE_BOUND('',#1843,.T.);
#1843 = EDGE_LOOP('',(#1844));
#1844 = ORIENTED_EDGE('',*,*,#1845,.T.);
#1845 = EDGE_CURVE('',#1846,#1846,#1848,.T.);
#1846 = VERTEX_POINT('',#1847);
#1847 = CARTESIAN_POINT('',(394.25,45.5,3.));
#1848 = SURFACE_CURVE('',#1849,(#1854,#1865),.PCURVE_S1.);
#1849 = CIRCLE('',#1850,1.25);
#1850 = AXIS2_PLACEMENT_3D('',#1851,#1852,#1853);
#1851 = CARTESIAN_POINT('',(395.5,45.5,3.));
#1852 = DIRECTION('',(0.,0.,-1.));
#1853 = DIRECTION('',(-1.,0.,0.));
#1854 = PCURVE('',#44,#1855);
#1855 = DEFINITIONAL_REPRESENTATION('',(#1856),#1864);
#1856 = ( BOUNDED_CURVE() B_SPLINE_CURVE(2,(#1857,#1858,#1859,#1860,
#1861,#1862,#1863),.UNSPECIFIED.,.T.,.F.) B_SPLINE_CURVE_WITH_KNOTS((1,2
    ,2,2,2,1),(-2.094395102393,0.,2.094395102393,4.188790204786,
6.28318530718,8.377580409573),.UNSPECIFIED.) CURVE() 
GEOMETRIC_REPRESENTATION_ITEM() RATIONAL_B_SPLINE_CURVE((1.,0.5,1.,0.5,
1.,0.5,1.)) REPRESENTATION_ITEM('') );
#1857 = CARTESIAN_POINT('',(414.25,65.5));
#1858 = CARTESIAN_POINT('',(414.25,67.665063509461));
#1859 = CARTESIAN_POINT('',(416.125,66.582531754731));
#1860 = CARTESIAN_POINT('',(418.,65.5));
#1861 = CARTESIAN_POINT('',(416.125,64.417468245269));
#1862 = CARTESIAN_POINT('',(414.25,63.334936490539));
#1863 = CARTESIAN_POINT('',(414.25,65.5));
#1864 = ( GEOMETRIC_REPRESENTATION_CONTEXT(2) 
PARAMETRIC_REPRESENTATION_CONTEXT() REPRESENTATION_CONTEXT('2D SPACE',''
  ) );
#1865 = PCURVE('',#1866,#1871);
#1866 = CYLINDRICAL_SURFACE('',#1867,1.25);
#1867 = AXIS2_PLACEMENT_3D('',#1868,#1869,#1870);
#1868 = CARTESIAN_POINT('',(395.5,45.5,3.));
#1869 = DIRECTION('',(0.,0.,-1.));
#1870 = DIRECTION('',(-1.,0.,0.));
#1871 = DEFINITIONAL_REPRESENTATION('',(#1872),#1876);
#1872 = LINE('',#1873,#1874);
#1873 = CARTESIAN_POINT('',(0.,0.));
#1874 = VECTOR('',#1875,1.);
#1875 = DIRECTION('',(1.,0.));
#1876 = ( GEOMETRIC_REPRESENTATION_CONTEXT(2) 
PARAMETRIC_REPRESENTATION_CONTEXT() REPRESENTATION_CONTEXT('2D SPACE',''
  ) );
#1877 = FACE_BOUND('',#1878,.T.);
#1878 = EDGE_LOOP('',(#1879));
#1879 = ORIENTED_EDGE('',*,*,#1880,.T.);
#1880 = EDGE_CURVE('',#1881,#1881,#1883,.T.);
#1881 = VERTEX_POINT('',#1882);
#1882 = CARTESIAN_POINT('',(303.25,54.5,3.));
#1883 = SURFACE_CURVE('',#1884,(#1889,#1900),.PCURVE_S1.);
#1884 = CIRCLE('',#1885,1.25);
#1885 = AXIS2_PLACEMENT_3D('',#1886,#1887,#1888);
#1886 = CARTESIAN_POINT('',(304.5,54.5,3.));
#1887 = DIRECTION('',(0.,0.,-1.));
#1888 = DIRECTION('',(-1.,0.,0.));
#1889 = PCURVE('',#44,#1890);
#1890 = DEFINITIONAL_REPRESENTATION('',(#1891),#1899);
#1891 = ( BOUNDED_CURVE() B_SPLINE_CURVE(2,(#1892,#1893,#1894,#1895,
#1896,#1897,#1898),.UNSPECIFIED.,.T.,.F.) B_SPLINE_CURVE_WITH_KNOTS((1,2
    ,2,2,2,1),(-2.094395102393,0.,2.094395102393,4.188790204786,
6.28318530718,8.377580409573),.UNSPECIFIED.) CURVE() 
GEOMETRIC_REPRESENTATION_ITEM() RATIONAL_B_SPLINE_CURVE((1.,0.5,1.,0.5,
1.,0.5,1.)) REPRESENTATION_ITEM('') );
#1892 = CARTESIAN_POINT('',(323.25,74.5));
#1893 = CARTESIAN_POINT('',(323.25,76.665063509461));
#1894 = CARTESIAN_POINT('',(325.125,75.582531754731));
#1895 = CARTESIAN_POINT('',(327.,74.5));
#1896 = CARTESIAN_POINT('',(325.125,73.417468245269));
#1897 = CARTESIAN_POINT('',(323.25,72.334936490539));
#1898 = CARTESIAN_POINT('',(323.25,74.5));
#1899 = ( GEOMETRIC_REPRESENTATION_CONTEXT(2) 
PARAMETRIC_REPRESENTATION_CONTEXT() REPRESENTATION_CONTEXT('2D SPACE',''
  ) );
#1900 = PCURVE('',#1901,#1906);
#1901 = CYLINDRICAL_SURFACE('',#1902,1.25);
#1902 = AXIS2_PLACEMENT_3D('',#1903,#1904,#1905);
#1903 = CARTESIAN_POINT('',(304.5,54.5,3.));
#1904 = DIRECTION('',(0.,0.,-1.));
#1905 = DIRECTION('',(-1.,0.,0.));
#1906 = DEFINITIONAL_REPRESENTATION('',(#1907),#1911);
#1907 = LINE('',#1908,#1909);
#1908 = CARTESIAN_POINT('',(0.,0.));
#1909 = VECTOR('',#1910,1.);
#1910 = DIRECTION('',(1.,0.));
#1911 = ( GEOMETRIC_REPRESENTATION_CONTEXT(2) 
PARAMETRIC_REPRESENTATION_CONTEXT() REPRESENTATION_CONTEXT('2D SPACE',''
  ) );
#1912 = FACE_BOUND('',#1913,.T.);
#1913 = EDGE_LOOP('',(#1914));
#1914 = ORIENTED_EDGE('',*,*,#1915,.T.);
#1915 = EDGE_CURVE('',#1916,#1916,#1918,.T.);
#1916 = VERTEX_POINT('',#1917);
#1917 = CARTESIAN_POINT('',(344.25,95.5,3.));
#1918 = SURFACE_CURVE('',#1919,(#1924,#1935),.PCURVE_S1.);
#1919 = CIRCLE('',#1920,1.25);
#1920 = AXIS2_PLACEMENT_3D('',#1921,#1922,#1923);
#1921 = CARTESIAN_POINT('',(345.5,95.5,3.));
#1922 = DIRECTION('',(0.,0.,-1.));
#1923 = DIRECTION('',(-1.,0.,0.));
#1924 = PCURVE('',#44,#1925);
#1925 = DEFINITIONAL_REPRESENTATION('',(#1926),#1934);
#1926 = ( BOUNDED_CURVE() B_SPLINE_CURVE(2,(#1927,#1928,#1929,#1930,
#1931,#1932,#1933),.UNSPECIFIED.,.T.,.F.) B_SPLINE_CURVE_WITH_KNOTS((1,2
    ,2,2,2,1),(-2.094395102393,0.,2.094395102393,4.188790204786,
6.28318530718,8.377580409573),.UNSPECIFIED.) CURVE() 
GEOMETRIC_REPRESENTATION_ITEM() RATIONAL_B_SPLINE_CURVE((1.,0.5,1.,0.5,
1.,0.5,1.)) REPRESENTATION_ITEM('') );
#1927 = CARTESIAN_POINT('',(364.25,115.5));
#1928 = CARTESIAN_POINT('',(364.25,117.66506350946));
#1929 = CARTESIAN_POINT('',(366.125,116.58253175473));
#1930 = CARTESIAN_POINT('',(368.,115.5));
#1931 = CARTESIAN_POINT('',(366.125,114.41746824526));
#1932 = CARTESIAN_POINT('',(364.25,113.33493649053));
#1933 = CARTESIAN_POINT('',(364.25,115.5));
#1934 = ( GEOMETRIC_REPRESENTATION_CONTEXT(2) 
PARAMETRIC_REPRESENTATION_CONTEXT() REPRESENTATION_CONTEXT('2D SPACE',''
  ) );
#1935 = PCURVE('',#1936,#1941);
#1936 = CYLINDRICAL_SURFACE('',#1937,1.25);
#1937 = AXIS2_PLACEMENT_3D('',#1938,#1939,#1940);
#1938 = CARTESIAN_POINT('',(345.5,95.5,3.));
#1939 = DIRECTION('',(0.,0.,-1.));
#1940 = DIRECTION('',(-1.,0.,0.));
#1941 = DEFINITIONAL_REPRESENTATION('',(#1942),#1946);
#1942 = LINE('',#1943,#1944);
#1943 = CARTESIAN_POINT('',(0.,0.));
#1944 = VECTOR('',#1945,1.);
#1945 = DIRECTION('',(1.,0.));
#1946 = ( GEOMETRIC_REPRESENTATION_CONTEXT(2) 
PARAMETRIC_REPRESENTATION_CONTEXT() REPRESENTATION_CONTEXT('2D SPACE',''
  ) );
#1947 = FACE_BOUND('',#1948,.T.);
#1948 = EDGE_LOOP('',(#1949));
#1949 = ORIENTED_EDGE('',*,*,#1950,.T.);
#1950 = EDGE_CURVE('',#1951,#1951,#1953,.T.);
#1951 = VERTEX_POINT('',#1952);
#1952 = CARTESIAN_POINT('',(353.25,54.5,3.));
#1953 = SURFACE_CURVE('',#1954,(#1959,#1970),.PCURVE_S1.);
#1954 = CIRCLE('',#1955,1.25);
#1955 = AXIS2_PLACEMENT_3D('',#1956,#1957,#1958);
#1956 = CARTESIAN_POINT('',(354.5,54.5,3.));
#1957 = DIRECTION('',(0.,0.,-1.));
#1958 = DIRECTION('',(-1.,0.,0.));
#1959 = PCURVE('',#44,#1960);
#1960 = DEFINITIONAL_REPRESENTATION('',(#1961),#1969);
#1961 = ( BOUNDED_CURVE() B_SPLINE_CURVE(2,(#1962,#1963,#1964,#1965,
#1966,#1967,#1968),.UNSPECIFIED.,.T.,.F.) B_SPLINE_CURVE_WITH_KNOTS((1,2
    ,2,2,2,1),(-2.094395102393,0.,2.094395102393,4.188790204786,
6.28318530718,8.377580409573),.UNSPECIFIED.) CURVE() 
GEOMETRIC_REPRESENTATION_ITEM() RATIONAL_B_SPLINE_CURVE((1.,0.5,1.,0.5,
1.,0.5,1.)) REPRESENTATION_ITEM('') );
#1962 = CARTESIAN_POINT('',(373.25,74.5));
#1963 = CARTESIAN_POINT('',(373.25,76.665063509461));
#1964 = CARTESIAN_POINT('',(375.125,75.582531754731));
#1965 = CARTESIAN_POINT('',(377.,74.5));
#1966 = CARTESIAN_POINT('',(375.125,73.417468245269));
#1967 = CARTESIAN_POINT('',(373.25,72.334936490539));
#1968 = CARTESIAN_POINT('',(373.25,74.5));
#1969 = ( GEOMETRIC_REPRESENTATION_CONTEXT(2) 
PARAMETRIC_REPRESENTATION_CONTEXT() REPRESENTATION_CONTEXT('2D SPACE',''
  ) );
#1970 = PCURVE('',#1971,#1976);
#1971 = CYLINDRICAL_SURFACE('',#1972,1.25);
#1972 = AXIS2_PLACEMENT_3D('',#1973,#1974,#1975);
#1973 = CARTESIAN_POINT('',(354.5,54.5,3.));
#1974 = DIRECTION('',(0.,0.,-1.));
#1975 = DIRECTION('',(-1.,0.,0.));
#1976 = DEFINITIONAL_REPRESENTATION('',(#1977),#1981);
#1977 = LINE('',#1978,#1979);
#1978 = CARTESIAN_POINT('',(0.,0.));
#1979 = VECTOR('',#1980,1.);
#1980 = DIRECTION('',(1.,0.));
#1981 = ( GEOMETRIC_REPRESENTATION_CONTEXT(2) 
PARAMETRIC_REPRESENTATION_CONTEXT() REPRESENTATION_CONTEXT('2D SPACE',''
  ) );
#1982 = FACE_BOUND('',#1983,.T.);
#1983 = EDGE_LOOP('',(#1984));
#1984 = ORIENTED_EDGE('',*,*,#1985,.T.);
#1985 = EDGE_CURVE('',#1986,#1986,#1988,.T.);
#1986 = VERTEX_POINT('',#1987);
#1987 = CARTESIAN_POINT('',(394.25,95.5,3.));
#1988 = SURFACE_CURVE('',#1989,(#1994,#2005),.PCURVE_S1.);
#1989 = CIRCLE('',#1990,1.25);
#1990 = AXIS2_PLACEMENT_3D('',#1991,#1992,#1993);
#1991 = CARTESIAN_POINT('',(395.5,95.5,3.));
#1992 = DIRECTION('',(0.,0.,-1.));
#1993 = DIRECTION('',(-1.,0.,0.));
#1994 = PCURVE('',#44,#1995);
#1995 = DEFINITIONAL_REPRESENTATION('',(#1996),#2004);
#1996 = ( BOUNDED_CURVE() B_SPLINE_CURVE(2,(#1997,#1998,#1999,#2000,
#2001,#2002,#2003),.UNSPECIFIED.,.T.,.F.) B_SPLINE_CURVE_WITH_KNOTS((1,2
    ,2,2,2,1),(-2.094395102393,0.,2.094395102393,4.188790204786,
6.28318530718,8.377580409573),.UNSPECIFIED.) CURVE() 
GEOMETRIC_REPRESENTATION_ITEM() RATIONAL_B_SPLINE_CURVE((1.,0.5,1.,0.5,
1.,0.5,1.)) REPRESENTATION_ITEM('') );
#1997 = CARTESIAN_POINT('',(414.25,115.5));
#1998 = CARTESIAN_POINT('',(414.25,117.66506350946));
#1999 = CARTESIAN_POINT('',(416.125,116.58253175473));
#2000 = CARTESIAN_POINT('',(418.,115.5));
#2001 = CARTESIAN_POINT('',(416.125,114.41746824526));
#2002 = CARTESIAN_POINT('',(414.25,113.33493649053));
#2003 = CARTESIAN_POINT('',(414.25,115.5));
#2004 = ( GEOMETRIC_REPRESENTATION_CONTEXT(2) 
PARAMETRIC_REPRESENTATION_CONTEXT() REPRESENTATION_CONTEXT('2D SPACE',''
  ) );
#2005 = PCURVE('',#2006,#2011);
#2006 = CYLINDRICAL_SURFACE('',#2007,1.25);
#2007 = AXIS2_PLACEMENT_3D('',#2008,#2009,#2010);
#2008 = CARTESIAN_POINT('',(395.5,95.5,3.));
#2009 = DIRECTION('',(0.,0.,-1.));
#2010 = DIRECTION('',(-1.,0.,0.));
#2011 = DEFINITIONAL_REPRESENTATION('',(#2012),#2016);
#2012 = LINE('',#2013,#2014);
#2013 = CARTESIAN_POINT('',(0.,0.));
#2014 = VECTOR('',#2015,1.);
#2015 = DIRECTION('',(1.,0.));
#2016 = ( GEOMETRIC_REPRESENTATION_CONTEXT(2) 
PARAMETRIC_REPRESENTATION_CONTEXT() REPRESENTATION_CONTEXT('2D SPACE',''
  ) );
#2017 = FACE_BOUND('',#2018,.T.);
#2018 = EDGE_LOOP('',(#2019));
#2019 = ORIENTED_EDGE('',*,*,#2020,.T.);
#2020 = EDGE_CURVE('',#2021,#2021,#2023,.T.);
#2021 = VERTEX_POINT('',#2022);
#2022 = CARTESIAN_POINT('',(203.25,104.5,3.));
#2023 = SURFACE_CURVE('',#2024,(#2029,#2040),.PCURVE_S1.);
#2024 = CIRCLE('',#2025,1.25);
#2025 = AXIS2_PLACEMENT_3D('',#2026,#2027,#2028);
#2026 = CARTESIAN_POINT('',(204.5,104.5,3.));
#2027 = DIRECTION('',(0.,0.,-1.));
#2028 = DIRECTION('',(-1.,0.,0.));
#2029 = PCURVE('',#44,#2030);
#2030 = DEFINITIONAL_REPRESENTATION('',(#2031),#2039);
#2031 = ( BOUNDED_CURVE() B_SPLINE_CURVE(2,(#2032,#2033,#2034,#2035,
#2036,#2037,#2038),.UNSPECIFIED.,.T.,.F.) B_SPLINE_CURVE_WITH_KNOTS((1,2
    ,2,2,2,1),(-2.094395102393,0.,2.094395102393,4.188790204786,
6.28318530718,8.377580409573),.UNSPECIFIED.) CURVE() 
GEOMETRIC_REPRESENTATION_ITEM() RATIONAL_B_SPLINE_CURVE((1.,0.5,1.,0.5,
1.,0.5,1.)) REPRESENTATION_ITEM('') );
#2032 = CARTESIAN_POINT('',(223.25,124.5));
#2033 = CARTESIAN_POINT('',(223.25,126.66506350946));
#2034 = CARTESIAN_POINT('',(225.125,125.58253175473));
#2035 = CARTESIAN_POINT('',(227.,124.5));
#2036 = CARTESIAN_POINT('',(225.125,123.41746824526));
#2037 = CARTESIAN_POINT('',(223.25,122.33493649053));
#2038 = CARTESIAN_POINT('',(223.25,124.5));
#2039 = ( GEOMETRIC_REPRESENTATION_CONTEXT(2) 
PARAMETRIC_REPRESENTATION_CONTEXT() REPRESENTATION_CONTEXT('2D SPACE',''
  ) );
#2040 = PCURVE('',#2041,#2046);
#2041 = CYLINDRICAL_SURFACE('',#2042,1.25);
#2042 = AXIS2_PLACEMENT_3D('',#2043,#2044,#2045);
#2043 = CARTESIAN_POINT('',(204.5,104.5,3.));
#2044 = DIRECTION('',(0.,0.,-1.));
#2045 = DIRECTION('',(-1.,0.,0.));
#2046 = DEFINITIONAL_REPRESENTATION('',(#2047),#2051);
#2047 = LINE('',#2048,#2049);
#2048 = CARTESIAN_POINT('',(0.,0.));
#2049 = VECTOR('',#2050,1.);
#2050 = DIRECTION('',(1.,0.));
#2051 = ( GEOMETRIC_REPRESENTATION_CONTEXT(2) 
PARAMETRIC_REPRESENTATION_CONTEXT() REPRESENTATION_CONTEXT('2D SPACE',''
  ) );
#2052 = FACE_BOUND('',#2053,.T.);
#2053 = EDGE_LOOP('',(#2054));
#2054 = ORIENTED_EDGE('',*,*,#2055,.T.);
#2055 = EDGE_CURVE('',#2056,#2056,#2058,.T.);
#2056 = VERTEX_POINT('',#2057);
#2057 = CARTESIAN_POINT('',(244.25,145.5,3.));
#2058 = SURFACE_CURVE('',#2059,(#2064,#2075),.PCURVE_S1.);
#2059 = CIRCLE('',#2060,1.25);
#2060 = AXIS2_PLACEMENT_3D('',#2061,#2062,#2063);
#2061 = CARTESIAN_POINT('',(245.5,145.5,3.));
#2062 = DIRECTION('',(0.,0.,-1.));
#2063 = DIRECTION('',(-1.,0.,0.));
#2064 = PCURVE('',#44,#2065);
#2065 = DEFINITIONAL_REPRESENTATION('',(#2066),#2074);
#2066 = ( BOUNDED_CURVE() B_SPLINE_CURVE(2,(#2067,#2068,#2069,#2070,
#2071,#2072,#2073),.UNSPECIFIED.,.T.,.F.) B_SPLINE_CURVE_WITH_KNOTS((1,2
    ,2,2,2,1),(-2.094395102393,0.,2.094395102393,4.188790204786,
6.28318530718,8.377580409573),.UNSPECIFIED.) CURVE() 
GEOMETRIC_REPRESENTATION_ITEM() RATIONAL_B_SPLINE_CURVE((1.,0.5,1.,0.5,
1.,0.5,1.)) REPRESENTATION_ITEM('') );
#2067 = CARTESIAN_POINT('',(264.25,165.5));
#2068 = CARTESIAN_POINT('',(264.25,167.66506350946));
#2069 = CARTESIAN_POINT('',(266.125,166.58253175473));
#2070 = CARTESIAN_POINT('',(268.,165.5));
#2071 = CARTESIAN_POINT('',(266.125,164.41746824526));
#2072 = CARTESIAN_POINT('',(264.25,163.33493649053));
#2073 = CARTESIAN_POINT('',(264.25,165.5));
#2074 = ( GEOMETRIC_REPRESENTATION_CONTEXT(2) 
PARAMETRIC_REPRESENTATION_CONTEXT() REPRESENTATION_CONTEXT('2D SPACE',''
  ) );
#2075 = PCURVE('',#2076,#2081);
#2076 = CYLINDRICAL_SURFACE('',#2077,1.25);
#2077 = AXIS2_PLACEMENT_3D('',#2078,#2079,#2080);
#2078 = CARTESIAN_POINT('',(245.5,145.5,3.));
#2079 = DIRECTION('',(0.,0.,-1.));
#2080 = DIRECTION('',(-1.,0.,0.));
#2081 = DEFINITIONAL_REPRESENTATION('',(#2082),#2086);
#2082 = LINE('',#2083,#2084);
#2083 = CARTESIAN_POINT('',(0.,0.));
#2084 = VECTOR('',#2085,1.);
#2085 = DIRECTION('',(1.,0.));
#2086 = ( GEOMETRIC_REPRESENTATION_CONTEXT(2) 
PARAMETRIC_REPRESENTATION_CONTEXT() REPRESENTATION_CONTEXT('2D SPACE',''
  ) );
#2087 = FACE_BOUND('',#2088,.T.);
#2088 = EDGE_LOOP('',(#2089));
#2089 = ORIENTED_EDGE('',*,*,#2090,.T.);
#2090 = EDGE_CURVE('',#2091,#2091,#2093,.T.);
#2091 = VERTEX_POINT('',#2092);
#2092 = CARTESIAN_POINT('',(253.25,104.5,3.));
#2093 = SURFACE_CURVE('',#2094,(#2099,#2110),.PCURVE_S1.);
#2094 = CIRCLE('',#2095,1.25);
#2095 = AXIS2_PLACEMENT_3D('',#2096,#2097,#2098);
#2096 = CARTESIAN_POINT('',(254.5,104.5,3.));
#2097 = DIRECTION('',(0.,0.,-1.));
#2098 = DIRECTION('',(-1.,0.,0.));
#2099 = PCURVE('',#44,#2100);
#2100 = DEFINITIONAL_REPRESENTATION('',(#2101),#2109);
#2101 = ( BOUNDED_CURVE() B_SPLINE_CURVE(2,(#2102,#2103,#2104,#2105,
#2106,#2107,#2108),.UNSPECIFIED.,.T.,.F.) B_SPLINE_CURVE_WITH_KNOTS((1,2
    ,2,2,2,1),(-2.094395102393,0.,2.094395102393,4.188790204786,
6.28318530718,8.377580409573),.UNSPECIFIED.) CURVE() 
GEOMETRIC_REPRESENTATION_ITEM() RATIONAL_B_SPLINE_CURVE((1.,0.5,1.,0.5,
1.,0.5,1.)) REPRESENTATION_ITEM('') );
#2102 = CARTESIAN_POINT('',(273.25,124.5));
#2103 = CARTESIAN_POINT('',(273.25,126.66506350946));
#2104 = CARTESIAN_POINT('',(275.125,125.58253175473));
#2105 = CARTESIAN_POINT('',(277.,124.5));
#2106 = CARTESIAN_POINT('',(275.125,123.41746824526));
#2107 = CARTESIAN_POINT('',(273.25,122.33493649053));
#2108 = CARTESIAN_POINT('',(273.25,124.5));
#2109 = ( GEOMETRIC_REPRESENTATION_CONTEXT(2) 
PARAMETRIC_REPRESENTATION_CONTEXT() REPRESENTATION_CONTEXT('2D SPACE',''
  ) );
#2110 = PCURVE('',#2111,#2116);
#2111 = CYLINDRICAL_SURFACE('',#2112,1.25);
#2112 = AXIS2_PLACEMENT_3D('',#2113,#2114,#2115);
#2113 = CARTESIAN_POINT('',(254.5,104.5,3.));
#2114 = DIRECTION('',(0.,0.,-1.));
#2115 = DIRECTION('',(-1.,0.,0.));
#2116 = DEFINITIONAL_REPRESENTATION('',(#2117),#2121);
#2117 = LINE('',#2118,#2119);
#2118 = CARTESIAN_POINT('',(0.,0.));
#2119 = VECTOR('',#2120,1.);
#2120 = DIRECTION('',(1.,0.));
#2121 = ( GEOMETRIC_REPRESENTATION_CONTEXT(2) 
PARAMETRIC_REPRESENTATION_CONTEXT() REPRESENTATION_CONTEXT('2D SPACE',''
  ) );
#2122 = FACE_BOUND('',#2123,.T.);
#2123 = EDGE_LOOP('',(#2124));
#2124 = ORIENTED_EDGE('',*,*,#2125,.T.);
#2125 = EDGE_CURVE('',#2126,#2126,#2128,.T.);
#2126 = VERTEX_POINT('',#2127);
#2127 = CARTESIAN_POINT('',(294.25,145.5,3.));
#2128 = SURFACE_CURVE('',#2129,(#2134,#2145),.PCURVE_S1.);
#2129 = CIRCLE('',#2130,1.25);
#2130 = AXIS2_PLACEMENT_3D('',#2131,#2132,#2133);
#2131 = CARTESIAN_POINT('',(295.5,145.5,3.));
#2132 = DIRECTION('',(0.,0.,-1.));
#2133 = DIRECTION('',(-1.,0.,0.));
#2134 = PCURVE('',#44,#2135);
#2135 = DEFINITIONAL_REPRESENTATION('',(#2136),#2144);
#2136 = ( BOUNDED_CURVE() B_SPLINE_CURVE(2,(#2137,#2138,#2139,#2140,
#2141,#2142,#2143),.UNSPECIFIED.,.T.,.F.) B_SPLINE_CURVE_WITH_KNOTS((1,2
    ,2,2,2,1),(-2.094395102393,0.,2.094395102393,4.188790204786,
6.28318530718,8.377580409573),.UNSPECIFIED.) CURVE() 
GEOMETRIC_REPRESENTATION_ITEM() RATIONAL_B_SPLINE_CURVE((1.,0.5,1.,0.5,
1.,0.5,1.)) REPRESENTATION_ITEM('') );
#2137 = CARTESIAN_POINT('',(314.25,165.5));
#2138 = CARTESIAN_POINT('',(314.25,167.66506350946));
#2139 = CARTESIAN_POINT('',(316.125,166.58253175473));
#2140 = CARTESIAN_POINT('',(318.,165.5));
#2141 = CARTESIAN_POINT('',(316.125,164.41746824526));
#2142 = CARTESIAN_POINT('',(314.25,163.33493649053));
#2143 = CARTESIAN_POINT('',(314.25,165.5));
#2144 = ( GEOMETRIC_REPRESENTATION_CONTEXT(2) 
PARAMETRIC_REPRESENTATION_CONTEXT() REPRESENTATION_CONTEXT('2D SPACE',''
  ) );
#2145 = PCURVE('',#2146,#2151);
#2146 = CYLINDRICAL_SURFACE('',#2147,1.25);
#2147 = AXIS2_PLACEMENT_3D('',#2148,#2149,#2150);
#2148 = CARTESIAN_POINT('',(295.5,145.5,3.));
#2149 = DIRECTION('',(0.,0.,-1.));
#2150 = DIRECTION('',(-1.,0.,0.));
#2151 = DEFINITIONAL_REPRESENTATION('',(#2152),#2156);
#2152 = LINE('',#2153,#2154);
#2153 = CARTESIAN_POINT('',(0.,0.));
#2154 = VECTOR('',#2155,1.);
#2155 = DIRECTION('',(1.,0.));
#2156 = ( GEOMETRIC_REPRESENTATION_CONTEXT(2) 
PARAMETRIC_REPRESENTATION_CONTEXT() REPRESENTATION_CONTEXT('2D SPACE',''
  ) );
#2157 = FACE_BOUND('',#2158,.T.);
#2158 = EDGE_LOOP('',(#2159));
#2159 = ORIENTED_EDGE('',*,*,#2160,.T.);
#2160 = EDGE_CURVE('',#2161,#2161,#2163,.T.);
#2161 = VERTEX_POINT('',#2162);
#2162 = CARTESIAN_POINT('',(203.25,154.5,3.));
#2163 = SURFACE_CURVE('',#2164,(#2169,#2180),.PCURVE_S1.);
#2164 = CIRCLE('',#2165,1.25);
#2165 = AXIS2_PLACEMENT_3D('',#2166,#2167,#2168);
#2166 = CARTESIAN_POINT('',(204.5,154.5,3.));
#2167 = DIRECTION('',(0.,0.,-1.));
#2168 = DIRECTION('',(-1.,0.,0.));
#2169 = PCURVE('',#44,#2170);
#2170 = DEFINITIONAL_REPRESENTATION('',(#2171),#2179);
#2171 = ( BOUNDED_CURVE() B_SPLINE_CURVE(2,(#2172,#2173,#2174,#2175,
#2176,#2177,#2178),.UNSPECIFIED.,.T.,.F.) B_SPLINE_CURVE_WITH_KNOTS((1,2
    ,2,2,2,1),(-2.094395102393,0.,2.094395102393,4.188790204786,
6.28318530718,8.377580409573),.UNSPECIFIED.) CURVE() 
GEOMETRIC_REPRESENTATION_ITEM() RATIONAL_B_SPLINE_CURVE((1.,0.5,1.,0.5,
1.,0.5,1.)) REPRESENTATION_ITEM('') );
#2172 = CARTESIAN_POINT('',(223.25,174.5));
#2173 = CARTESIAN_POINT('',(223.25,176.66506350946));
#2174 = CARTESIAN_POINT('',(225.125,175.58253175473));
#2175 = CARTESIAN_POINT('',(227.,174.5));
#2176 = CARTESIAN_POINT('',(225.125,173.41746824526));
#2177 = CARTESIAN_POINT('',(223.25,172.33493649053));
#2178 = CARTESIAN_POINT('',(223.25,174.5));
#2179 = ( GEOMETRIC_REPRESENTATION_CONTEXT(2) 
PARAMETRIC_REPRESENTATION_CONTEXT() REPRESENTATION_CONTEXT('2D SPACE',''
  ) );
#2180 = PCURVE('',#2181,#2186);
#2181 = CYLINDRICAL_SURFACE('',#2182,1.25);
#2182 = AXIS2_PLACEMENT_3D('',#2183,#2184,#2185);
#2183 = CARTESIAN_POINT('',(204.5,154.5,3.));
#2184 = DIRECTION('',(0.,0.,-1.));
#2185 = DIRECTION('',(-1.,0.,0.));
#2186 = DEFINITIONAL_REPRESENTATION('',(#2187),#2191);
#2187 = LINE('',#2188,#2189);
#2188 = CARTESIAN_POINT('',(0.,0.));
#2189 = VECTOR('',#2190,1.);
#2190 = DIRECTION('',(1.,0.));
#2191 = ( GEOMETRIC_REPRESENTATION_CONTEXT(2) 
PARAMETRIC_REPRESENTATION_CONTEXT() REPRESENTATION_CONTEXT('2D SPACE',''
  ) );
#2192 = FACE_BOUND('',#2193,.T.);
#2193 = EDGE_LOOP('',(#2194));
#2194 = ORIENTED_EDGE('',*,*,#2195,.T.);
#2195 = EDGE_CURVE('',#2196,#2196,#2198,.T.);
#2196 = VERTEX_POINT('',#2197);
#2197 = CARTESIAN_POINT('',(244.25,195.5,3.));
#2198 = SURFACE_CURVE('',#2199,(#2204,#2215),.PCURVE_S1.);
#2199 = CIRCLE('',#2200,1.25);
#2200 = AXIS2_PLACEMENT_3D('',#2201,#2202,#2203);
#2201 = CARTESIAN_POINT('',(245.5,195.5,3.));
#2202 = DIRECTION('',(0.,0.,-1.));
#2203 = DIRECTION('',(-1.,0.,0.));
#2204 = PCURVE('',#44,#2205);
#2205 = DEFINITIONAL_REPRESENTATION('',(#2206),#2214);
#2206 = ( BOUNDED_CURVE() B_SPLINE_CURVE(2,(#2207,#2208,#2209,#2210,
#2211,#2212,#2213),.UNSPECIFIED.,.T.,.F.) B_SPLINE_CURVE_WITH_KNOTS((1,2
    ,2,2,2,1),(-2.094395102393,0.,2.094395102393,4.188790204786,
6.28318530718,8.377580409573),.UNSPECIFIED.) CURVE() 
GEOMETRIC_REPRESENTATION_ITEM() RATIONAL_B_SPLINE_CURVE((1.,0.5,1.,0.5,
1.,0.5,1.)) REPRESENTATION_ITEM('') );
#2207 = CARTESIAN_POINT('',(264.25,215.5));
#2208 = CARTESIAN_POINT('',(264.25,217.66506350946));
#2209 = CARTESIAN_POINT('',(266.125,216.58253175473));
#2210 = CARTESIAN_POINT('',(268.,215.5));
#2211 = CARTESIAN_POINT('',(266.125,214.41746824526));
#2212 = CARTESIAN_POINT('',(264.25,213.33493649053));
#2213 = CARTESIAN_POINT('',(264.25,215.5));
#2214 = ( GEOMETRIC_REPRESENTATION_CONTEXT(2) 
PARAMETRIC_REPRESENTATION_CONTEXT() REPRESENTATION_CONTEXT('2D SPACE',''
  ) );
#2215 = PCURVE('',#2216,#2221);
#2216 = CYLINDRICAL_SURFACE('',#2217,1.25);
#2217 = AXIS2_PLACEMENT_3D('',#2218,#2219,#2220);
#2218 = CARTESIAN_POINT('',(245.5,195.5,3.));
#2219 = DIRECTION('',(0.,0.,-1.));
#2220 = DIRECTION('',(-1.,0.,0.));
#2221 = DEFINITIONAL_REPRESENTATION('',(#2222),#2226);
#2222 = LINE('',#2223,#2224);
#2223 = CARTESIAN_POINT('',(0.,0.));
#2224 = VECTOR('',#2225,1.);
#2225 = DIRECTION('',(1.,0.));
#2226 = ( GEOMETRIC_REPRESENTATION_CONTEXT(2) 
PARAMETRIC_REPRESENTATION_CONTEXT() REPRESENTATION_CONTEXT('2D SPACE',''
  ) );
#2227 = FACE_BOUND('',#2228,.T.);
#2228 = EDGE_LOOP('',(#2229));
#2229 = ORIENTED_EDGE('',*,*,#2230,.T.);
#2230 = EDGE_CURVE('',#2231,#2231,#2233,.T.);
#2231 = VERTEX_POINT('',#2232);
#2232 = CARTESIAN_POINT('',(253.25,154.5,3.));
#2233 = SURFACE_CURVE('',#2234,(#2239,#2250),.PCURVE_S1.);
#2234 = CIRCLE('',#2235,1.25);
#2235 = AXIS2_PLACEMENT_3D('',#2236,#2237,#2238);
#2236 = CARTESIAN_POINT('',(254.5,154.5,3.));
#2237 = DIRECTION('',(0.,0.,-1.));
#2238 = DIRECTION('',(-1.,0.,0.));
#2239 = PCURVE('',#44,#2240);
#2240 = DEFINITIONAL_REPRESENTATION('',(#2241),#2249);
#2241 = ( BOUNDED_CURVE() B_SPLINE_CURVE(2,(#2242,#2243,#2244,#2245,
#2246,#2247,#2248),.UNSPECIFIED.,.T.,.F.) B_SPLINE_CURVE_WITH_KNOTS((1,2
    ,2,2,2,1),(-2.094395102393,0.,2.094395102393,4.188790204786,
6.28318530718,8.377580409573),.UNSPECIFIED.) CURVE() 
GEOMETRIC_REPRESENTATION_ITEM() RATIONAL_B_SPLINE_CURVE((1.,0.5,1.,0.5,
1.,0.5,1.)) REPRESENTATION_ITEM('') );
#2242 = CARTESIAN_POINT('',(273.25,174.5));
#2243 = CARTESIAN_POINT('',(273.25,176.66506350946));
#2244 = CARTESIAN_POINT('',(275.125,175.58253175473));
#2245 = CARTESIAN_POINT('',(277.,174.5));
#2246 = CARTESIAN_POINT('',(275.125,173.41746824526));
#2247 = CARTESIAN_POINT('',(273.25,172.33493649053));
#2248 = CARTESIAN_POINT('',(273.25,174.5));
#2249 = ( GEOMETRIC_REPRESENTATION_CONTEXT(2) 
PARAMETRIC_REPRESENTATION_CONTEXT() REPRESENTATION_CONTEXT('2D SPACE',''
  ) );
#2250 = PCURVE('',#2251,#2256);
#2251 = CYLINDRICAL_SURFACE('',#2252,1.25);
#2252 = AXIS2_PLACEMENT_3D('',#2253,#2254,#2255);
#2253 = CARTESIAN_POINT('',(254.5,154.5,3.));
#2254 = DIRECTION('',(0.,0.,-1.));
#2255 = DIRECTION('',(-1.,0.,0.));
#2256 = DEFINITIONAL_REPRESENTATION('',(#2257),#2261);
#2257 = LINE('',#2258,#2259);
#2258 = CARTESIAN_POINT('',(0.,0.));
#2259 = VECTOR('',#2260,1.);
#2260 = DIRECTION('',(1.,0.));
#2261 = ( GEOMETRIC_REPRESENTATION_CONTEXT(2) 
PARAMETRIC_REPRESENTATION_CONTEXT() REPRESENTATION_CONTEXT('2D SPACE',''
  ) );
#2262 = FACE_BOUND('',#2263,.T.);
#2263 = EDGE_LOOP('',(#2264));
#2264 = ORIENTED_EDGE('',*,*,#2265,.T.);
#2265 = EDGE_CURVE('',#2266,#2266,#2268,.T.);
#2266 = VERTEX_POINT('',#2267);
#2267 = CARTESIAN_POINT('',(294.25,195.5,3.));
#2268 = SURFACE_CURVE('',#2269,(#2274,#2285),.PCURVE_S1.);
#2269 = CIRCLE('',#2270,1.25);
#2270 = AXIS2_PLACEMENT_3D('',#2271,#2272,#2273);
#2271 = CARTESIAN_POINT('',(295.5,195.5,3.));
#2272 = DIRECTION('',(0.,0.,-1.));
#2273 = DIRECTION('',(-1.,0.,0.));
#2274 = PCURVE('',#44,#2275);
#2275 = DEFINITIONAL_REPRESENTATION('',(#2276),#2284);
#2276 = ( BOUNDED_CURVE() B_SPLINE_CURVE(2,(#2277,#2278,#2279,#2280,
#2281,#2282,#2283),.UNSPECIFIED.,.T.,.F.) B_SPLINE_CURVE_WITH_KNOTS((1,2
    ,2,2,2,1),(-2.094395102393,0.,2.094395102393,4.188790204786,
6.28318530718,8.377580409573),.UNSPECIFIED.) CURVE() 
GEOMETRIC_REPRESENTATION_ITEM() RATIONAL_B_SPLINE_CURVE((1.,0.5,1.,0.5,
1.,0.5,1.)) REPRESENTATION_ITEM('') );
#2277 = CARTESIAN_POINT('',(314.25,215.5));
#2278 = CARTESIAN_POINT('',(314.25,217.66506350946));
#2279 = CARTESIAN_POINT('',(316.125,216.58253175473));
#2280 = CARTESIAN_POINT('',(318.,215.5));
#2281 = CARTESIAN_POINT('',(316.125,214.41746824526));
#2282 = CARTESIAN_POINT('',(314.25,213.33493649053));
#2283 = CARTESIAN_POINT('',(314.25,215.5));
#2284 = ( GEOMETRIC_REPRESENTATION_CONTEXT(2) 
PARAMETRIC_REPRESENTATION_CONTEXT() REPRESENTATION_CONTEXT('2D SPACE',''
  ) );
#2285 = PCURVE('',#2286,#2291);
#2286 = CYLINDRICAL_SURFACE('',#2287,1.25);
#2287 = AXIS2_PLACEMENT_3D('',#2288,#2289,#2290);
#2288 = CARTESIAN_POINT('',(295.5,195.5,3.));
#2289 = DIRECTION('',(0.,0.,-1.));
#2290 = DIRECTION('',(-1.,0.,0.));
#2291 = DEFINITIONAL_REPRESENTATION('',(#2292),#2296);
#2292 = LINE('',#2293,#2294);
#2293 = CARTESIAN_POINT('',(0.,0.));
#2294 = VECTOR('',#2295,1.);
#2295 = DIRECTION('',(1.,0.));
#2296 = ( GEOMETRIC_REPRESENTATION_CONTEXT(2) 
PARAMETRIC_REPRESENTATION_CONTEXT() REPRESENTATION_CONTEXT('2D SPACE',''
  ) );
#2297 = FACE_BOUND('',#2298,.T.);
#2298 = EDGE_LOOP('',(#2299));
#2299 = ORIENTED_EDGE('',*,*,#2300,.T.);
#2300 = EDGE_CURVE('',#2301,#2301,#2303,.T.);
#2301 = VERTEX_POINT('',#2302);
#2302 = CARTESIAN_POINT('',(303.25,104.5,3.));
#2303 = SURFACE_CURVE('',#2304,(#2309,#2320),.PCURVE_S1.);
#2304 = CIRCLE('',#2305,1.25);
#2305 = AXIS2_PLACEMENT_3D('',#2306,#2307,#2308);
#2306 = CARTESIAN_POINT('',(304.5,104.5,3.));
#2307 = DIRECTION('',(0.,0.,-1.));
#2308 = DIRECTION('',(-1.,0.,0.));
#2309 = PCURVE('',#44,#2310);
#2310 = DEFINITIONAL_REPRESENTATION('',(#2311),#2319);
#2311 = ( BOUNDED_CURVE() B_SPLINE_CURVE(2,(#2312,#2313,#2314,#2315,
#2316,#2317,#2318),.UNSPECIFIED.,.T.,.F.) B_SPLINE_CURVE_WITH_KNOTS((1,2
    ,2,2,2,1),(-2.094395102393,0.,2.094395102393,4.188790204786,
6.28318530718,8.377580409573),.UNSPECIFIED.) CURVE() 
GEOMETRIC_REPRESENTATION_ITEM() RATIONAL_B_SPLINE_CURVE((1.,0.5,1.,0.5,
1.,0.5,1.)) REPRESENTATION_ITEM('') );
#2312 = CARTESIAN_POINT('',(323.25,124.5));
#2313 = CARTESIAN_POINT('',(323.25,126.66506350946));
#2314 = CARTESIAN_POINT('',(325.125,125.58253175473));
#2315 = CARTESIAN_POINT('',(327.,124.5));
#2316 = CARTESIAN_POINT('',(325.125,123.41746824526));
#2317 = CARTESIAN_POINT('',(323.25,122.33493649053));
#2318 = CARTESIAN_POINT('',(323.25,124.5));
#2319 = ( GEOMETRIC_REPRESENTATION_CONTEXT(2) 
PARAMETRIC_REPRESENTATION_CONTEXT() REPRESENTATION_CONTEXT('2D SPACE',''
  ) );
#2320 = PCURVE('',#2321,#2326);
#2321 = CYLINDRICAL_SURFACE('',#2322,1.25);
#2322 = AXIS2_PLACEMENT_3D('',#2323,#2324,#2325);
#2323 = CARTESIAN_POINT('',(304.5,104.5,3.));
#2324 = DIRECTION('',(0.,0.,-1.));
#2325 = DIRECTION('',(-1.,0.,0.));
#2326 = DEFINITIONAL_REPRESENTATION('',(#2327),#2331);
#2327 = LINE('',#2328,#2329);
#2328 = CARTESIAN_POINT('',(0.,0.));
#2329 = VECTOR('',#2330,1.);
#2330 = DIRECTION('',(1.,0.));
#2331 = ( GEOMETRIC_REPRESENTATION_CONTEXT(2) 
PARAMETRIC_REPRESENTATION_CONTEXT() REPRESENTATION_CONTEXT('2D SPACE',''
  ) );
#2332 = FACE_BOUND('',#2333,.T.);
#2333 = EDGE_LOOP('',(#2334));
#2334 = ORIENTED_EDGE('',*,*,#2335,.T.);
#2335 = EDGE_CURVE('',#2336,#2336,#2338,.T.);
#2336 = VERTEX_POINT('',#2337);
#2337 = CARTESIAN_POINT('',(344.25,145.5,3.));
#2338 = SURFACE_CURVE('',#2339,(#2344,#2355),.PCURVE_S1.);
#2339 = CIRCLE('',#2340,1.25);
#2340 = AXIS2_PLACEMENT_3D('',#2341,#2342,#2343);
#2341 = CARTESIAN_POINT('',(345.5,145.5,3.));
#2342 = DIRECTION('',(0.,0.,-1.));
#2343 = DIRECTION('',(-1.,0.,0.));
#2344 = PCURVE('',#44,#2345);
#2345 = DEFINITIONAL_REPRESENTATION('',(#2346),#2354);
#2346 = ( BOUNDED_CURVE() B_SPLINE_CURVE(2,(#2347,#2348,#2349,#2350,
#2351,#2352,#2353),.UNSPECIFIED.,.T.,.F.) B_SPLINE_CURVE_WITH_KNOTS((1,2
    ,2,2,2,1),(-2.094395102393,0.,2.094395102393,4.188790204786,
6.28318530718,8.377580409573),.UNSPECIFIED.) CURVE() 
GEOMETRIC_REPRESENTATION_ITEM() RATIONAL_B_SPLINE_CURVE((1.,0.5,1.,0.5,
1.,0.5,1.)) REPRESENTATION_ITEM('') );
#2347 = CARTESIAN_POINT('',(364.25,165.5));
#2348 = CARTESIAN_POINT('',(364.25,167.66506350946));
#2349 = CARTESIAN_POINT('',(366.125,166.58253175473));
#2350 = CARTESIAN_POINT('',(368.,165.5));
#2351 = CARTESIAN_POINT('',(366.125,164.41746824526));
#2352 = CARTESIAN_POINT('',(364.25,163.33493649053));
#2353 = CARTESIAN_POINT('',(364.25,165.5));
#2354 = ( GEOMETRIC_REPRESENTATION_CONTEXT(2) 
PARAMETRIC_REPRESENTATION_CONTEXT() REPRESENTATION_CONTEXT('2D SPACE',''
  ) );
#2355 = PCURVE('',#2356,#2361);
#2356 = CYLINDRICAL_SURFACE('',#2357,1.25);
#2357 = AXIS2_PLACEMENT_3D('',#2358,#2359,#2360);
#2358 = CARTESIAN_POINT('',(345.5,145.5,3.));
#2359 = DIRECTION('',(0.,0.,-1.));
#2360 = DIRECTION('',(-1.,0.,0.));
#2361 = DEFINITIONAL_REPRESENTATION('',(#2362),#2366);
#2362 = LINE('',#2363,#2364);
#2363 = CARTESIAN_POINT('',(0.,0.));
#2364 = VECTOR('',#2365,1.);
#2365 = DIRECTION('',(1.,0.));
#2366 = ( GEOMETRIC_REPRESENTATION_CONTEXT(2) 
PARAMETRIC_REPRESENTATION_CONTEXT() REPRESENTATION_CONTEXT('2D SPACE',''
  ) );
#2367 = FACE_BOUND('',#2368,.T.);
#2368 = EDGE_LOOP('',(#2369));
#2369 = ORIENTED_EDGE('',*,*,#2370,.T.);
#2370 = EDGE_CURVE('',#2371,#2371,#2373,.T.);
#2371 = VERTEX_POINT('',#2372);
#2372 = CARTESIAN_POINT('',(353.25,104.5,3.));
#2373 = SURFACE_CURVE('',#2374,(#2379,#2390),.PCURVE_S1.);
#2374 = CIRCLE('',#2375,1.25);
#2375 = AXIS2_PLACEMENT_3D('',#2376,#2377,#2378);
#2376 = CARTESIAN_POINT('',(354.5,104.5,3.));
#2377 = DIRECTION('',(0.,0.,-1.));
#2378 = DIRECTION('',(-1.,0.,0.));
#2379 = PCURVE('',#44,#2380);
#2380 = DEFINITIONAL_REPRESENTATION('',(#2381),#2389);
#2381 = ( BOUNDED_CURVE() B_SPLINE_CURVE(2,(#2382,#2383,#2384,#2385,
#2386,#2387,#2388),.UNSPECIFIED.,.T.,.F.) B_SPLINE_CURVE_WITH_KNOTS((1,2
    ,2,2,2,1),(-2.094395102393,0.,2.094395102393,4.188790204786,
6.28318530718,8.377580409573),.UNSPECIFIED.) CURVE() 
GEOMETRIC_REPRESENTATION_ITEM() RATIONAL_B_SPLINE_CURVE((1.,0.5,1.,0.5,
1.,0.5,1.)) REPRESENTATION_ITEM('') );
#2382 = CARTESIAN_POINT('',(373.25,124.5));
#2383 = CARTESIAN_POINT('',(373.25,126.66506350946));
#2384 = CARTESIAN_POINT('',(375.125,125.58253175473));
#2385 = CARTESIAN_POINT('',(377.,124.5));
#2386 = CARTESIAN_POINT('',(375.125,123.41746824526));
#2387 = CARTESIAN_POINT('',(373.25,122.33493649053));
#2388 = CARTESIAN_POINT('',(373.25,124.5));
#2389 = ( GEOMETRIC_REPRESENTATION_CONTEXT(2) 
PARAMETRIC_REPRESENTATION_CONTEXT() REPRESENTATION_CONTEXT('2D SPACE',''
  ) );
#2390 = PCURVE('',#2391,#2396);
#2391 = CYLINDRICAL_SURFACE('',#2392,1.25);
#2392 = AXIS2_PLACEMENT_3D('',#2393,#2394,#2395);
#2393 = CARTESIAN_POINT('',(354.5,104.5,3.));
#2394 = DIRECTION('',(0.,0.,-1.));
#2395 = DIRECTION('',(-1.,0.,0.));
#2396 = DEFINITIONAL_REPRESENTATION('',(#2397),#2401);
#2397 = LINE('',#2398,#2399);
#2398 = CARTESIAN_POINT('',(0.,0.));
#2399 = VECTOR('',#2400,1.);
#2400 = DIRECTION('',(1.,0.));
#2401 = ( GEOMETRIC_REPRESENTATION_CONTEXT(2) 
PARAMETRIC_REPRESENTATION_CONTEXT() REPRESENTATION_CONTEXT('2D SPACE',''
  ) );
#2402 = FACE_BOUND('',#2403,.T.);
#2403 = EDGE_LOOP('',(#2404));
#2404 = ORIENTED_EDGE('',*,*,#2405,.T.);
#2405 = EDGE_CURVE('',#2406,#2406,#2408,.T.);
#2406 = VERTEX_POINT('',#2407);
#2407 = CARTESIAN_POINT('',(394.25,145.5,3.));
#2408 = SURFACE_CURVE('',#2409,(#2414,#2425),.PCURVE_S1.);
#2409 = CIRCLE('',#2410,1.25);
#2410 = AXIS2_PLACEMENT_3D('',#2411,#2412,#2413);
#2411 = CARTESIAN_POINT('',(395.5,145.5,3.));
#2412 = DIRECTION('',(0.,0.,-1.));
#2413 = DIRECTION('',(-1.,0.,0.));
#2414 = PCURVE('',#44,#2415);
#2415 = DEFINITIONAL_REPRESENTATION('',(#2416),#2424);
#2416 = ( BOUNDED_CURVE() B_SPLINE_CURVE(2,(#2417,#2418,#2419,#2420,
#2421,#2422,#2423),.UNSPECIFIED.,.T.,.F.) B_SPLINE_CURVE_WITH_KNOTS((1,2
    ,2,2,2,1),(-2.094395102393,0.,2.094395102393,4.188790204786,
6.28318530718,8.377580409573),.UNSPECIFIED.) CURVE() 
GEOMETRIC_REPRESENTATION_ITEM() RATIONAL_B_SPLINE_CURVE((1.,0.5,1.,0.5,
1.,0.5,1.)) REPRESENTATION_ITEM('') );
#2417 = CARTESIAN_POINT('',(414.25,165.5));
#2418 = CARTESIAN_POINT('',(414.25,167.66506350946));
#2419 = CARTESIAN_POINT('',(416.125,166.58253175473));
#2420 = CARTESIAN_POINT('',(418.,165.5));
#2421 = CARTESIAN_POINT('',(416.125,164.41746824526));
#2422 = CARTESIAN_POINT('',(414.25,163.33493649053));
#2423 = CARTESIAN_POINT('',(414.25,165.5));
#2424 = ( GEOMETRIC_REPRESENTATION_CONTEXT(2) 
PARAMETRIC_REPRESENTATION_CONTEXT() REPRESENTATION_CONTEXT('2D SPACE',''
  ) );
#2425 = PCURVE('',#2426,#2431);
#2426 = CYLINDRICAL_SURFACE('',#2427,1.25);
#2427 = AXIS2_PLACEMENT_3D('',#2428,#2429,#2430);
#2428 = CARTESIAN_POINT('',(395.5,145.5,3.));
#2429 = DIRECTION('',(0.,0.,-1.));
#2430 = DIRECTION('',(-1.,0.,0.));
#2431 = DEFINITIONAL_REPRESENTATION('',(#2432),#2436);
#2432 = LINE('',#2433,#2434);
#2433 = CARTESIAN_POINT('',(0.,0.));
#2434 = VECTOR('',#2435,1.);
#2435 = DIRECTION('',(1.,0.));
#2436 = ( GEOMETRIC_REPRESENTATION_CONTEXT(2) 
PARAMETRIC_REPRESENTATION_CONTEXT() REPRESENTATION_CONTEXT('2D SPACE',''
  ) );
#2437 = FACE_BOUND('',#2438,.T.);
#2438 = EDGE_LOOP('',(#2439));
#2439 = ORIENTED_EDGE('',*,*,#2440,.T.);
#2440 = EDGE_CURVE('',#2441,#2441,#2443,.T.);
#2441 = VERTEX_POINT('',#2442);
#2442 = CARTESIAN_POINT('',(303.25,154.5,3.));
#2443 = SURFACE_CURVE('',#2444,(#2449,#2460),.PCURVE_S1.);
#2444 = CIRCLE('',#2445,1.25);
#2445 = AXIS2_PLACEMENT_3D('',#2446,#2447,#2448);
#2446 = CARTESIAN_POINT('',(304.5,154.5,3.));
#2447 = DIRECTION('',(0.,0.,-1.));
#2448 = DIRECTION('',(-1.,0.,0.));
#2449 = PCURVE('',#44,#2450);
#2450 = DEFINITIONAL_REPRESENTATION('',(#2451),#2459);
#2451 = ( BOUNDED_CURVE() B_SPLINE_CURVE(2,(#2452,#2453,#2454,#2455,
#2456,#2457,#2458),.UNSPECIFIED.,.T.,.F.) B_SPLINE_CURVE_WITH_KNOTS((1,2
    ,2,2,2,1),(-2.094395102393,0.,2.094395102393,4.188790204786,
6.28318530718,8.377580409573),.UNSPECIFIED.) CURVE() 
GEOMETRIC_REPRESENTATION_ITEM() RATIONAL_B_SPLINE_CURVE((1.,0.5,1.,0.5,
1.,0.5,1.)) REPRESENTATION_ITEM('') );
#2452 = CARTESIAN_POINT('',(323.25,174.5));
#2453 = CARTESIAN_POINT('',(323.25,176.66506350946));
#2454 = CARTESIAN_POINT('',(325.125,175.58253175473));
#2455 = CARTESIAN_POINT('',(327.,174.5));
#2456 = CARTESIAN_POINT('',(325.125,173.41746824526));
#2457 = CARTESIAN_POINT('',(323.25,172.33493649053));
#2458 = CARTESIAN_POINT('',(323.25,174.5));
#2459 = ( GEOMETRIC_REPRESENTATION_CONTEXT(2) 
PARAMETRIC_REPRESENTATION_CONTEXT() REPRESENTATION_CONTEXT('2D SPACE',''
  ) );
#2460 = PCURVE('',#2461,#2466);
#2461 = CYLINDRICAL_SURFACE('',#2462,1.25);
#2462 = AXIS2_PLACEMENT_3D('',#2463,#2464,#2465);
#2463 = CARTESIAN_POINT('',(304.5,154.5,3.));
#2464 = DIRECTION('',(0.,0.,-1.));
#2465 = DIRECTION('',(-1.,0.,0.));
#2466 = DEFINITIONAL_REPRESENTATION('',(#2467),#2471);
#2467 = LINE('',#2468,#2469);
#2468 = CARTESIAN_POINT('',(0.,0.));
#2469 = VECTOR('',#2470,1.);
#2470 = DIRECTION('',(1.,0.));
#2471 = ( GEOMETRIC_REPRESENTATION_CONTEXT(2) 
PARAMETRIC_REPRESENTATION_CONTEXT() REPRESENTATION_CONTEXT('2D SPACE',''
  ) );
#2472 = FACE_BOUND('',#2473,.T.);
#2473 = EDGE_LOOP('',(#2474));
#2474 = ORIENTED_EDGE('',*,*,#2475,.T.);
#2475 = EDGE_CURVE('',#2476,#2476,#2478,.T.);
#2476 = VERTEX_POINT('',#2477);
#2477 = CARTESIAN_POINT('',(344.25,195.5,3.));
#2478 = SURFACE_CURVE('',#2479,(#2484,#2495),.PCURVE_S1.);
#2479 = CIRCLE('',#2480,1.25);
#2480 = AXIS2_PLACEMENT_3D('',#2481,#2482,#2483);
#2481 = CARTESIAN_POINT('',(345.5,195.5,3.));
#2482 = DIRECTION('',(0.,0.,-1.));
#2483 = DIRECTION('',(-1.,0.,0.));
#2484 = PCURVE('',#44,#2485);
#2485 = DEFINITIONAL_REPRESENTATION('',(#2486),#2494);
#2486 = ( BOUNDED_CURVE() B_SPLINE_CURVE(2,(#2487,#2488,#2489,#2490,
#2491,#2492,#2493),.UNSPECIFIED.,.T.,.F.) B_SPLINE_CURVE_WITH_KNOTS((1,2
    ,2,2,2,1),(-2.094395102393,0.,2.094395102393,4.188790204786,
6.28318530718,8.377580409573),.UNSPECIFIED.) CURVE() 
GEOMETRIC_REPRESENTATION_ITEM() RATIONAL_B_SPLINE_CURVE((1.,0.5,1.,0.5,
1.,0.5,1.)) REPRESENTATION_ITEM('') );
#2487 = CARTESIAN_POINT('',(364.25,215.5));
#2488 = CARTESIAN_POINT('',(364.25,217.66506350946));
#2489 = CARTESIAN_POINT('',(366.125,216.58253175473));
#2490 = CARTESIAN_POINT('',(368.,215.5));
#2491 = CARTESIAN_POINT('',(366.125,214.41746824526));
#2492 = CARTESIAN_POINT('',(364.25,213.33493649053));
#2493 = CARTESIAN_POINT('',(364.25,215.5));
#2494 = ( GEOMETRIC_REPRESENTATION_CONTEXT(2) 
PARAMETRIC_REPRESENTATION_CONTEXT() REPRESENTATION_CONTEXT('2D SPACE',''
  ) );
#2495 = PCURVE('',#2496,#2501);
#2496 = CYLINDRICAL_SURFACE('',#2497,1.25);
#2497 = AXIS2_PLACEMENT_3D('',#2498,#2499,#2500);
#2498 = CARTESIAN_POINT('',(345.5,195.5,3.));
#2499 = DIRECTION('',(0.,0.,-1.));
#2500 = DIRECTION('',(-1.,0.,0.));
#2501 = DEFINITIONAL_REPRESENTATION('',(#2502),#2506);
#2502 = LINE('',#2503,#2504);
#2503 = CARTESIAN_POINT('',(0.,0.));
#2504 = VECTOR('',#2505,1.);
#2505 = DIRECTION('',(1.,0.));
#2506 = ( GEOMETRIC_REPRESENTATION_CONTEXT(2) 
PARAMETRIC_REPRESENTATION_CONTEXT() REPRESENTATION_CONTEXT('2D SPACE',''
  ) );
#2507 = FACE_BOUND('',#2508,.T.);
#2508 = EDGE_LOOP('',(#2509));
#2509 = ORIENTED_EDGE('',*,*,#2510,.T.);
#2510 = EDGE_CURVE('',#2511,#2511,#2513,.T.);
#2511 = VERTEX_POINT('',#2512);
#2512 = CARTESIAN_POINT('',(353.25,154.5,3.));
#2513 = SURFACE_CURVE('',#2514,(#2519,#2530),.PCURVE_S1.);
#2514 = CIRCLE('',#2515,1.25);
#2515 = AXIS2_PLACEMENT_3D('',#2516,#2517,#2518);
#2516 = CARTESIAN_POINT('',(354.5,154.5,3.));
#2517 = DIRECTION('',(0.,0.,-1.));
#2518 = DIRECTION('',(-1.,0.,0.));
#2519 = PCURVE('',#44,#2520);
#2520 = DEFINITIONAL_REPRESENTATION('',(#2521),#2529);
#2521 = ( BOUNDED_CURVE() B_SPLINE_CURVE(2,(#2522,#2523,#2524,#2525,
#2526,#2527,#2528),.UNSPECIFIED.,.T.,.F.) B_SPLINE_CURVE_WITH_KNOTS((1,2
    ,2,2,2,1),(-2.094395102393,0.,2.094395102393,4.188790204786,
6.28318530718,8.377580409573),.UNSPECIFIED.) CURVE() 
GEOMETRIC_REPRESENTATION_ITEM() RATIONAL_B_SPLINE_CURVE((1.,0.5,1.,0.5,
1.,0.5,1.)) REPRESENTATION_ITEM('') );
#2522 = CARTESIAN_POINT('',(373.25,174.5));
#2523 = CARTESIAN_POINT('',(373.25,176.66506350946));
#2524 = CARTESIAN_POINT('',(375.125,175.58253175473));
#2525 = CARTESIAN_POINT('',(377.,174.5));
#2526 = CARTESIAN_POINT('',(375.125,173.41746824526));
#2527 = CARTESIAN_POINT('',(373.25,172.33493649053));
#2528 = CARTESIAN_POINT('',(373.25,174.5));
#2529 = ( GEOMETRIC_REPRESENTATION_CONTEXT(2) 
PARAMETRIC_REPRESENTATION_CONTEXT() REPRESENTATION_CONTEXT('2D SPACE',''
  ) );
#2530 = PCURVE('',#2531,#2536);
#2531 = CYLINDRICAL_SURFACE('',#2532,1.25);
#2532 = AXIS2_PLACEMENT_3D('',#2533,#2534,#2535);
#2533 = CARTESIAN_POINT('',(354.5,154.5,3.));
#2534 = DIRECTION('',(0.,0.,-1.));
#2535 = DIRECTION('',(-1.,0.,0.));
#2536 = DEFINITIONAL_REPRESENTATION('',(#2537),#2541);
#2537 = LINE('',#2538,#2539);
#2538 = CARTESIAN_POINT('',(0.,0.));
#2539 = VECTOR('',#2540,1.);
#2540 = DIRECTION('',(1.,0.));
#2541 = ( GEOMETRIC_REPRESENTATION_CONTEXT(2) 
PARAMETRIC_REPRESENTATION_CONTEXT() REPRESENTATION_CONTEXT('2D SPACE',''
  ) );
#2542 = FACE_BOUND('',#2543,.T.);
#2543 = EDGE_LOOP('',(#2544));
#2544 = ORIENTED_EDGE('',*,*,#2545,.T.);
#2545 = EDGE_CURVE('',#2546,#2546,#2548,.T.);
#2546 = VERTEX_POINT('',#2547);
#2547 = CARTESIAN_POINT('',(394.25,195.5,3.));
#2548 = SURFACE_CURVE('',#2549,(#2554,#2565),.PCURVE_S1.);
#2549 = CIRCLE('',#2550,1.25);
#2550 = AXIS2_PLACEMENT_3D('',#2551,#2552,#2553);
#2551 = CARTESIAN_POINT('',(395.5,195.5,3.));
#2552 = DIRECTION('',(0.,0.,-1.));
#2553 = DIRECTION('',(-1.,0.,0.));
#2554 = PCURVE('',#44,#2555);
#2555 = DEFINITIONAL_REPRESENTATION('',(#2556),#2564);
#2556 = ( BOUNDED_CURVE() B_SPLINE_CURVE(2,(#2557,#2558,#2559,#2560,
#2561,#2562,#2563),.UNSPECIFIED.,.T.,.F.) B_SPLINE_CURVE_WITH_KNOTS((1,2
    ,2,2,2,1),(-2.094395102393,0.,2.094395102393,4.188790204786,
6.28318530718,8.377580409573),.UNSPECIFIED.) CURVE() 
GEOMETRIC_REPRESENTATION_ITEM() RATIONAL_B_SPLINE_CURVE((1.,0.5,1.,0.5,
1.,0.5,1.)) REPRESENTATION_ITEM('') );
#2557 = CARTESIAN_POINT('',(414.25,215.5));
#2558 = CARTESIAN_POINT('',(414.25,217.66506350946));
#2559 = CARTESIAN_POINT('',(416.125,216.58253175473));
#2560 = CARTESIAN_POINT('',(418.,215.5));
#2561 = CARTESIAN_POINT('',(416.125,214.41746824526));
#2562 = CARTESIAN_POINT('',(414.25,213.33493649053));
#2563 = CARTESIAN_POINT('',(414.25,215.5));
#2564 = ( GEOMETRIC_REPRESENTATION_CONTEXT(2) 
PARAMETRIC_REPRESENTATION_CONTEXT() REPRESENTATION_CONTEXT('2D SPACE',''
  ) );
#2565 = PCURVE('',#2566,#2571);
#2566 = CYLINDRICAL_SURFACE('',#2567,1.25);
#2567 = AXIS2_PLACEMENT_3D('',#2568,#2569,#2570);
#2568 = CARTESIAN_POINT('',(395.5,195.5,3.));
#2569 = DIRECTION('',(0.,0.,-1.));
#2570 = DIRECTION('',(-1.,0.,0.));
#2571 = DEFINITIONAL_REPRESENTATION('',(#2572),#2576);
#2572 = LINE('',#2573,#2574);
#2573 = CARTESIAN_POINT('',(0.,0.));
#2574 = VECTOR('',#2575,1.);
#2575 = DIRECTION('',(1.,0.));
#2576 = ( GEOMETRIC_REPRESENTATION_CONTEXT(2) 
PARAMETRIC_REPRESENTATION_CONTEXT() REPRESENTATION_CONTEXT('2D SPACE',''
  ) );
#2577 = FACE_BOUND('',#2578,.T.);
#2578 = EDGE_LOOP('',(#2579));
#2579 = ORIENTED_EDGE('',*,*,#2580,.T.);
#2580 = EDGE_CURVE('',#2581,#2581,#2583,.T.);
#2581 = VERTEX_POINT('',#2582);
#2582 = CARTESIAN_POINT('',(3.25,204.5,3.));
#2583 = SURFACE_CURVE('',#2584,(#2589,#2600),.PCURVE_S1.);
#2584 = CIRCLE('',#2585,1.25);
#2585 = AXIS2_PLACEMENT_3D('',#2586,#2587,#2588);
#2586 = CARTESIAN_POINT('',(4.5,204.5,3.));
#2587 = DIRECTION('',(0.,0.,-1.));
#2588 = DIRECTION('',(-1.,0.,0.));
#2589 = PCURVE('',#44,#2590);
#2590 = DEFINITIONAL_REPRESENTATION('',(#2591),#2599);
#2591 = ( BOUNDED_CURVE() B_SPLINE_CURVE(2,(#2592,#2593,#2594,#2595,
#2596,#2597,#2598),.UNSPECIFIED.,.T.,.F.) B_SPLINE_CURVE_WITH_KNOTS((1,2
    ,2,2,2,1),(-2.094395102393,0.,2.094395102393,4.188790204786,
6.28318530718,8.377580409573),.UNSPECIFIED.) CURVE() 
GEOMETRIC_REPRESENTATION_ITEM() RATIONAL_B_SPLINE_CURVE((1.,0.5,1.,0.5,
1.,0.5,1.)) REPRESENTATION_ITEM('') );
#2592 = CARTESIAN_POINT('',(23.25,224.5));
#2593 = CARTESIAN_POINT('',(23.25,226.66506350946));
#2594 = CARTESIAN_POINT('',(25.125,225.58253175473));
#2595 = CARTESIAN_POINT('',(27.,224.5));
#2596 = CARTESIAN_POINT('',(25.125,223.41746824526));
#2597 = CARTESIAN_POINT('',(23.25,222.33493649053));
#2598 = CARTESIAN_POINT('',(23.25,224.5));
#2599 = ( GEOMETRIC_REPRESENTATION_CONTEXT(2) 
PARAMETRIC_REPRESENTATION_CONTEXT() REPRESENTATION_CONTEXT('2D SPACE',''
  ) );
#2600 = PCURVE('',#2601,#2606);
#2601 = CYLINDRICAL_SURFACE('',#2602,1.25);
#2602 = AXIS2_PLACEMENT_3D('',#2603,#2604,#2605);
#2603 = CARTESIAN_POINT('',(4.5,204.5,3.));
#2604 = DIRECTION('',(0.,0.,-1.));
#2605 = DIRECTION('',(-1.,0.,0.));
#2606 = DEFINITIONAL_REPRESENTATION('',(#2607),#2611);
#2607 = LINE('',#2608,#2609);
#2608 = CARTESIAN_POINT('',(0.,0.));
#2609 = VECTOR('',#2610,1.);
#2610 = DIRECTION('',(1.,0.));
#2611 = ( GEOMETRIC_REPRESENTATION_CONTEXT(2) 
PARAMETRIC_REPRESENTATION_CONTEXT() REPRESENTATION_CONTEXT('2D SPACE',''
  ) );
#2612 = FACE_BOUND('',#2613,.T.);
#2613 = EDGE_LOOP('',(#2614));
#2614 = ORIENTED_EDGE('',*,*,#2615,.T.);
#2615 = EDGE_CURVE('',#2616,#2616,#2618,.T.);
#2616 = VERTEX_POINT('',#2617);
#2617 = CARTESIAN_POINT('',(44.25,245.5,3.));
#2618 = SURFACE_CURVE('',#2619,(#2624,#2635),.PCURVE_S1.);
#2619 = CIRCLE('',#2620,1.25);
#2620 = AXIS2_PLACEMENT_3D('',#2621,#2622,#2623);
#2621 = CARTESIAN_POINT('',(45.5,245.5,3.));
#2622 = DIRECTION('',(0.,0.,-1.));
#2623 = DIRECTION('',(-1.,0.,0.));
#2624 = PCURVE('',#44,#2625);
#2625 = DEFINITIONAL_REPRESENTATION('',(#2626),#2634);
#2626 = ( BOUNDED_CURVE() B_SPLINE_CURVE(2,(#2627,#2628,#2629,#2630,
#2631,#2632,#2633),.UNSPECIFIED.,.T.,.F.) B_SPLINE_CURVE_WITH_KNOTS((1,2
    ,2,2,2,1),(-2.094395102393,0.,2.094395102393,4.188790204786,
6.28318530718,8.377580409573),.UNSPECIFIED.) CURVE() 
GEOMETRIC_REPRESENTATION_ITEM() RATIONAL_B_SPLINE_CURVE((1.,0.5,1.,0.5,
1.,0.5,1.)) REPRESENTATION_ITEM('') );
#2627 = CARTESIAN_POINT('',(64.25,265.5));
#2628 = CARTESIAN_POINT('',(64.25,267.66506350946));
#2629 = CARTESIAN_POINT('',(66.125,266.58253175473));
#2630 = CARTESIAN_POINT('',(68.,265.5));
#2631 = CARTESIAN_POINT('',(66.125,264.41746824526));
#2632 = CARTESIAN_POINT('',(64.25,263.33493649053));
#2633 = CARTESIAN_POINT('',(64.25,265.5));
#2634 = ( GEOMETRIC_REPRESENTATION_CONTEXT(2) 
PARAMETRIC_REPRESENTATION_CONTEXT() REPRESENTATION_CONTEXT('2D SPACE',''
  ) );
#2635 = PCURVE('',#2636,#2641);
#2636 = CYLINDRICAL_SURFACE('',#2637,1.25);
#2637 = AXIS2_PLACEMENT_3D('',#2638,#2639,#2640);
#2638 = CARTESIAN_POINT('',(45.5,245.5,3.));
#2639 = DIRECTION('',(0.,0.,-1.));
#2640 = DIRECTION('',(-1.,0.,0.));
#2641 = DEFINITIONAL_REPRESENTATION('',(#2642),#2646);
#2642 = LINE('',#2643,#2644);
#2643 = CARTESIAN_POINT('',(0.,0.));
#2644 = VECTOR('',#2645,1.);
#2645 = DIRECTION('',(1.,0.));
#2646 = ( GEOMETRIC_REPRESENTATION_CONTEXT(2) 
PARAMETRIC_REPRESENTATION_CONTEXT() REPRESENTATION_CONTEXT('2D SPACE',''
  ) );
#2647 = FACE_BOUND('',#2648,.T.);
#2648 = EDGE_LOOP('',(#2649));
#2649 = ORIENTED_EDGE('',*,*,#2650,.T.);
#2650 = EDGE_CURVE('',#2651,#2651,#2653,.T.);
#2651 = VERTEX_POINT('',#2652);
#2652 = CARTESIAN_POINT('',(53.25,204.5,3.));
#2653 = SURFACE_CURVE('',#2654,(#2659,#2670),.PCURVE_S1.);
#2654 = CIRCLE('',#2655,1.25);
#2655 = AXIS2_PLACEMENT_3D('',#2656,#2657,#2658);
#2656 = CARTESIAN_POINT('',(54.5,204.5,3.));
#2657 = DIRECTION('',(0.,0.,-1.));
#2658 = DIRECTION('',(-1.,0.,0.));
#2659 = PCURVE('',#44,#2660);
#2660 = DEFINITIONAL_REPRESENTATION('',(#2661),#2669);
#2661 = ( BOUNDED_CURVE() B_SPLINE_CURVE(2,(#2662,#2663,#2664,#2665,
#2666,#2667,#2668),.UNSPECIFIED.,.T.,.F.) B_SPLINE_CURVE_WITH_KNOTS((1,2
    ,2,2,2,1),(-2.094395102393,0.,2.094395102393,4.188790204786,
6.28318530718,8.377580409573),.UNSPECIFIED.) CURVE() 
GEOMETRIC_REPRESENTATION_ITEM() RATIONAL_B_SPLINE_CURVE((1.,0.5,1.,0.5,
1.,0.5,1.)) REPRESENTATION_ITEM('') );
#2662 = CARTESIAN_POINT('',(73.25,224.5));
#2663 = CARTESIAN_POINT('',(73.25,226.66506350946));
#2664 = CARTESIAN_POINT('',(75.125,225.58253175473));
#2665 = CARTESIAN_POINT('',(77.,224.5));
#2666 = CARTESIAN_POINT('',(75.125,223.41746824526));
#2667 = CARTESIAN_POINT('',(73.25,222.33493649053));
#2668 = CARTESIAN_POINT('',(73.25,224.5));
#2669 = ( GEOMETRIC_REPRESENTATION_CONTEXT(2) 
PARAMETRIC_REPRESENTATION_CONTEXT() REPRESENTATION_CONTEXT('2D SPACE',''
  ) );
#2670 = PCURVE('',#2671,#2676);
#2671 = CYLINDRICAL_SURFACE('',#2672,1.25);
#2672 = AXIS2_PLACEMENT_3D('',#2673,#2674,#2675);
#2673 = CARTESIAN_POINT('',(54.5,204.5,3.));
#2674 = DIRECTION('',(0.,0.,-1.));
#2675 = DIRECTION('',(-1.,0.,0.));
#2676 = DEFINITIONAL_REPRESENTATION('',(#2677),#2681);
#2677 = LINE('',#2678,#2679);
#2678 = CARTESIAN_POINT('',(0.,0.));
#2679 = VECTOR('',#2680,1.);
#2680 = DIRECTION('',(1.,0.));
#2681 = ( GEOMETRIC_REPRESENTATION_CONTEXT(2) 
PARAMETRIC_REPRESENTATION_CONTEXT() REPRESENTATION_CONTEXT('2D SPACE',''
  ) );
#2682 = FACE_BOUND('',#2683,.T.);
#2683 = EDGE_LOOP('',(#2684));
#2684 = ORIENTED_EDGE('',*,*,#2685,.T.);
#2685 = EDGE_CURVE('',#2686,#2686,#2688,.T.);
#2686 = VERTEX_POINT('',#2687);
#2687 = CARTESIAN_POINT('',(94.25,245.5,3.));
#2688 = SURFACE_CURVE('',#2689,(#2694,#2705),.PCURVE_S1.);
#2689 = CIRCLE('',#2690,1.25);
#2690 = AXIS2_PLACEMENT_3D('',#2691,#2692,#2693);
#2691 = CARTESIAN_POINT('',(95.5,245.5,3.));
#2692 = DIRECTION('',(0.,0.,-1.));
#2693 = DIRECTION('',(-1.,0.,0.));
#2694 = PCURVE('',#44,#2695);
#2695 = DEFINITIONAL_REPRESENTATION('',(#2696),#2704);
#2696 = ( BOUNDED_CURVE() B_SPLINE_CURVE(2,(#2697,#2698,#2699,#2700,
#2701,#2702,#2703),.UNSPECIFIED.,.T.,.F.) B_SPLINE_CURVE_WITH_KNOTS((1,2
    ,2,2,2,1),(-2.094395102393,0.,2.094395102393,4.188790204786,
6.28318530718,8.377580409573),.UNSPECIFIED.) CURVE() 
GEOMETRIC_REPRESENTATION_ITEM() RATIONAL_B_SPLINE_CURVE((1.,0.5,1.,0.5,
1.,0.5,1.)) REPRESENTATION_ITEM('') );
#2697 = CARTESIAN_POINT('',(114.25,265.5));
#2698 = CARTESIAN_POINT('',(114.25,267.66506350946));
#2699 = CARTESIAN_POINT('',(116.125,266.58253175473));
#2700 = CARTESIAN_POINT('',(118.,265.5));
#2701 = CARTESIAN_POINT('',(116.125,264.41746824526));
#2702 = CARTESIAN_POINT('',(114.25,263.33493649053));
#2703 = CARTESIAN_POINT('',(114.25,265.5));
#2704 = ( GEOMETRIC_REPRESENTATION_CONTEXT(2) 
PARAMETRIC_REPRESENTATION_CONTEXT() REPRESENTATION_CONTEXT('2D SPACE',''
  ) );
#2705 = PCURVE('',#2706,#2711);
#2706 = CYLINDRICAL_SURFACE('',#2707,1.25);
#2707 = AXIS2_PLACEMENT_3D('',#2708,#2709,#2710);
#2708 = CARTESIAN_POINT('',(95.5,245.5,3.));
#2709 = DIRECTION('',(0.,0.,-1.));
#2710 = DIRECTION('',(-1.,0.,0.));
#2711 = DEFINITIONAL_REPRESENTATION('',(#2712),#2716);
#2712 = LINE('',#2713,#2714);
#2713 = CARTESIAN_POINT('',(0.,0.));
#2714 = VECTOR('',#2715,1.);
#2715 = DIRECTION('',(1.,0.));
#2716 = ( GEOMETRIC_REPRESENTATION_CONTEXT(2) 
PARAMETRIC_REPRESENTATION_CONTEXT() REPRESENTATION_CONTEXT('2D SPACE',''
  ) );
#2717 = FACE_BOUND('',#2718,.T.);
#2718 = EDGE_LOOP('',(#2719));
#2719 = ORIENTED_EDGE('',*,*,#2720,.T.);
#2720 = EDGE_CURVE('',#2721,#2721,#2723,.T.);
#2721 = VERTEX_POINT('',#2722);
#2722 = CARTESIAN_POINT('',(3.25,254.5,3.));
#2723 = SURFACE_CURVE('',#2724,(#2729,#2740),.PCURVE_S1.);
#2724 = CIRCLE('',#2725,1.25);
#2725 = AXIS2_PLACEMENT_3D('',#2726,#2727,#2728);
#2726 = CARTESIAN_POINT('',(4.5,254.5,3.));
#2727 = DIRECTION('',(0.,0.,-1.));
#2728 = DIRECTION('',(-1.,0.,0.));
#2729 = PCURVE('',#44,#2730);
#2730 = DEFINITIONAL_REPRESENTATION('',(#2731),#2739);
#2731 = ( BOUNDED_CURVE() B_SPLINE_CURVE(2,(#2732,#2733,#2734,#2735,
#2736,#2737,#2738),.UNSPECIFIED.,.T.,.F.) B_SPLINE_CURVE_WITH_KNOTS((1,2
    ,2,2,2,1),(-2.094395102393,0.,2.094395102393,4.188790204786,
6.28318530718,8.377580409573),.UNSPECIFIED.) CURVE() 
GEOMETRIC_REPRESENTATION_ITEM() RATIONAL_B_SPLINE_CURVE((1.,0.5,1.,0.5,
1.,0.5,1.)) REPRESENTATION_ITEM('') );
#2732 = CARTESIAN_POINT('',(23.25,274.5));
#2733 = CARTESIAN_POINT('',(23.25,276.66506350946));
#2734 = CARTESIAN_POINT('',(25.125,275.58253175473));
#2735 = CARTESIAN_POINT('',(27.,274.5));
#2736 = CARTESIAN_POINT('',(25.125,273.41746824526));
#2737 = CARTESIAN_POINT('',(23.25,272.33493649053));
#2738 = CARTESIAN_POINT('',(23.25,274.5));
#2739 = ( GEOMETRIC_REPRESENTATION_CONTEXT(2) 
PARAMETRIC_REPRESENTATION_CONTEXT() REPRESENTATION_CONTEXT('2D SPACE',''
  ) );
#2740 = PCURVE('',#2741,#2746);
#2741 = CYLINDRICAL_SURFACE('',#2742,1.25);
#2742 = AXIS2_PLACEMENT_3D('',#2743,#2744,#2745);
#2743 = CARTESIAN_POINT('',(4.5,254.5,3.));
#2744 = DIRECTION('',(0.,0.,-1.));
#2745 = DIRECTION('',(-1.,0.,0.));
#2746 = DEFINITIONAL_REPRESENTATION('',(#2747),#2751);
#2747 = LINE('',#2748,#2749);
#2748 = CARTESIAN_POINT('',(0.,0.));
#2749 = VECTOR('',#2750,1.);
#2750 = DIRECTION('',(1.,0.));
#2751 = ( GEOMETRIC_REPRESENTATION_CONTEXT(2) 
PARAMETRIC_REPRESENTATION_CONTEXT() REPRESENTATION_CONTEXT('2D SPACE',''
  ) );
#2752 = FACE_BOUND('',#2753,.T.);
#2753 = EDGE_LOOP('',(#2754));
#2754 = ORIENTED_EDGE('',*,*,#2755,.T.);
#2755 = EDGE_CURVE('',#2756,#2756,#2758,.T.);
#2756 = VERTEX_POINT('',#2757);
#2757 = CARTESIAN_POINT('',(44.25,295.5,3.));
#2758 = SURFACE_CURVE('',#2759,(#2764,#2775),.PCURVE_S1.);
#2759 = CIRCLE('',#2760,1.25);
#2760 = AXIS2_PLACEMENT_3D('',#2761,#2762,#2763);
#2761 = CARTESIAN_POINT('',(45.5,295.5,3.));
#2762 = DIRECTION('',(0.,0.,-1.));
#2763 = DIRECTION('',(-1.,0.,0.));
#2764 = PCURVE('',#44,#2765);
#2765 = DEFINITIONAL_REPRESENTATION('',(#2766),#2774);
#2766 = ( BOUNDED_CURVE() B_SPLINE_CURVE(2,(#2767,#2768,#2769,#2770,
#2771,#2772,#2773),.UNSPECIFIED.,.T.,.F.) B_SPLINE_CURVE_WITH_KNOTS((1,2
    ,2,2,2,1),(-2.094395102393,0.,2.094395102393,4.188790204786,
6.28318530718,8.377580409573),.UNSPECIFIED.) CURVE() 
GEOMETRIC_REPRESENTATION_ITEM() RATIONAL_B_SPLINE_CURVE((1.,0.5,1.,0.5,
1.,0.5,1.)) REPRESENTATION_ITEM('') );
#2767 = CARTESIAN_POINT('',(64.25,315.5));
#2768 = CARTESIAN_POINT('',(64.25,317.66506350946));
#2769 = CARTESIAN_POINT('',(66.125,316.58253175473));
#2770 = CARTESIAN_POINT('',(68.,315.5));
#2771 = CARTESIAN_POINT('',(66.125,314.41746824526));
#2772 = CARTESIAN_POINT('',(64.25,313.33493649053));
#2773 = CARTESIAN_POINT('',(64.25,315.5));
#2774 = ( GEOMETRIC_REPRESENTATION_CONTEXT(2) 
PARAMETRIC_REPRESENTATION_CONTEXT() REPRESENTATION_CONTEXT('2D SPACE',''
  ) );
#2775 = PCURVE('',#2776,#2781);
#2776 = CYLINDRICAL_SURFACE('',#2777,1.25);
#2777 = AXIS2_PLACEMENT_3D('',#2778,#2779,#2780);
#2778 = CARTESIAN_POINT('',(45.5,295.5,3.));
#2779 = DIRECTION('',(0.,0.,-1.));
#2780 = DIRECTION('',(-1.,0.,0.));
#2781 = DEFINITIONAL_REPRESENTATION('',(#2782),#2786);
#2782 = LINE('',#2783,#2784);
#2783 = CARTESIAN_POINT('',(0.,0.));
#2784 = VECTOR('',#2785,1.);
#2785 = DIRECTION('',(1.,0.));
#2786 = ( GEOMETRIC_REPRESENTATION_CONTEXT(2) 
PARAMETRIC_REPRESENTATION_CONTEXT() REPRESENTATION_CONTEXT('2D SPACE',''
  ) );
#2787 = FACE_BOUND('',#2788,.T.);
#2788 = EDGE_LOOP('',(#2789));
#2789 = ORIENTED_EDGE('',*,*,#2790,.T.);
#2790 = EDGE_CURVE('',#2791,#2791,#2793,.T.);
#2791 = VERTEX_POINT('',#2792);
#2792 = CARTESIAN_POINT('',(53.25,254.5,3.));
#2793 = SURFACE_CURVE('',#2794,(#2799,#2810),.PCURVE_S1.);
#2794 = CIRCLE('',#2795,1.25);
#2795 = AXIS2_PLACEMENT_3D('',#2796,#2797,#2798);
#2796 = CARTESIAN_POINT('',(54.5,254.5,3.));
#2797 = DIRECTION('',(0.,0.,-1.));
#2798 = DIRECTION('',(-1.,0.,0.));
#2799 = PCURVE('',#44,#2800);
#2800 = DEFINITIONAL_REPRESENTATION('',(#2801),#2809);
#2801 = ( BOUNDED_CURVE() B_SPLINE_CURVE(2,(#2802,#2803,#2804,#2805,
#2806,#2807,#2808),.UNSPECIFIED.,.T.,.F.) B_SPLINE_CURVE_WITH_KNOTS((1,2
    ,2,2,2,1),(-2.094395102393,0.,2.094395102393,4.188790204786,
6.28318530718,8.377580409573),.UNSPECIFIED.) CURVE() 
GEOMETRIC_REPRESENTATION_ITEM() RATIONAL_B_SPLINE_CURVE((1.,0.5,1.,0.5,
1.,0.5,1.)) REPRESENTATION_ITEM('') );
#2802 = CARTESIAN_POINT('',(73.25,274.5));
#2803 = CARTESIAN_POINT('',(73.25,276.66506350946));
#2804 = CARTESIAN_POINT('',(75.125,275.58253175473));
#2805 = CARTESIAN_POINT('',(77.,274.5));
#2806 = CARTESIAN_POINT('',(75.125,273.41746824526));
#2807 = CARTESIAN_POINT('',(73.25,272.33493649053));
#2808 = CARTESIAN_POINT('',(73.25,274.5));
#2809 = ( GEOMETRIC_REPRESENTATION_CONTEXT(2) 
PARAMETRIC_REPRESENTATION_CONTEXT() REPRESENTATION_CONTEXT('2D SPACE',''
  ) );
#2810 = PCURVE('',#2811,#2816);
#2811 = CYLINDRICAL_SURFACE('',#2812,1.25);
#2812 = AXIS2_PLACEMENT_3D('',#2813,#2814,#2815);
#2813 = CARTESIAN_POINT('',(54.5,254.5,3.));
#2814 = DIRECTION('',(0.,0.,-1.));
#2815 = DIRECTION('',(-1.,0.,0.));
#2816 = DEFINITIONAL_REPRESENTATION('',(#2817),#2821);
#2817 = LINE('',#2818,#2819);
#2818 = CARTESIAN_POINT('',(0.,0.));
#2819 = VECTOR('',#2820,1.);
#2820 = DIRECTION('',(1.,0.));
#2821 = ( GEOMETRIC_REPRESENTATION_CONTEXT(2) 
PARAMETRIC_REPRESENTATION_CONTEXT() REPRESENTATION_CONTEXT('2D SPACE',''
  ) );
#2822 = FACE_BOUND('',#2823,.T.);
#2823 = EDGE_LOOP('',(#2824));
#2824 = ORIENTED_EDGE('',*,*,#2825,.T.);
#2825 = EDGE_CURVE('',#2826,#2826,#2828,.T.);
#2826 = VERTEX_POINT('',#2827);
#2827 = CARTESIAN_POINT('',(94.25,295.5,3.));
#2828 = SURFACE_CURVE('',#2829,(#2834,#2845),.PCURVE_S1.);
#2829 = CIRCLE('',#2830,1.25);
#2830 = AXIS2_PLACEMENT_3D('',#2831,#2832,#2833);
#2831 = CARTESIAN_POINT('',(95.5,295.5,3.));
#2832 = DIRECTION('',(0.,0.,-1.));
#2833 = DIRECTION('',(-1.,0.,0.));
#2834 = PCURVE('',#44,#2835);
#2835 = DEFINITIONAL_REPRESENTATION('',(#2836),#2844);
#2836 = ( BOUNDED_CURVE() B_SPLINE_CURVE(2,(#2837,#2838,#2839,#2840,
#2841,#2842,#2843),.UNSPECIFIED.,.T.,.F.) B_SPLINE_CURVE_WITH_KNOTS((1,2
    ,2,2,2,1),(-2.094395102393,0.,2.094395102393,4.188790204786,
6.28318530718,8.377580409573),.UNSPECIFIED.) CURVE() 
GEOMETRIC_REPRESENTATION_ITEM() RATIONAL_B_SPLINE_CURVE((1.,0.5,1.,0.5,
1.,0.5,1.)) REPRESENTATION_ITEM('') );
#2837 = CARTESIAN_POINT('',(114.25,315.5));
#2838 = CARTESIAN_POINT('',(114.25,317.66506350946));
#2839 = CARTESIAN_POINT('',(116.125,316.58253175473));
#2840 = CARTESIAN_POINT('',(118.,315.5));
#2841 = CARTESIAN_POINT('',(116.125,314.41746824526));
#2842 = CARTESIAN_POINT('',(114.25,313.33493649053));
#2843 = CARTESIAN_POINT('',(114.25,315.5));
#2844 = ( GEOMETRIC_REPRESENTATION_CONTEXT(2) 
PARAMETRIC_REPRESENTATION_CONTEXT() REPRESENTATION_CONTEXT('2D SPACE',''
  ) );
#2845 = PCURVE('',#2846,#2851);
#2846 = CYLINDRICAL_SURFACE('',#2847,1.25);
#2847 = AXIS2_PLACEMENT_3D('',#2848,#2849,#2850);
#2848 = CARTESIAN_POINT('',(95.5,295.5,3.));
#2849 = DIRECTION('',(0.,0.,-1.));
#2850 = DIRECTION('',(-1.,0.,0.));
#2851 = DEFINITIONAL_REPRESENTATION('',(#2852),#2856);
#2852 = LINE('',#2853,#2854);
#2853 = CARTESIAN_POINT('',(0.,0.));
#2854 = VECTOR('',#2855,1.);
#2855 = DIRECTION('',(1.,0.));
#2856 = ( GEOMETRIC_REPRESENTATION_CONTEXT(2) 
PARAMETRIC_REPRESENTATION_CONTEXT() REPRESENTATION_CONTEXT('2D SPACE',''
  ) );
#2857 = FACE_BOUND('',#2858,.T.);
#2858 = EDGE_LOOP('',(#2859));
#2859 = ORIENTED_EDGE('',*,*,#2860,.T.);
#2860 = EDGE_CURVE('',#2861,#2861,#2863,.T.);
#2861 = VERTEX_POINT('',#2862);
#2862 = CARTESIAN_POINT('',(103.25,204.5,3.));
#2863 = SURFACE_CURVE('',#2864,(#2869,#2880),.PCURVE_S1.);
#2864 = CIRCLE('',#2865,1.25);
#2865 = AXIS2_PLACEMENT_3D('',#2866,#2867,#2868);
#2866 = CARTESIAN_POINT('',(104.5,204.5,3.));
#2867 = DIRECTION('',(0.,0.,-1.));
#2868 = DIRECTION('',(-1.,0.,0.));
#2869 = PCURVE('',#44,#2870);
#2870 = DEFINITIONAL_REPRESENTATION('',(#2871),#2879);
#2871 = ( BOUNDED_CURVE() B_SPLINE_CURVE(2,(#2872,#2873,#2874,#2875,
#2876,#2877,#2878),.UNSPECIFIED.,.T.,.F.) B_SPLINE_CURVE_WITH_KNOTS((1,2
    ,2,2,2,1),(-2.094395102393,0.,2.094395102393,4.188790204786,
6.28318530718,8.377580409573),.UNSPECIFIED.) CURVE() 
GEOMETRIC_REPRESENTATION_ITEM() RATIONAL_B_SPLINE_CURVE((1.,0.5,1.,0.5,
1.,0.5,1.)) REPRESENTATION_ITEM('') );
#2872 = CARTESIAN_POINT('',(123.25,224.5));
#2873 = CARTESIAN_POINT('',(123.25,226.66506350946));
#2874 = CARTESIAN_POINT('',(125.125,225.58253175473));
#2875 = CARTESIAN_POINT('',(127.,224.5));
#2876 = CARTESIAN_POINT('',(125.125,223.41746824526));
#2877 = CARTESIAN_POINT('',(123.25,222.33493649053));
#2878 = CARTESIAN_POINT('',(123.25,224.5));
#2879 = ( GEOMETRIC_REPRESENTATION_CONTEXT(2) 
PARAMETRIC_REPRESENTATION_CONTEXT() REPRESENTATION_CONTEXT('2D SPACE',''
  ) );
#2880 = PCURVE('',#2881,#2886);
#2881 = CYLINDRICAL_SURFACE('',#2882,1.25);
#2882 = AXIS2_PLACEMENT_3D('',#2883,#2884,#2885);
#2883 = CARTESIAN_POINT('',(104.5,204.5,3.));
#2884 = DIRECTION('',(0.,0.,-1.));
#2885 = DIRECTION('',(-1.,0.,0.));
#2886 = DEFINITIONAL_REPRESENTATION('',(#2887),#2891);
#2887 = LINE('',#2888,#2889);
#2888 = CARTESIAN_POINT('',(0.,0.));
#2889 = VECTOR('',#2890,1.);
#2890 = DIRECTION('',(1.,0.));
#2891 = ( GEOMETRIC_REPRESENTATION_CONTEXT(2) 
PARAMETRIC_REPRESENTATION_CONTEXT() REPRESENTATION_CONTEXT('2D SPACE',''
  ) );
#2892 = FACE_BOUND('',#2893,.T.);
#2893 = EDGE_LOOP('',(#2894));
#2894 = ORIENTED_EDGE('',*,*,#2895,.T.);
#2895 = EDGE_CURVE('',#2896,#2896,#2898,.T.);
#2896 = VERTEX_POINT('',#2897);
#2897 = CARTESIAN_POINT('',(144.25,245.5,3.));
#2898 = SURFACE_CURVE('',#2899,(#2904,#2915),.PCURVE_S1.);
#2899 = CIRCLE('',#2900,1.25);
#2900 = AXIS2_PLACEMENT_3D('',#2901,#2902,#2903);
#2901 = CARTESIAN_POINT('',(145.5,245.5,3.));
#2902 = DIRECTION('',(0.,0.,-1.));
#2903 = DIRECTION('',(-1.,0.,0.));
#2904 = PCURVE('',#44,#2905);
#2905 = DEFINITIONAL_REPRESENTATION('',(#2906),#2914);
#2906 = ( BOUNDED_CURVE() B_SPLINE_CURVE(2,(#2907,#2908,#2909,#2910,
#2911,#2912,#2913),.UNSPECIFIED.,.T.,.F.) B_SPLINE_CURVE_WITH_KNOTS((1,2
    ,2,2,2,1),(-2.094395102393,0.,2.094395102393,4.188790204786,
6.28318530718,8.377580409573),.UNSPECIFIED.) CURVE() 
GEOMETRIC_REPRESENTATION_ITEM() RATIONAL_B_SPLINE_CURVE((1.,0.5,1.,0.5,
1.,0.5,1.)) REPRESENTATION_ITEM('') );
#2907 = CARTESIAN_POINT('',(164.25,265.5));
#2908 = CARTESIAN_POINT('',(164.25,267.66506350946));
#2909 = CARTESIAN_POINT('',(166.125,266.58253175473));
#2910 = CARTESIAN_POINT('',(168.,265.5));
#2911 = CARTESIAN_POINT('',(166.125,264.41746824526));
#2912 = CARTESIAN_POINT('',(164.25,263.33493649053));
#2913 = CARTESIAN_POINT('',(164.25,265.5));
#2914 = ( GEOMETRIC_REPRESENTATION_CONTEXT(2) 
PARAMETRIC_REPRESENTATION_CONTEXT() REPRESENTATION_CONTEXT('2D SPACE',''
  ) );
#2915 = PCURVE('',#2916,#2921);
#2916 = CYLINDRICAL_SURFACE('',#2917,1.25);
#2917 = AXIS2_PLACEMENT_3D('',#2918,#2919,#2920);
#2918 = CARTESIAN_POINT('',(145.5,245.5,3.));
#2919 = DIRECTION('',(0.,0.,-1.));
#2920 = DIRECTION('',(-1.,0.,0.));
#2921 = DEFINITIONAL_REPRESENTATION('',(#2922),#2926);
#2922 = LINE('',#2923,#2924);
#2923 = CARTESIAN_POINT('',(0.,0.));
#2924 = VECTOR('',#2925,1.);
#2925 = DIRECTION('',(1.,0.));
#2926 = ( GEOMETRIC_REPRESENTATION_CONTEXT(2) 
PARAMETRIC_REPRESENTATION_CONTEXT() REPRESENTATION_CONTEXT('2D SPACE',''
  ) );
#2927 = FACE_BOUND('',#2928,.T.);
#2928 = EDGE_LOOP('',(#2929));
#2929 = ORIENTED_EDGE('',*,*,#2930,.T.);
#2930 = EDGE_CURVE('',#2931,#2931,#2933,.T.);
#2931 = VERTEX_POINT('',#2932);
#2932 = CARTESIAN_POINT('',(153.25,204.5,3.));
#2933 = SURFACE_CURVE('',#2934,(#2939,#2950),.PCURVE_S1.);
#2934 = CIRCLE('',#2935,1.25);
#2935 = AXIS2_PLACEMENT_3D('',#2936,#2937,#2938);
#2936 = CARTESIAN_POINT('',(154.5,204.5,3.));
#2937 = DIRECTION('',(0.,0.,-1.));
#2938 = DIRECTION('',(-1.,0.,0.));
#2939 = PCURVE('',#44,#2940);
#2940 = DEFINITIONAL_REPRESENTATION('',(#2941),#2949);
#2941 = ( BOUNDED_CURVE() B_SPLINE_CURVE(2,(#2942,#2943,#2944,#2945,
#2946,#2947,#2948),.UNSPECIFIED.,.T.,.F.) B_SPLINE_CURVE_WITH_KNOTS((1,2
    ,2,2,2,1),(-2.094395102393,0.,2.094395102393,4.188790204786,
6.28318530718,8.377580409573),.UNSPECIFIED.) CURVE() 
GEOMETRIC_REPRESENTATION_ITEM() RATIONAL_B_SPLINE_CURVE((1.,0.5,1.,0.5,
1.,0.5,1.)) REPRESENTATION_ITEM('') );
#2942 = CARTESIAN_POINT('',(173.25,224.5));
#2943 = CARTESIAN_POINT('',(173.25,226.66506350946));
#2944 = CARTESIAN_POINT('',(175.125,225.58253175473));
#2945 = CARTESIAN_POINT('',(177.,224.5));
#2946 = CARTESIAN_POINT('',(175.125,223.41746824526));
#2947 = CARTESIAN_POINT('',(173.25,222.33493649053));
#2948 = CARTESIAN_POINT('',(173.25,224.5));
#2949 = ( GEOMETRIC_REPRESENTATION_CONTEXT(2) 
PARAMETRIC_REPRESENTATION_CONTEXT() REPRESENTATION_CONTEXT('2D SPACE',''
  ) );
#2950 = PCURVE('',#2951,#2956);
#2951 = CYLINDRICAL_SURFACE('',#2952,1.25);
#2952 = AXIS2_PLACEMENT_3D('',#2953,#2954,#2955);
#2953 = CARTESIAN_POINT('',(154.5,204.5,3.));
#2954 = DIRECTION('',(0.,0.,-1.));
#2955 = DIRECTION('',(-1.,0.,0.));
#2956 = DEFINITIONAL_REPRESENTATION('',(#2957),#2961);
#2957 = LINE('',#2958,#2959);
#2958 = CARTESIAN_POINT('',(0.,0.));
#2959 = VECTOR('',#2960,1.);
#2960 = DIRECTION('',(1.,0.));
#2961 = ( GEOMETRIC_REPRESENTATION_CONTEXT(2) 
PARAMETRIC_REPRESENTATION_CONTEXT() REPRESENTATION_CONTEXT('2D SPACE',''
  ) );
#2962 = FACE_BOUND('',#2963,.T.);
#2963 = EDGE_LOOP('',(#2964));
#2964 = ORIENTED_EDGE('',*,*,#2965,.T.);
#2965 = EDGE_CURVE('',#2966,#2966,#2968,.T.);
#2966 = VERTEX_POINT('',#2967);
#2967 = CARTESIAN_POINT('',(194.25,245.5,3.));
#2968 = SURFACE_CURVE('',#2969,(#2974,#2985),.PCURVE_S1.);
#2969 = CIRCLE('',#2970,1.25);
#2970 = AXIS2_PLACEMENT_3D('',#2971,#2972,#2973);
#2971 = CARTESIAN_POINT('',(195.5,245.5,3.));
#2972 = DIRECTION('',(0.,0.,-1.));
#2973 = DIRECTION('',(-1.,0.,0.));
#2974 = PCURVE('',#44,#2975);
#2975 = DEFINITIONAL_REPRESENTATION('',(#2976),#2984);
#2976 = ( BOUNDED_CURVE() B_SPLINE_CURVE(2,(#2977,#2978,#2979,#2980,
#2981,#2982,#2983),.UNSPECIFIED.,.T.,.F.) B_SPLINE_CURVE_WITH_KNOTS((1,2
    ,2,2,2,1),(-2.094395102393,0.,2.094395102393,4.188790204786,
6.28318530718,8.377580409573),.UNSPECIFIED.) CURVE() 
GEOMETRIC_REPRESENTATION_ITEM() RATIONAL_B_SPLINE_CURVE((1.,0.5,1.,0.5,
1.,0.5,1.)) REPRESENTATION_ITEM('') );
#2977 = CARTESIAN_POINT('',(214.25,265.5));
#2978 = CARTESIAN_POINT('',(214.25,267.66506350946));
#2979 = CARTESIAN_POINT('',(216.125,266.58253175473));
#2980 = CARTESIAN_POINT('',(218.,265.5));
#2981 = CARTESIAN_POINT('',(216.125,264.41746824526));
#2982 = CARTESIAN_POINT('',(214.25,263.33493649053));
#2983 = CARTESIAN_POINT('',(214.25,265.5));
#2984 = ( GEOMETRIC_REPRESENTATION_CONTEXT(2) 
PARAMETRIC_REPRESENTATION_CONTEXT() REPRESENTATION_CONTEXT('2D SPACE',''
  ) );
#2985 = PCURVE('',#2986,#2991);
#2986 = CYLINDRICAL_SURFACE('',#2987,1.25);
#2987 = AXIS2_PLACEMENT_3D('',#2988,#2989,#2990);
#2988 = CARTESIAN_POINT('',(195.5,245.5,3.));
#2989 = DIRECTION('',(0.,0.,-1.));
#2990 = DIRECTION('',(-1.,0.,0.));
#2991 = DEFINITIONAL_REPRESENTATION('',(#2992),#2996);
#2992 = LINE('',#2993,#2994);
#2993 = CARTESIAN_POINT('',(0.,0.));
#2994 = VECTOR('',#2995,1.);
#2995 = DIRECTION('',(1.,0.));
#2996 = ( GEOMETRIC_REPRESENTATION_CONTEXT(2) 
PARAMETRIC_REPRESENTATION_CONTEXT() REPRESENTATION_CONTEXT('2D SPACE',''
  ) );
#2997 = FACE_BOUND('',#2998,.T.);
#2998 = EDGE_LOOP('',(#2999));
#2999 = ORIENTED_EDGE('',*,*,#3000,.T.);
#3000 = EDGE_CURVE('',#3001,#3001,#3003,.T.);
#3001 = VERTEX_POINT('',#3002);
#3002 = CARTESIAN_POINT('',(103.25,254.5,3.));
#3003 = SURFACE_CURVE('',#3004,(#3009,#3020),.PCURVE_S1.);
#3004 = CIRCLE('',#3005,1.25);
#3005 = AXIS2_PLACEMENT_3D('',#3006,#3007,#3008);
#3006 = CARTESIAN_POINT('',(104.5,254.5,3.));
#3007 = DIRECTION('',(0.,0.,-1.));
#3008 = DIRECTION('',(-1.,0.,0.));
#3009 = PCURVE('',#44,#3010);
#3010 = DEFINITIONAL_REPRESENTATION('',(#3011),#3019);
#3011 = ( BOUNDED_CURVE() B_SPLINE_CURVE(2,(#3012,#3013,#3014,#3015,
#3016,#3017,#3018),.UNSPECIFIED.,.T.,.F.) B_SPLINE_CURVE_WITH_KNOTS((1,2
    ,2,2,2,1),(-2.094395102393,0.,2.094395102393,4.188790204786,
6.28318530718,8.377580409573),.UNSPECIFIED.) CURVE() 
GEOMETRIC_REPRESENTATION_ITEM() RATIONAL_B_SPLINE_CURVE((1.,0.5,1.,0.5,
1.,0.5,1.)) REPRESENTATION_ITEM('') );
#3012 = CARTESIAN_POINT('',(123.25,274.5));
#3013 = CARTESIAN_POINT('',(123.25,276.66506350946));
#3014 = CARTESIAN_POINT('',(125.125,275.58253175473));
#3015 = CARTESIAN_POINT('',(127.,274.5));
#3016 = CARTESIAN_POINT('',(125.125,273.41746824526));
#3017 = CARTESIAN_POINT('',(123.25,272.33493649053));
#3018 = CARTESIAN_POINT('',(123.25,274.5));
#3019 = ( GEOMETRIC_REPRESENTATION_CONTEXT(2) 
PARAMETRIC_REPRESENTATION_CONTEXT() REPRESENTATION_CONTEXT('2D SPACE',''
  ) );
#3020 = PCURVE('',#3021,#3026);
#3021 = CYLINDRICAL_SURFACE('',#3022,1.25);
#3022 = AXIS2_PLACEMENT_3D('',#3023,#3024,#3025);
#3023 = CARTESIAN_POINT('',(104.5,254.5,3.));
#3024 = DIRECTION('',(0.,0.,-1.));
#3025 = DIRECTION('',(-1.,0.,0.));
#3026 = DEFINITIONAL_REPRESENTATION('',(#3027),#3031);
#3027 = LINE('',#3028,#3029);
#3028 = CARTESIAN_POINT('',(0.,0.));
#3029 = VECTOR('',#3030,1.);
#3030 = DIRECTION('',(1.,0.));
#3031 = ( GEOMETRIC_REPRESENTATION_CONTEXT(2) 
PARAMETRIC_REPRESENTATION_CONTEXT() REPRESENTATION_CONTEXT('2D SPACE',''
  ) );
#3032 = FACE_BOUND('',#3033,.T.);
#3033 = EDGE_LOOP('',(#3034));
#3034 = ORIENTED_EDGE('',*,*,#3035,.T.);
#3035 = EDGE_CURVE('',#3036,#3036,#3038,.T.);
#3036 = VERTEX_POINT('',#3037);
#3037 = CARTESIAN_POINT('',(144.25,295.5,3.));
#3038 = SURFACE_CURVE('',#3039,(#3044,#3055),.PCURVE_S1.);
#3039 = CIRCLE('',#3040,1.25);
#3040 = AXIS2_PLACEMENT_3D('',#3041,#3042,#3043);
#3041 = CARTESIAN_POINT('',(145.5,295.5,3.));
#3042 = DIRECTION('',(0.,0.,-1.));
#3043 = DIRECTION('',(-1.,0.,0.));
#3044 = PCURVE('',#44,#3045);
#3045 = DEFINITIONAL_REPRESENTATION('',(#3046),#3054);
#3046 = ( BOUNDED_CURVE() B_SPLINE_CURVE(2,(#3047,#3048,#3049,#3050,
#3051,#3052,#3053),.UNSPECIFIED.,.T.,.F.) B_SPLINE_CURVE_WITH_KNOTS((1,2
    ,2,2,2,1),(-2.094395102393,0.,2.094395102393,4.188790204786,
6.28318530718,8.377580409573),.UNSPECIFIED.) CURVE() 
GEOMETRIC_REPRESENTATION_ITEM() RATIONAL_B_SPLINE_CURVE((1.,0.5,1.,0.5,
1.,0.5,1.)) REPRESENTATION_ITEM('') );
#3047 = CARTESIAN_POINT('',(164.25,315.5));
#3048 = CARTESIAN_POINT('',(164.25,317.66506350946));
#3049 = CARTESIAN_POINT('',(166.125,316.58253175473));
#3050 = CARTESIAN_POINT('',(168.,315.5));
#3051 = CARTESIAN_POINT('',(166.125,314.41746824526));
#3052 = CARTESIAN_POINT('',(164.25,313.33493649053));
#3053 = CARTESIAN_POINT('',(164.25,315.5));
#3054 = ( GEOMETRIC_REPRESENTATION_CONTEXT(2) 
PARAMETRIC_REPRESENTATION_CONTEXT() REPRESENTATION_CONTEXT('2D SPACE',''
  ) );
#3055 = PCURVE('',#3056,#3061);
#3056 = CYLINDRICAL_SURFACE('',#3057,1.25);
#3057 = AXIS2_PLACEMENT_3D('',#3058,#3059,#3060);
#3058 = CARTESIAN_POINT('',(145.5,295.5,3.));
#3059 = DIRECTION('',(0.,0.,-1.));
#3060 = DIRECTION('',(-1.,0.,0.));
#3061 = DEFINITIONAL_REPRESENTATION('',(#3062),#3066);
#3062 = LINE('',#3063,#3064);
#3063 = CARTESIAN_POINT('',(0.,0.));
#3064 = VECTOR('',#3065,1.);
#3065 = DIRECTION('',(1.,0.));
#3066 = ( GEOMETRIC_REPRESENTATION_CONTEXT(2) 
PARAMETRIC_REPRESENTATION_CONTEXT() REPRESENTATION_CONTEXT('2D SPACE',''
  ) );
#3067 = FACE_BOUND('',#3068,.T.);
#3068 = EDGE_LOOP('',(#3069));
#3069 = ORIENTED_EDGE('',*,*,#3070,.T.);
#3070 = EDGE_CURVE('',#3071,#3071,#3073,.T.);
#3071 = VERTEX_POINT('',#3072);
#3072 = CARTESIAN_POINT('',(153.25,254.5,3.));
#3073 = SURFACE_CURVE('',#3074,(#3079,#3090),.PCURVE_S1.);
#3074 = CIRCLE('',#3075,1.25);
#3075 = AXIS2_PLACEMENT_3D('',#3076,#3077,#3078);
#3076 = CARTESIAN_POINT('',(154.5,254.5,3.));
#3077 = DIRECTION('',(0.,0.,-1.));
#3078 = DIRECTION('',(-1.,0.,0.));
#3079 = PCURVE('',#44,#3080);
#3080 = DEFINITIONAL_REPRESENTATION('',(#3081),#3089);
#3081 = ( BOUNDED_CURVE() B_SPLINE_CURVE(2,(#3082,#3083,#3084,#3085,
#3086,#3087,#3088),.UNSPECIFIED.,.T.,.F.) B_SPLINE_CURVE_WITH_KNOTS((1,2
    ,2,2,2,1),(-2.094395102393,0.,2.094395102393,4.188790204786,
6.28318530718,8.377580409573),.UNSPECIFIED.) CURVE() 
GEOMETRIC_REPRESENTATION_ITEM() RATIONAL_B_SPLINE_CURVE((1.,0.5,1.,0.5,
1.,0.5,1.)) REPRESENTATION_ITEM('') );
#3082 = CARTESIAN_POINT('',(173.25,274.5));
#3083 = CARTESIAN_POINT('',(173.25,276.66506350946));
#3084 = CARTESIAN_POINT('',(175.125,275.58253175473));
#3085 = CARTESIAN_POINT('',(177.,274.5));
#3086 = CARTESIAN_POINT('',(175.125,273.41746824526));
#3087 = CARTESIAN_POINT('',(173.25,272.33493649053));
#3088 = CARTESIAN_POINT('',(173.25,274.5));
#3089 = ( GEOMETRIC_REPRESENTATION_CONTEXT(2) 
PARAMETRIC_REPRESENTATION_CONTEXT() REPRESENTATION_CONTEXT('2D SPACE',''
  ) );
#3090 = PCURVE('',#3091,#3096);
#3091 = CYLINDRICAL_SURFACE('',#3092,1.25);
#3092 = AXIS2_PLACEMENT_3D('',#3093,#3094,#3095);
#3093 = CARTESIAN_POINT('',(154.5,254.5,3.));
#3094 = DIRECTION('',(0.,0.,-1.));
#3095 = DIRECTION('',(-1.,0.,0.));
#3096 = DEFINITIONAL_REPRESENTATION('',(#3097),#3101);
#3097 = LINE('',#3098,#3099);
#3098 = CARTESIAN_POINT('',(0.,0.));
#3099 = VECTOR('',#3100,1.);
#3100 = DIRECTION('',(1.,0.));
#3101 = ( GEOMETRIC_REPRESENTATION_CONTEXT(2) 
PARAMETRIC_REPRESENTATION_CONTEXT() REPRESENTATION_CONTEXT('2D SPACE',''
  ) );
#3102 = FACE_BOUND('',#3103,.T.);
#3103 = EDGE_LOOP('',(#3104));
#3104 = ORIENTED_EDGE('',*,*,#3105,.T.);
#3105 = EDGE_CURVE('',#3106,#3106,#3108,.T.);
#3106 = VERTEX_POINT('',#3107);
#3107 = CARTESIAN_POINT('',(194.25,295.5,3.));
#3108 = SURFACE_CURVE('',#3109,(#3114,#3125),.PCURVE_S1.);
#3109 = CIRCLE('',#3110,1.25);
#3110 = AXIS2_PLACEMENT_3D('',#3111,#3112,#3113);
#3111 = CARTESIAN_POINT('',(195.5,295.5,3.));
#3112 = DIRECTION('',(0.,0.,-1.));
#3113 = DIRECTION('',(-1.,0.,0.));
#3114 = PCURVE('',#44,#3115);
#3115 = DEFINITIONAL_REPRESENTATION('',(#3116),#3124);
#3116 = ( BOUNDED_CURVE() B_SPLINE_CURVE(2,(#3117,#3118,#3119,#3120,
#3121,#3122,#3123),.UNSPECIFIED.,.T.,.F.) B_SPLINE_CURVE_WITH_KNOTS((1,2
    ,2,2,2,1),(-2.094395102393,0.,2.094395102393,4.188790204786,
6.28318530718,8.377580409573),.UNSPECIFIED.) CURVE() 
GEOMETRIC_REPRESENTATION_ITEM() RATIONAL_B_SPLINE_CURVE((1.,0.5,1.,0.5,
1.,0.5,1.)) REPRESENTATION_ITEM('') );
#3117 = CARTESIAN_POINT('',(214.25,315.5));
#3118 = CARTESIAN_POINT('',(214.25,317.66506350946));
#3119 = CARTESIAN_POINT('',(216.125,316.58253175473));
#3120 = CARTESIAN_POINT('',(218.,315.5));
#3121 = CARTESIAN_POINT('',(216.125,314.41746824526));
#3122 = CARTESIAN_POINT('',(214.25,313.33493649053));
#3123 = CARTESIAN_POINT('',(214.25,315.5));
#3124 = ( GEOMETRIC_REPRESENTATION_CONTEXT(2) 
PARAMETRIC_REPRESENTATION_CONTEXT() REPRESENTATION_CONTEXT('2D SPACE',''
  ) );
#3125 = PCURVE('',#3126,#3131);
#3126 = CYLINDRICAL_SURFACE('',#3127,1.25);
#3127 = AXIS2_PLACEMENT_3D('',#3128,#3129,#3130);
#3128 = CARTESIAN_POINT('',(195.5,295.5,3.));
#3129 = DIRECTION('',(0.,0.,-1.));
#3130 = DIRECTION('',(-1.,0.,0.));
#3131 = DEFINITIONAL_REPRESENTATION('',(#3132),#3136);
#3132 = LINE('',#3133,#3134);
#3133 = CARTESIAN_POINT('',(0.,0.));
#3134 = VECTOR('',#3135,1.);
#3135 = DIRECTION('',(1.,0.));
#3136 = ( GEOMETRIC_REPRESENTATION_CONTEXT(2) 
PARAMETRIC_REPRESENTATION_CONTEXT() REPRESENTATION_CONTEXT('2D SPACE',''
  ) );
#3137 = FACE_BOUND('',#3138,.T.);
#3138 = EDGE_LOOP('',(#3139));
#3139 = ORIENTED_EDGE('',*,*,#3140,.T.);
#3140 = EDGE_CURVE('',#3141,#3141,#3143,.T.);
#3141 = VERTEX_POINT('',#3142);
#3142 = CARTESIAN_POINT('',(3.25,304.5,3.));
#3143 = SURFACE_CURVE('',#3144,(#3149,#3160),.PCURVE_S1.);
#3144 = CIRCLE('',#3145,1.25);
#3145 = AXIS2_PLACEMENT_3D('',#3146,#3147,#3148);
#3146 = CARTESIAN_POINT('',(4.5,304.5,3.));
#3147 = DIRECTION('',(0.,0.,-1.));
#3148 = DIRECTION('',(-1.,0.,0.));
#3149 = PCURVE('',#44,#3150);
#3150 = DEFINITIONAL_REPRESENTATION('',(#3151),#3159);
#3151 = ( BOUNDED_CURVE() B_SPLINE_CURVE(2,(#3152,#3153,#3154,#3155,
#3156,#3157,#3158),.UNSPECIFIED.,.T.,.F.) B_SPLINE_CURVE_WITH_KNOTS((1,2
    ,2,2,2,1),(-2.094395102393,0.,2.094395102393,4.188790204786,
6.28318530718,8.377580409573),.UNSPECIFIED.) CURVE() 
GEOMETRIC_REPRESENTATION_ITEM() RATIONAL_B_SPLINE_CURVE((1.,0.5,1.,0.5,
1.,0.5,1.)) REPRESENTATION_ITEM('') );
#3152 = CARTESIAN_POINT('',(23.25,324.5));
#3153 = CARTESIAN_POINT('',(23.25,326.66506350946));
#3154 = CARTESIAN_POINT('',(25.125,325.58253175473));
#3155 = CARTESIAN_POINT('',(27.,324.5));
#3156 = CARTESIAN_POINT('',(25.125,323.41746824526));
#3157 = CARTESIAN_POINT('',(23.25,322.33493649053));
#3158 = CARTESIAN_POINT('',(23.25,324.5));
#3159 = ( GEOMETRIC_REPRESENTATION_CONTEXT(2) 
PARAMETRIC_REPRESENTATION_CONTEXT() REPRESENTATION_CONTEXT('2D SPACE',''
  ) );
#3160 = PCURVE('',#3161,#3166);
#3161 = CYLINDRICAL_SURFACE('',#3162,1.25);
#3162 = AXIS2_PLACEMENT_3D('',#3163,#3164,#3165);
#3163 = CARTESIAN_POINT('',(4.5,304.5,3.));
#3164 = DIRECTION('',(0.,0.,-1.));
#3165 = DIRECTION('',(-1.,0.,0.));
#3166 = DEFINITIONAL_REPRESENTATION('',(#3167),#3171);
#3167 = LINE('',#3168,#3169);
#3168 = CARTESIAN_POINT('',(0.,0.));
#3169 = VECTOR('',#3170,1.);
#3170 = DIRECTION('',(1.,0.));
#3171 = ( GEOMETRIC_REPRESENTATION_CONTEXT(2) 
PARAMETRIC_REPRESENTATION_CONTEXT() REPRESENTATION_CONTEXT('2D SPACE',''
  ) );
#3172 = FACE_BOUND('',#3173,.T.);
#3173 = EDGE_LOOP('',(#3174));
#3174 = ORIENTED_EDGE('',*,*,#3175,.T.);
#3175 = EDGE_CURVE('',#3176,#3176,#3178,.T.);
#3176 = VERTEX_POINT('',#3177);
#3177 = CARTESIAN_POINT('',(44.25,345.5,3.));
#3178 = SURFACE_CURVE('',#3179,(#3184,#3195),.PCURVE_S1.);
#3179 = CIRCLE('',#3180,1.25);
#3180 = AXIS2_PLACEMENT_3D('',#3181,#3182,#3183);
#3181 = CARTESIAN_POINT('',(45.5,345.5,3.));
#3182 = DIRECTION('',(0.,0.,-1.));
#3183 = DIRECTION('',(-1.,0.,0.));
#3184 = PCURVE('',#44,#3185);
#3185 = DEFINITIONAL_REPRESENTATION('',(#3186),#3194);
#3186 = ( BOUNDED_CURVE() B_SPLINE_CURVE(2,(#3187,#3188,#3189,#3190,
#3191,#3192,#3193),.UNSPECIFIED.,.T.,.F.) B_SPLINE_CURVE_WITH_KNOTS((1,2
    ,2,2,2,1),(-2.094395102393,0.,2.094395102393,4.188790204786,
6.28318530718,8.377580409573),.UNSPECIFIED.) CURVE() 
GEOMETRIC_REPRESENTATION_ITEM() RATIONAL_B_SPLINE_CURVE((1.,0.5,1.,0.5,
1.,0.5,1.)) REPRESENTATION_ITEM('') );
#3187 = CARTESIAN_POINT('',(64.25,365.5));
#3188 = CARTESIAN_POINT('',(64.25,367.66506350946));
#3189 = CARTESIAN_POINT('',(66.125,366.58253175473));
#3190 = CARTESIAN_POINT('',(68.,365.5));
#3191 = CARTESIAN_POINT('',(66.125,364.41746824526));
#3192 = CARTESIAN_POINT('',(64.25,363.33493649053));
#3193 = CARTESIAN_POINT('',(64.25,365.5));
#3194 = ( GEOMETRIC_REPRESENTATION_CONTEXT(2) 
PARAMETRIC_REPRESENTATION_CONTEXT() REPRESENTATION_CONTEXT('2D SPACE',''
  ) );
#3195 = PCURVE('',#3196,#3201);
#3196 = CYLINDRICAL_SURFACE('',#3197,1.25);
#3197 = AXIS2_PLACEMENT_3D('',#3198,#3199,#3200);
#3198 = CARTESIAN_POINT('',(45.5,345.5,3.));
#3199 = DIRECTION('',(0.,0.,-1.));
#3200 = DIRECTION('',(-1.,0.,0.));
#3201 = DEFINITIONAL_REPRESENTATION('',(#3202),#3206);
#3202 = LINE('',#3203,#3204);
#3203 = CARTESIAN_POINT('',(0.,0.));
#3204 = VECTOR('',#3205,1.);
#3205 = DIRECTION('',(1.,0.));
#3206 = ( GEOMETRIC_REPRESENTATION_CONTEXT(2) 
PARAMETRIC_REPRESENTATION_CONTEXT() REPRESENTATION_CONTEXT('2D SPACE',''
  ) );
#3207 = FACE_BOUND('',#3208,.T.);
#3208 = EDGE_LOOP('',(#3209));
#3209 = ORIENTED_EDGE('',*,*,#3210,.T.);
#3210 = EDGE_CURVE('',#3211,#3211,#3213,.T.);
#3211 = VERTEX_POINT('',#3212);
#3212 = CARTESIAN_POINT('',(53.25,304.5,3.));
#3213 = SURFACE_CURVE('',#3214,(#3219,#3230),.PCURVE_S1.);
#3214 = CIRCLE('',#3215,1.25);
#3215 = AXIS2_PLACEMENT_3D('',#3216,#3217,#3218);
#3216 = CARTESIAN_POINT('',(54.5,304.5,3.));
#3217 = DIRECTION('',(0.,0.,-1.));
#3218 = DIRECTION('',(-1.,0.,0.));
#3219 = PCURVE('',#44,#3220);
#3220 = DEFINITIONAL_REPRESENTATION('',(#3221),#3229);
#3221 = ( BOUNDED_CURVE() B_SPLINE_CURVE(2,(#3222,#3223,#3224,#3225,
#3226,#3227,#3228),.UNSPECIFIED.,.T.,.F.) B_SPLINE_CURVE_WITH_KNOTS((1,2
    ,2,2,2,1),(-2.094395102393,0.,2.094395102393,4.188790204786,
6.28318530718,8.377580409573),.UNSPECIFIED.) CURVE() 
GEOMETRIC_REPRESENTATION_ITEM() RATIONAL_B_SPLINE_CURVE((1.,0.5,1.,0.5,
1.,0.5,1.)) REPRESENTATION_ITEM('') );
#3222 = CARTESIAN_POINT('',(73.25,324.5));
#3223 = CARTESIAN_POINT('',(73.25,326.66506350946));
#3224 = CARTESIAN_POINT('',(75.125,325.58253175473));
#3225 = CARTESIAN_POINT('',(77.,324.5));
#3226 = CARTESIAN_POINT('',(75.125,323.41746824526));
#3227 = CARTESIAN_POINT('',(73.25,322.33493649053));
#3228 = CARTESIAN_POINT('',(73.25,324.5));
#3229 = ( GEOMETRIC_REPRESENTATION_CONTEXT(2) 
PARAMETRIC_REPRESENTATION_CONTEXT() REPRESENTATION_CONTEXT('2D SPACE',''
  ) );
#3230 = PCURVE('',#3231,#3236);
#3231 = CYLINDRICAL_SURFACE('',#3232,1.25);
#3232 = AXIS2_PLACEMENT_3D('',#3233,#3234,#3235);
#3233 = CARTESIAN_POINT('',(54.5,304.5,3.));
#3234 = DIRECTION('',(0.,0.,-1.));
#3235 = DIRECTION('',(-1.,0.,0.));
#3236 = DEFINITIONAL_REPRESENTATION('',(#3237),#3241);
#3237 = LINE('',#3238,#3239);
#3238 = CARTESIAN_POINT('',(0.,0.));
#3239 = VECTOR('',#3240,1.);
#3240 = DIRECTION('',(1.,0.));
#3241 = ( GEOMETRIC_REPRESENTATION_CONTEXT(2) 
PARAMETRIC_REPRESENTATION_CONTEXT() REPRESENTATION_CONTEXT('2D SPACE',''
  ) );
#3242 = FACE_BOUND('',#3243,.T.);
#3243 = EDGE_LOOP('',(#3244));
#3244 = ORIENTED_EDGE('',*,*,#3245,.T.);
#3245 = EDGE_CURVE('',#3246,#3246,#3248,.T.);
#3246 = VERTEX_POINT('',#3247);
#3247 = CARTESIAN_POINT('',(94.25,345.5,3.));
#3248 = SURFACE_CURVE('',#3249,(#3254,#3265),.PCURVE_S1.);
#3249 = CIRCLE('',#3250,1.25);
#3250 = AXIS2_PLACEMENT_3D('',#3251,#3252,#3253);
#3251 = CARTESIAN_POINT('',(95.5,345.5,3.));
#3252 = DIRECTION('',(0.,0.,-1.));
#3253 = DIRECTION('',(-1.,0.,0.));
#3254 = PCURVE('',#44,#3255);
#3255 = DEFINITIONAL_REPRESENTATION('',(#3256),#3264);
#3256 = ( BOUNDED_CURVE() B_SPLINE_CURVE(2,(#3257,#3258,#3259,#3260,
#3261,#3262,#3263),.UNSPECIFIED.,.T.,.F.) B_SPLINE_CURVE_WITH_KNOTS((1,2
    ,2,2,2,1),(-2.094395102393,0.,2.094395102393,4.188790204786,
6.28318530718,8.377580409573),.UNSPECIFIED.) CURVE() 
GEOMETRIC_REPRESENTATION_ITEM() RATIONAL_B_SPLINE_CURVE((1.,0.5,1.,0.5,
1.,0.5,1.)) REPRESENTATION_ITEM('') );
#3257 = CARTESIAN_POINT('',(114.25,365.5));
#3258 = CARTESIAN_POINT('',(114.25,367.66506350946));
#3259 = CARTESIAN_POINT('',(116.125,366.58253175473));
#3260 = CARTESIAN_POINT('',(118.,365.5));
#3261 = CARTESIAN_POINT('',(116.125,364.41746824526));
#3262 = CARTESIAN_POINT('',(114.25,363.33493649053));
#3263 = CARTESIAN_POINT('',(114.25,365.5));
#3264 = ( GEOMETRIC_REPRESENTATION_CONTEXT(2) 
PARAMETRIC_REPRESENTATION_CONTEXT() REPRESENTATION_CONTEXT('2D SPACE',''
  ) );
#3265 = PCURVE('',#3266,#3271);
#3266 = CYLINDRICAL_SURFACE('',#3267,1.25);
#3267 = AXIS2_PLACEMENT_3D('',#3268,#3269,#3270);
#3268 = CARTESIAN_POINT('',(95.5,345.5,3.));
#3269 = DIRECTION('',(0.,0.,-1.));
#3270 = DIRECTION('',(-1.,0.,0.));
#3271 = DEFINITIONAL_REPRESENTATION('',(#3272),#3276);
#3272 = LINE('',#3273,#3274);
#3273 = CARTESIAN_POINT('',(0.,0.));
#3274 = VECTOR('',#3275,1.);
#3275 = DIRECTION('',(1.,0.));
#3276 = ( GEOMETRIC_REPRESENTATION_CONTEXT(2) 
PARAMETRIC_REPRESENTATION_CONTEXT() REPRESENTATION_CONTEXT('2D SPACE',''
  ) );
#3277 = FACE_BOUND('',#3278,.T.);
#3278 = EDGE_LOOP('',(#3279));
#3279 = ORIENTED_EDGE('',*,*,#3280,.T.);
#3280 = EDGE_CURVE('',#3281,#3281,#3283,.T.);
#3281 = VERTEX_POINT('',#3282);
#3282 = CARTESIAN_POINT('',(3.25,354.5,3.));
#3283 = SURFACE_CURVE('',#3284,(#3289,#3300),.PCURVE_S1.);
#3284 = CIRCLE('',#3285,1.25);
#3285 = AXIS2_PLACEMENT_3D('',#3286,#3287,#3288);
#3286 = CARTESIAN_POINT('',(4.5,354.5,3.));
#3287 = DIRECTION('',(0.,0.,-1.));
#3288 = DIRECTION('',(-1.,0.,0.));
#3289 = PCURVE('',#44,#3290);
#3290 = DEFINITIONAL_REPRESENTATION('',(#3291),#3299);
#3291 = ( BOUNDED_CURVE() B_SPLINE_CURVE(2,(#3292,#3293,#3294,#3295,
#3296,#3297,#3298),.UNSPECIFIED.,.T.,.F.) B_SPLINE_CURVE_WITH_KNOTS((1,2
    ,2,2,2,1),(-2.094395102393,0.,2.094395102393,4.188790204786,
6.28318530718,8.377580409573),.UNSPECIFIED.) CURVE() 
GEOMETRIC_REPRESENTATION_ITEM() RATIONAL_B_SPLINE_CURVE((1.,0.5,1.,0.5,
1.,0.5,1.)) REPRESENTATION_ITEM('') );
#3292 = CARTESIAN_POINT('',(23.25,374.5));
#3293 = CARTESIAN_POINT('',(23.25,376.66506350946));
#3294 = CARTESIAN_POINT('',(25.125,375.58253175473));
#3295 = CARTESIAN_POINT('',(27.,374.5));
#3296 = CARTESIAN_POINT('',(25.125,373.41746824526));
#3297 = CARTESIAN_POINT('',(23.25,372.33493649053));
#3298 = CARTESIAN_POINT('',(23.25,374.5));
#3299 = ( GEOMETRIC_REPRESENTATION_CONTEXT(2) 
PARAMETRIC_REPRESENTATION_CONTEXT() REPRESENTATION_CONTEXT('2D SPACE',''
  ) );
#3300 = PCURVE('',#3301,#3306);
#3301 = CYLINDRICAL_SURFACE('',#3302,1.25);
#3302 = AXIS2_PLACEMENT_3D('',#3303,#3304,#3305);
#3303 = CARTESIAN_POINT('',(4.5,354.5,3.));
#3304 = DIRECTION('',(0.,0.,-1.));
#3305 = DIRECTION('',(-1.,0.,0.));
#3306 = DEFINITIONAL_REPRESENTATION('',(#3307),#3311);
#3307 = LINE('',#3308,#3309);
#3308 = CARTESIAN_POINT('',(0.,0.));
#3309 = VECTOR('',#3310,1.);
#3310 = DIRECTION('',(1.,0.));
#3311 = ( GEOMETRIC_REPRESENTATION_CONTEXT(2) 
PARAMETRIC_REPRESENTATION_CONTEXT() REPRESENTATION_CONTEXT('2D SPACE',''
  ) );
#3312 = FACE_BOUND('',#3313,.T.);
#3313 = EDGE_LOOP('',(#3314));
#3314 = ORIENTED_EDGE('',*,*,#3315,.T.);
#3315 = EDGE_CURVE('',#3316,#3316,#3318,.T.);
#3316 = VERTEX_POINT('',#3317);
#3317 = CARTESIAN_POINT('',(44.25,395.5,3.));
#3318 = SURFACE_CURVE('',#3319,(#3324,#3335),.PCURVE_S1.);
#3319 = CIRCLE('',#3320,1.25);
#3320 = AXIS2_PLACEMENT_3D('',#3321,#3322,#3323);
#3321 = CARTESIAN_POINT('',(45.5,395.5,3.));
#3322 = DIRECTION('',(0.,0.,-1.));
#3323 = DIRECTION('',(-1.,0.,0.));
#3324 = PCURVE('',#44,#3325);
#3325 = DEFINITIONAL_REPRESENTATION('',(#3326),#3334);
#3326 = ( BOUNDED_CURVE() B_SPLINE_CURVE(2,(#3327,#3328,#3329,#3330,
#3331,#3332,#3333),.UNSPECIFIED.,.T.,.F.) B_SPLINE_CURVE_WITH_KNOTS((1,2
    ,2,2,2,1),(-2.094395102393,0.,2.094395102393,4.188790204786,
6.28318530718,8.377580409573),.UNSPECIFIED.) CURVE() 
GEOMETRIC_REPRESENTATION_ITEM() RATIONAL_B_SPLINE_CURVE((1.,0.5,1.,0.5,
1.,0.5,1.)) REPRESENTATION_ITEM('') );
#3327 = CARTESIAN_POINT('',(64.25,415.5));
#3328 = CARTESIAN_POINT('',(64.25,417.66506350946));
#3329 = CARTESIAN_POINT('',(66.125,416.58253175473));
#3330 = CARTESIAN_POINT('',(68.,415.5));
#3331 = CARTESIAN_POINT('',(66.125,414.41746824526));
#3332 = CARTESIAN_POINT('',(64.25,413.33493649053));
#3333 = CARTESIAN_POINT('',(64.25,415.5));
#3334 = ( GEOMETRIC_REPRESENTATION_CONTEXT(2) 
PARAMETRIC_REPRESENTATION_CONTEXT() REPRESENTATION_CONTEXT('2D SPACE',''
  ) );
#3335 = PCURVE('',#3336,#3341);
#3336 = CYLINDRICAL_SURFACE('',#3337,1.25);
#3337 = AXIS2_PLACEMENT_3D('',#3338,#3339,#3340);
#3338 = CARTESIAN_POINT('',(45.5,395.5,3.));
#3339 = DIRECTION('',(0.,0.,-1.));
#3340 = DIRECTION('',(-1.,0.,0.));
#3341 = DEFINITIONAL_REPRESENTATION('',(#3342),#3346);
#3342 = LINE('',#3343,#3344);
#3343 = CARTESIAN_POINT('',(0.,0.));
#3344 = VECTOR('',#3345,1.);
#3345 = DIRECTION('',(1.,0.));
#3346 = ( GEOMETRIC_REPRESENTATION_CONTEXT(2) 
PARAMETRIC_REPRESENTATION_CONTEXT() REPRESENTATION_CONTEXT('2D SPACE',''
  ) );
#3347 = FACE_BOUND('',#3348,.T.);
#3348 = EDGE_LOOP('',(#3349));
#3349 = ORIENTED_EDGE('',*,*,#3350,.T.);
#3350 = EDGE_CURVE('',#3351,#3351,#3353,.T.);
#3351 = VERTEX_POINT('',#3352);
#3352 = CARTESIAN_POINT('',(53.25,354.5,3.));
#3353 = SURFACE_CURVE('',#3354,(#3359,#3370),.PCURVE_S1.);
#3354 = CIRCLE('',#3355,1.25);
#3355 = AXIS2_PLACEMENT_3D('',#3356,#3357,#3358);
#3356 = CARTESIAN_POINT('',(54.5,354.5,3.));
#3357 = DIRECTION('',(0.,0.,-1.));
#3358 = DIRECTION('',(-1.,0.,0.));
#3359 = PCURVE('',#44,#3360);
#3360 = DEFINITIONAL_REPRESENTATION('',(#3361),#3369);
#3361 = ( BOUNDED_CURVE() B_SPLINE_CURVE(2,(#3362,#3363,#3364,#3365,
#3366,#3367,#3368),.UNSPECIFIED.,.T.,.F.) B_SPLINE_CURVE_WITH_KNOTS((1,2
    ,2,2,2,1),(-2.094395102393,0.,2.094395102393,4.188790204786,
6.28318530718,8.377580409573),.UNSPECIFIED.) CURVE() 
GEOMETRIC_REPRESENTATION_ITEM() RATIONAL_B_SPLINE_CURVE((1.,0.5,1.,0.5,
1.,0.5,1.)) REPRESENTATION_ITEM('') );
#3362 = CARTESIAN_POINT('',(73.25,374.5));
#3363 = CARTESIAN_POINT('',(73.25,376.66506350946));
#3364 = CARTESIAN_POINT('',(75.125,375.58253175473));
#3365 = CARTESIAN_POINT('',(77.,374.5));
#3366 = CARTESIAN_POINT('',(75.125,373.41746824526));
#3367 = CARTESIAN_POINT('',(73.25,372.33493649053));
#3368 = CARTESIAN_POINT('',(73.25,374.5));
#3369 = ( GEOMETRIC_REPRESENTATION_CONTEXT(2) 
PARAMETRIC_REPRESENTATION_CONTEXT() REPRESENTATION_CONTEXT('2D SPACE',''
  ) );
#3370 = PCURVE('',#3371,#3376);
#3371 = CYLINDRICAL_SURFACE('',#3372,1.25);
#3372 = AXIS2_PLACEMENT_3D('',#3373,#3374,#3375);
#3373 = CARTESIAN_POINT('',(54.5,354.5,3.));
#3374 = DIRECTION('',(0.,0.,-1.));
#3375 = DIRECTION('',(-1.,0.,0.));
#3376 = DEFINITIONAL_REPRESENTATION('',(#3377),#3381);
#3377 = LINE('',#3378,#3379);
#3378 = CARTESIAN_POINT('',(0.,0.));
#3379 = VECTOR('',#3380,1.);
#3380 = DIRECTION('',(1.,0.));
#3381 = ( GEOMETRIC_REPRESENTATION_CONTEXT(2) 
PARAMETRIC_REPRESENTATION_CONTEXT() REPRESENTATION_CONTEXT('2D SPACE',''
  ) );
#3382 = FACE_BOUND('',#3383,.T.);
#3383 = EDGE_LOOP('',(#3384));
#3384 = ORIENTED_EDGE('',*,*,#3385,.T.);
#3385 = EDGE_CURVE('',#3386,#3386,#3388,.T.);
#3386 = VERTEX_POINT('',#3387);
#3387 = CARTESIAN_POINT('',(94.25,395.5,3.));
#3388 = SURFACE_CURVE('',#3389,(#3394,#3405),.PCURVE_S1.);
#3389 = CIRCLE('',#3390,1.25);
#3390 = AXIS2_PLACEMENT_3D('',#3391,#3392,#3393);
#3391 = CARTESIAN_POINT('',(95.5,395.5,3.));
#3392 = DIRECTION('',(0.,0.,-1.));
#3393 = DIRECTION('',(-1.,0.,0.));
#3394 = PCURVE('',#44,#3395);
#3395 = DEFINITIONAL_REPRESENTATION('',(#3396),#3404);
#3396 = ( BOUNDED_CURVE() B_SPLINE_CURVE(2,(#3397,#3398,#3399,#3400,
#3401,#3402,#3403),.UNSPECIFIED.,.T.,.F.) B_SPLINE_CURVE_WITH_KNOTS((1,2
    ,2,2,2,1),(-2.094395102393,0.,2.094395102393,4.188790204786,
6.28318530718,8.377580409573),.UNSPECIFIED.) CURVE() 
GEOMETRIC_REPRESENTATION_ITEM() RATIONAL_B_SPLINE_CURVE((1.,0.5,1.,0.5,
1.,0.5,1.)) REPRESENTATION_ITEM('') );
#3397 = CARTESIAN_POINT('',(114.25,415.5));
#3398 = CARTESIAN_POINT('',(114.25,417.66506350946));
#3399 = CARTESIAN_POINT('',(116.125,416.58253175473));
#3400 = CARTESIAN_POINT('',(118.,415.5));
#3401 = CARTESIAN_POINT('',(116.125,414.41746824526));
#3402 = CARTESIAN_POINT('',(114.25,413.33493649053));
#3403 = CARTESIAN_POINT('',(114.25,415.5));
#3404 = ( GEOMETRIC_REPRESENTATION_CONTEXT(2) 
PARAMETRIC_REPRESENTATION_CONTEXT() REPRESENTATION_CONTEXT('2D SPACE',''
  ) );
#3405 = PCURVE('',#3406,#3411);
#3406 = CYLINDRICAL_SURFACE('',#3407,1.25);
#3407 = AXIS2_PLACEMENT_3D('',#3408,#3409,#3410);
#3408 = CARTESIAN_POINT('',(95.5,395.5,3.));
#3409 = DIRECTION('',(0.,0.,-1.));
#3410 = DIRECTION('',(-1.,0.,0.));
#3411 = DEFINITIONAL_REPRESENTATION('',(#3412),#3416);
#3412 = LINE('',#3413,#3414);
#3413 = CARTESIAN_POINT('',(0.,0.));
#3414 = VECTOR('',#3415,1.);
#3415 = DIRECTION('',(1.,0.));
#3416 = ( GEOMETRIC_REPRESENTATION_CONTEXT(2) 
PARAMETRIC_REPRESENTATION_CONTEXT() REPRESENTATION_CONTEXT('2D SPACE',''
  ) );
#3417 = FACE_BOUND('',#3418,.T.);
#3418 = EDGE_LOOP('',(#3419));
#3419 = ORIENTED_EDGE('',*,*,#3420,.T.);
#3420 = EDGE_CURVE('',#3421,#3421,#3423,.T.);
#3421 = VERTEX_POINT('',#3422);
#3422 = CARTESIAN_POINT('',(103.25,304.5,3.));
#3423 = SURFACE_CURVE('',#3424,(#3429,#3440),.PCURVE_S1.);
#3424 = CIRCLE('',#3425,1.25);
#3425 = AXIS2_PLACEMENT_3D('',#3426,#3427,#3428);
#3426 = CARTESIAN_POINT('',(104.5,304.5,3.));
#3427 = DIRECTION('',(0.,0.,-1.));
#3428 = DIRECTION('',(-1.,0.,0.));
#3429 = PCURVE('',#44,#3430);
#3430 = DEFINITIONAL_REPRESENTATION('',(#3431),#3439);
#3431 = ( BOUNDED_CURVE() B_SPLINE_CURVE(2,(#3432,#3433,#3434,#3435,
#3436,#3437,#3438),.UNSPECIFIED.,.T.,.F.) B_SPLINE_CURVE_WITH_KNOTS((1,2
    ,2,2,2,1),(-2.094395102393,0.,2.094395102393,4.188790204786,
6.28318530718,8.377580409573),.UNSPECIFIED.) CURVE() 
GEOMETRIC_REPRESENTATION_ITEM() RATIONAL_B_SPLINE_CURVE((1.,0.5,1.,0.5,
1.,0.5,1.)) REPRESENTATION_ITEM('') );
#3432 = CARTESIAN_POINT('',(123.25,324.5));
#3433 = CARTESIAN_POINT('',(123.25,326.66506350946));
#3434 = CARTESIAN_POINT('',(125.125,325.58253175473));
#3435 = CARTESIAN_POINT('',(127.,324.5));
#3436 = CARTESIAN_POINT('',(125.125,323.41746824526));
#3437 = CARTESIAN_POINT('',(123.25,322.33493649053));
#3438 = CARTESIAN_POINT('',(123.25,324.5));
#3439 = ( GEOMETRIC_REPRESENTATION_CONTEXT(2) 
PARAMETRIC_REPRESENTATION_CONTEXT() REPRESENTATION_CONTEXT('2D SPACE',''
  ) );
#3440 = PCURVE('',#3441,#3446);
#3441 = CYLINDRICAL_SURFACE('',#3442,1.25);
#3442 = AXIS2_PLACEMENT_3D('',#3443,#3444,#3445);
#3443 = CARTESIAN_POINT('',(104.5,304.5,3.));
#3444 = DIRECTION('',(0.,0.,-1.));
#3445 = DIRECTION('',(-1.,0.,0.));
#3446 = DEFINITIONAL_REPRESENTATION('',(#3447),#3451);
#3447 = LINE('',#3448,#3449);
#3448 = CARTESIAN_POINT('',(0.,0.));
#3449 = VECTOR('',#3450,1.);
#3450 = DIRECTION('',(1.,0.));
#3451 = ( GEOMETRIC_REPRESENTATION_CONTEXT(2) 
PARAMETRIC_REPRESENTATION_CONTEXT() REPRESENTATION_CONTEXT('2D SPACE',''
  ) );
#3452 = FACE_BOUND('',#3453,.T.);
#3453 = EDGE_LOOP('',(#3454));
#3454 = ORIENTED_EDGE('',*,*,#3455,.T.);
#3455 = EDGE_CURVE('',#3456,#3456,#3458,.T.);
#3456 = VERTEX_POINT('',#3457);
#3457 = CARTESIAN_POINT('',(144.25,345.5,3.));
#3458 = SURFACE_CURVE('',#3459,(#3464,#3475),.PCURVE_S1.);
#3459 = CIRCLE('',#3460,1.25);
#3460 = AXIS2_PLACEMENT_3D('',#3461,#3462,#3463);
#3461 = CARTESIAN_POINT('',(145.5,345.5,3.));
#3462 = DIRECTION('',(0.,0.,-1.));
#3463 = DIRECTION('',(-1.,0.,0.));
#3464 = PCURVE('',#44,#3465);
#3465 = DEFINITIONAL_REPRESENTATION('',(#3466),#3474);
#3466 = ( BOUNDED_CURVE() B_SPLINE_CURVE(2,(#3467,#3468,#3469,#3470,
#3471,#3472,#3473),.UNSPECIFIED.,.T.,.F.) B_SPLINE_CURVE_WITH_KNOTS((1,2
    ,2,2,2,1),(-2.094395102393,0.,2.094395102393,4.188790204786,
6.28318530718,8.377580409573),.UNSPECIFIED.) CURVE() 
GEOMETRIC_REPRESENTATION_ITEM() RATIONAL_B_SPLINE_CURVE((1.,0.5,1.,0.5,
1.,0.5,1.)) REPRESENTATION_ITEM('') );
#3467 = CARTESIAN_POINT('',(164.25,365.5));
#3468 = CARTESIAN_POINT('',(164.25,367.66506350946));
#3469 = CARTESIAN_POINT('',(166.125,366.58253175473));
#3470 = CARTESIAN_POINT('',(168.,365.5));
#3471 = CARTESIAN_POINT('',(166.125,364.41746824526));
#3472 = CARTESIAN_POINT('',(164.25,363.33493649053));
#3473 = CARTESIAN_POINT('',(164.25,365.5));
#3474 = ( GEOMETRIC_REPRESENTATION_CONTEXT(2) 
PARAMETRIC_REPRESENTATION_CONTEXT() REPRESENTATION_CONTEXT('2D SPACE',''
  ) );
#3475 = PCURVE('',#3476,#3481);
#3476 = CYLINDRICAL_SURFACE('',#3477,1.25);
#3477 = AXIS2_PLACEMENT_3D('',#3478,#3479,#3480);
#3478 = CARTESIAN_POINT('',(145.5,345.5,3.));
#3479 = DIRECTION('',(0.,0.,-1.));
#3480 = DIRECTION('',(-1.,0.,0.));
#3481 = DEFINITIONAL_REPRESENTATION('',(#3482),#3486);
#3482 = LINE('',#3483,#3484);
#3483 = CARTESIAN_POINT('',(0.,0.));
#3484 = VECTOR('',#3485,1.);
#3485 = DIRECTION('',(1.,0.));
#3486 = ( GEOMETRIC_REPRESENTATION_CONTEXT(2) 
PARAMETRIC_REPRESENTATION_CONTEXT() REPRESENTATION_CONTEXT('2D SPACE',''
  ) );
#3487 = FACE_BOUND('',#3488,.T.);
#3488 = EDGE_LOOP('',(#3489));
#3489 = ORIENTED_EDGE('',*,*,#3490,.T.);
#3490 = EDGE_CURVE('',#3491,#3491,#3493,.T.);
#3491 = VERTEX_POINT('',#3492);
#3492 = CARTESIAN_POINT('',(153.25,304.5,3.));
#3493 = SURFACE_CURVE('',#3494,(#3499,#3510),.PCURVE_S1.);
#3494 = CIRCLE('',#3495,1.25);
#3495 = AXIS2_PLACEMENT_3D('',#3496,#3497,#3498);
#3496 = CARTESIAN_POINT('',(154.5,304.5,3.));
#3497 = DIRECTION('',(0.,0.,-1.));
#3498 = DIRECTION('',(-1.,0.,0.));
#3499 = PCURVE('',#44,#3500);
#3500 = DEFINITIONAL_REPRESENTATION('',(#3501),#3509);
#3501 = ( BOUNDED_CURVE() B_SPLINE_CURVE(2,(#3502,#3503,#3504,#3505,
#3506,#3507,#3508),.UNSPECIFIED.,.T.,.F.) B_SPLINE_CURVE_WITH_KNOTS((1,2
    ,2,2,2,1),(-2.094395102393,0.,2.094395102393,4.188790204786,
6.28318530718,8.377580409573),.UNSPECIFIED.) CURVE() 
GEOMETRIC_REPRESENTATION_ITEM() RATIONAL_B_SPLINE_CURVE((1.,0.5,1.,0.5,
1.,0.5,1.)) REPRESENTATION_ITEM('') );
#3502 = CARTESIAN_POINT('',(173.25,324.5));
#3503 = CARTESIAN_POINT('',(173.25,326.66506350946));
#3504 = CARTESIAN_POINT('',(175.125,325.58253175473));
#3505 = CARTESIAN_POINT('',(177.,324.5));
#3506 = CARTESIAN_POINT('',(175.125,323.41746824526));
#3507 = CARTESIAN_POINT('',(173.25,322.33493649053));
#3508 = CARTESIAN_POINT('',(173.25,324.5));
#3509 = ( GEOMETRIC_REPRESENTATION_CONTEXT(2) 
PARAMETRIC_REPRESENTATION_CONTEXT() REPRESENTATION_CONTEXT('2D SPACE',''
  ) );
#3510 = PCURVE('',#3511,#3516);
#3511 = CYLINDRICAL_SURFACE('',#3512,1.25);
#3512 = AXIS2_PLACEMENT_3D('',#3513,#3514,#3515);
#3513 = CARTESIAN_POINT('',(154.5,304.5,3.));
#3514 = DIRECTION('',(0.,0.,-1.));
#3515 = DIRECTION('',(-1.,0.,0.));
#3516 = DEFINITIONAL_REPRESENTATION('',(#3517),#3521);
#3517 = LINE('',#3518,#3519);
#3518 = CARTESIAN_POINT('',(0.,0.));
#3519 = VECTOR('',#3520,1.);
#3520 = DIRECTION('',(1.,0.));
#3521 = ( GEOMETRIC_REPRESENTATION_CONTEXT(2) 
PARAMETRIC_REPRESENTATION_CONTEXT() REPRESENTATION_CONTEXT('2D SPACE',''
  ) );
#3522 = FACE_BOUND('',#3523,.T.);
#3523 = EDGE_LOOP('',(#3524));
#3524 = ORIENTED_EDGE('',*,*,#3525,.T.);
#3525 = EDGE_CURVE('',#3526,#3526,#3528,.T.);
#3526 = VERTEX_POINT('',#3527);
#3527 = CARTESIAN_POINT('',(194.25,345.5,3.));
#3528 = SURFACE_CURVE('',#3529,(#3534,#3545),.PCURVE_S1.);
#3529 = CIRCLE('',#3530,1.25);
#3530 = AXIS2_PLACEMENT_3D('',#3531,#3532,#3533);
#3531 = CARTESIAN_POINT('',(195.5,345.5,3.));
#3532 = DIRECTION('',(0.,0.,-1.));
#3533 = DIRECTION('',(-1.,0.,0.));
#3534 = PCURVE('',#44,#3535);
#3535 = DEFINITIONAL_REPRESENTATION('',(#3536),#3544);
#3536 = ( BOUNDED_CURVE() B_SPLINE_CURVE(2,(#3537,#3538,#3539,#3540,
#3541,#3542,#3543),.UNSPECIFIED.,.T.,.F.) B_SPLINE_CURVE_WITH_KNOTS((1,2
    ,2,2,2,1),(-2.094395102393,0.,2.094395102393,4.188790204786,
6.28318530718,8.377580409573),.UNSPECIFIED.) CURVE() 
GEOMETRIC_REPRESENTATION_ITEM() RATIONAL_B_SPLINE_CURVE((1.,0.5,1.,0.5,
1.,0.5,1.)) REPRESENTATION_ITEM('') );
#3537 = CARTESIAN_POINT('',(214.25,365.5));
#3538 = CARTESIAN_POINT('',(214.25,367.66506350946));
#3539 = CARTESIAN_POINT('',(216.125,366.58253175473));
#3540 = CARTESIAN_POINT('',(218.,365.5));
#3541 = CARTESIAN_POINT('',(216.125,364.41746824526));
#3542 = CARTESIAN_POINT('',(214.25,363.33493649053));
#3543 = CARTESIAN_POINT('',(214.25,365.5));
#3544 = ( GEOMETRIC_REPRESENTATION_CONTEXT(2) 
PARAMETRIC_REPRESENTATION_CONTEXT() REPRESENTATION_CONTEXT('2D SPACE',''
  ) );
#3545 = PCURVE('',#3546,#3551);
#3546 = CYLINDRICAL_SURFACE('',#3547,1.25);
#3547 = AXIS2_PLACEMENT_3D('',#3548,#3549,#3550);
#3548 = CARTESIAN_POINT('',(195.5,345.5,3.));
#3549 = DIRECTION('',(0.,0.,-1.));
#3550 = DIRECTION('',(-1.,0.,0.));
#3551 = DEFINITIONAL_REPRESENTATION('',(#3552),#3556);
#3552 = LINE('',#3553,#3554);
#3553 = CARTESIAN_POINT('',(0.,0.));
#3554 = VECTOR('',#3555,1.);
#3555 = DIRECTION('',(1.,0.));
#3556 = ( GEOMETRIC_REPRESENTATION_CONTEXT(2) 
PARAMETRIC_REPRESENTATION_CONTEXT() REPRESENTATION_CONTEXT('2D SPACE',''
  ) );
#3557 = FACE_BOUND('',#3558,.T.);
#3558 = EDGE_LOOP('',(#3559));
#3559 = ORIENTED_EDGE('',*,*,#3560,.T.);
#3560 = EDGE_CURVE('',#3561,#3561,#3563,.T.);
#3561 = VERTEX_POINT('',#3562);
#3562 = CARTESIAN_POINT('',(103.25,354.5,3.));
#3563 = SURFACE_CURVE('',#3564,(#3569,#3580),.PCURVE_S1.);
#3564 = CIRCLE('',#3565,1.25);
#3565 = AXIS2_PLACEMENT_3D('',#3566,#3567,#3568);
#3566 = CARTESIAN_POINT('',(104.5,354.5,3.));
#3567 = DIRECTION('',(0.,0.,-1.));
#3568 = DIRECTION('',(-1.,0.,0.));
#3569 = PCURVE('',#44,#3570);
#3570 = DEFINITIONAL_REPRESENTATION('',(#3571),#3579);
#3571 = ( BOUNDED_CURVE() B_SPLINE_CURVE(2,(#3572,#3573,#3574,#3575,
#3576,#3577,#3578),.UNSPECIFIED.,.T.,.F.) B_SPLINE_CURVE_WITH_KNOTS((1,2
    ,2,2,2,1),(-2.094395102393,0.,2.094395102393,4.188790204786,
6.28318530718,8.377580409573),.UNSPECIFIED.) CURVE() 
GEOMETRIC_REPRESENTATION_ITEM() RATIONAL_B_SPLINE_CURVE((1.,0.5,1.,0.5,
1.,0.5,1.)) REPRESENTATION_ITEM('') );
#3572 = CARTESIAN_POINT('',(123.25,374.5));
#3573 = CARTESIAN_POINT('',(123.25,376.66506350946));
#3574 = CARTESIAN_POINT('',(125.125,375.58253175473));
#3575 = CARTESIAN_POINT('',(127.,374.5));
#3576 = CARTESIAN_POINT('',(125.125,373.41746824526));
#3577 = CARTESIAN_POINT('',(123.25,372.33493649053));
#3578 = CARTESIAN_POINT('',(123.25,374.5));
#3579 = ( GEOMETRIC_REPRESENTATION_CONTEXT(2) 
PARAMETRIC_REPRESENTATION_CONTEXT() REPRESENTATION_CONTEXT('2D SPACE',''
  ) );
#3580 = PCURVE('',#3581,#3586);
#3581 = CYLINDRICAL_SURFACE('',#3582,1.25);
#3582 = AXIS2_PLACEMENT_3D('',#3583,#3584,#3585);
#3583 = CARTESIAN_POINT('',(104.5,354.5,3.));
#3584 = DIRECTION('',(0.,0.,-1.));
#3585 = DIRECTION('',(-1.,0.,0.));
#3586 = DEFINITIONAL_REPRESENTATION('',(#3587),#3591);
#3587 = LINE('',#3588,#3589);
#3588 = CARTESIAN_POINT('',(0.,0.));
#3589 = VECTOR('',#3590,1.);
#3590 = DIRECTION('',(1.,0.));
#3591 = ( GEOMETRIC_REPRESENTATION_CONTEXT(2) 
PARAMETRIC_REPRESENTATION_CONTEXT() REPRESENTATION_CONTEXT('2D SPACE',''
  ) );
#3592 = FACE_BOUND('',#3593,.T.);
#3593 = EDGE_LOOP('',(#3594));
#3594 = ORIENTED_EDGE('',*,*,#3595,.T.);
#3595 = EDGE_CURVE('',#3596,#3596,#3598,.T.);
#3596 = VERTEX_POINT('',#3597);
#3597 = CARTESIAN_POINT('',(144.25,395.5,3.));
#3598 = SURFACE_CURVE('',#3599,(#3604,#3615),.PCURVE_S1.);
#3599 = CIRCLE('',#3600,1.25);
#3600 = AXIS2_PLACEMENT_3D('',#3601,#3602,#3603);
#3601 = CARTESIAN_POINT('',(145.5,395.5,3.));
#3602 = DIRECTION('',(0.,0.,-1.));
#3603 = DIRECTION('',(-1.,0.,0.));
#3604 = PCURVE('',#44,#3605);
#3605 = DEFINITIONAL_REPRESENTATION('',(#3606),#3614);
#3606 = ( BOUNDED_CURVE() B_SPLINE_CURVE(2,(#3607,#3608,#3609,#3610,
#3611,#3612,#3613),.UNSPECIFIED.,.T.,.F.) B_SPLINE_CURVE_WITH_KNOTS((1,2
    ,2,2,2,1),(-2.094395102393,0.,2.094395102393,4.188790204786,
6.28318530718,8.377580409573),.UNSPECIFIED.) CURVE() 
GEOMETRIC_REPRESENTATION_ITEM() RATIONAL_B_SPLINE_CURVE((1.,0.5,1.,0.5,
1.,0.5,1.)) REPRESENTATION_ITEM('') );
#3607 = CARTESIAN_POINT('',(164.25,415.5));
#3608 = CARTESIAN_POINT('',(164.25,417.66506350946));
#3609 = CARTESIAN_POINT('',(166.125,416.58253175473));
#3610 = CARTESIAN_POINT('',(168.,415.5));
#3611 = CARTESIAN_POINT('',(166.125,414.41746824526));
#3612 = CARTESIAN_POINT('',(164.25,413.33493649053));
#3613 = CARTESIAN_POINT('',(164.25,415.5));
#3614 = ( GEOMETRIC_REPRESENTATION_CONTEXT(2) 
PARAMETRIC_REPRESENTATION_CONTEXT() REPRESENTATION_CONTEXT('2D SPACE',''
  ) );
#3615 = PCURVE('',#3616,#3621);
#3616 = CYLINDRICAL_SURFACE('',#3617,1.25);
#3617 = AXIS2_PLACEMENT_3D('',#3618,#3619,#3620);
#3618 = CARTESIAN_POINT('',(145.5,395.5,3.));
#3619 = DIRECTION('',(0.,0.,-1.));
#3620 = DIRECTION('',(-1.,0.,0.));
#3621 = DEFINITIONAL_REPRESENTATION('',(#3622),#3626);
#3622 = LINE('',#3623,#3624);
#3623 = CARTESIAN_POINT('',(0.,0.));
#3624 = VECTOR('',#3625,1.);
#3625 = DIRECTION('',(1.,0.));
#3626 = ( GEOMETRIC_REPRESENTATION_CONTEXT(2) 
PARAMETRIC_REPRESENTATION_CONTEXT() REPRESENTATION_CONTEXT('2D SPACE',''
  ) );
#3627 = FACE_BOUND('',#3628,.T.);
#3628 = EDGE_LOOP('',(#3629));
#3629 = ORIENTED_EDGE('',*,*,#3630,.T.);
#3630 = EDGE_CURVE('',#3631,#3631,#3633,.T.);
#3631 = VERTEX_POINT('',#3632);
#3632 = CARTESIAN_POINT('',(153.25,354.5,3.));
#3633 = SURFACE_CURVE('',#3634,(#3639,#3650),.PCURVE_S1.);
#3634 = CIRCLE('',#3635,1.25);
#3635 = AXIS2_PLACEMENT_3D('',#3636,#3637,#3638);
#3636 = CARTESIAN_POINT('',(154.5,354.5,3.));
#3637 = DIRECTION('',(0.,0.,-1.));
#3638 = DIRECTION('',(-1.,0.,0.));
#3639 = PCURVE('',#44,#3640);
#3640 = DEFINITIONAL_REPRESENTATION('',(#3641),#3649);
#3641 = ( BOUNDED_CURVE() B_SPLINE_CURVE(2,(#3642,#3643,#3644,#3645,
#3646,#3647,#3648),.UNSPECIFIED.,.T.,.F.) B_SPLINE_CURVE_WITH_KNOTS((1,2
    ,2,2,2,1),(-2.094395102393,0.,2.094395102393,4.188790204786,
6.28318530718,8.377580409573),.UNSPECIFIED.) CURVE() 
GEOMETRIC_REPRESENTATION_ITEM() RATIONAL_B_SPLINE_CURVE((1.,0.5,1.,0.5,
1.,0.5,1.)) REPRESENTATION_ITEM('') );
#3642 = CARTESIAN_POINT('',(173.25,374.5));
#3643 = CARTESIAN_POINT('',(173.25,376.66506350946));
#3644 = CARTESIAN_POINT('',(175.125,375.58253175473));
#3645 = CARTESIAN_POINT('',(177.,374.5));
#3646 = CARTESIAN_POINT('',(175.125,373.41746824526));
#3647 = CARTESIAN_POINT('',(173.25,372.33493649053));
#3648 = CARTESIAN_POINT('',(173.25,374.5));
#3649 = ( GEOMETRIC_REPRESENTATION_CONTEXT(2) 
PARAMETRIC_REPRESENTATION_CONTEXT() REPRESENTATION_CONTEXT('2D SPACE',''
  ) );
#3650 = PCURVE('',#3651,#3656);
#3651 = CYLINDRICAL_SURFACE('',#3652,1.25);
#3652 = AXIS2_PLACEMENT_3D('',#3653,#3654,#3655);
#3653 = CARTESIAN_POINT('',(154.5,354.5,3.));
#3654 = DIRECTION('',(0.,0.,-1.));
#3655 = DIRECTION('',(-1.,0.,0.));
#3656 = DEFINITIONAL_REPRESENTATION('',(#3657),#3661);
#3657 = LINE('',#3658,#3659);
#3658 = CARTESIAN_POINT('',(0.,0.));
#3659 = VECTOR('',#3660,1.);
#3660 = DIRECTION('',(1.,0.));
#3661 = ( GEOMETRIC_REPRESENTATION_CONTEXT(2) 
PARAMETRIC_REPRESENTATION_CONTEXT() REPRESENTATION_CONTEXT('2D SPACE',''
  ) );
#3662 = FACE_BOUND('',#3663,.T.);
#3663 = EDGE_LOOP('',(#3664));
#3664 = ORIENTED_EDGE('',*,*,#3665,.T.);
#3665 = EDGE_CURVE('',#3666,#3666,#3668,.T.);
#3666 = VERTEX_POINT('',#3667);
#3667 = CARTESIAN_POINT('',(194.25,395.5,3.));
#3668 = SURFACE_CURVE('',#3669,(#3674,#3685),.PCURVE_S1.);
#3669 = CIRCLE('',#3670,1.25);
#3670 = AXIS2_PLACEMENT_3D('',#3671,#3672,#3673);
#3671 = CARTESIAN_POINT('',(195.5,395.5,3.));
#3672 = DIRECTION('',(0.,0.,-1.));
#3673 = DIRECTION('',(-1.,0.,0.));
#3674 = PCURVE('',#44,#3675);
#3675 = DEFINITIONAL_REPRESENTATION('',(#3676),#3684);
#3676 = ( BOUNDED_CURVE() B_SPLINE_CURVE(2,(#3677,#3678,#3679,#3680,
#3681,#3682,#3683),.UNSPECIFIED.,.T.,.F.) B_SPLINE_CURVE_WITH_KNOTS((1,2
    ,2,2,2,1),(-2.094395102393,0.,2.094395102393,4.188790204786,
6.28318530718,8.377580409573),.UNSPECIFIED.) CURVE() 
GEOMETRIC_REPRESENTATION_ITEM() RATIONAL_B_SPLINE_CURVE((1.,0.5,1.,0.5,
1.,0.5,1.)) REPRESENTATION_ITEM('') );
#3677 = CARTESIAN_POINT('',(214.25,415.5));
#3678 = CARTESIAN_POINT('',(214.25,417.66506350946));
#3679 = CARTESIAN_POINT('',(216.125,416.58253175473));
#3680 = CARTESIAN_POINT('',(218.,415.5));
#3681 = CARTESIAN_POINT('',(216.125,414.41746824526));
#3682 = CARTESIAN_POINT('',(214.25,413.33493649053));
#3683 = CARTESIAN_POINT('',(214.25,415.5));
#3684 = ( GEOMETRIC_REPRESENTATION_CONTEXT(2) 
PARAMETRIC_REPRESENTATION_CONTEXT() REPRESENTATION_CONTEXT('2D SPACE',''
  ) );
#3685 = PCURVE('',#3686,#3691);
#3686 = CYLINDRICAL_SURFACE('',#3687,1.25);
#3687 = AXIS2_PLACEMENT_3D('',#3688,#3689,#3690);
#3688 = CARTESIAN_POINT('',(195.5,395.5,3.));
#3689 = DIRECTION('',(0.,0.,-1.));
#3690 = DIRECTION('',(-1.,0.,0.));
#3691 = DEFINITIONAL_REPRESENTATION('',(#3692),#3696);
#3692 = LINE('',#3693,#3694);
#3693 = CARTESIAN_POINT('',(0.,0.));
#3694 = VECTOR('',#3695,1.);
#3695 = DIRECTION('',(1.,0.));
#3696 = ( GEOMETRIC_REPRESENTATION_CONTEXT(2) 
PARAMETRIC_REPRESENTATION_CONTEXT() REPRESENTATION_CONTEXT('2D SPACE',''
  ) );
#3697 = FACE_BOUND('',#3698,.T.);
#3698 = EDGE_LOOP('',(#3699));
#3699 = ORIENTED_EDGE('',*,*,#3700,.T.);
#3700 = EDGE_CURVE('',#3701,#3701,#3703,.T.);
#3701 = VERTEX_POINT('',#3702);
#3702 = CARTESIAN_POINT('',(203.25,204.5,3.));
#3703 = SURFACE_CURVE('',#3704,(#3709,#3720),.PCURVE_S1.);
#3704 = CIRCLE('',#3705,1.25);
#3705 = AXIS2_PLACEMENT_3D('',#3706,#3707,#3708);
#3706 = CARTESIAN_POINT('',(204.5,204.5,3.));
#3707 = DIRECTION('',(0.,0.,-1.));
#3708 = DIRECTION('',(-1.,0.,0.));
#3709 = PCURVE('',#44,#3710);
#3710 = DEFINITIONAL_REPRESENTATION('',(#3711),#3719);
#3711 = ( BOUNDED_CURVE() B_SPLINE_CURVE(2,(#3712,#3713,#3714,#3715,
#3716,#3717,#3718),.UNSPECIFIED.,.T.,.F.) B_SPLINE_CURVE_WITH_KNOTS((1,2
    ,2,2,2,1),(-2.094395102393,0.,2.094395102393,4.188790204786,
6.28318530718,8.377580409573),.UNSPECIFIED.) CURVE() 
GEOMETRIC_REPRESENTATION_ITEM() RATIONAL_B_SPLINE_CURVE((1.,0.5,1.,0.5,
1.,0.5,1.)) REPRESENTATION_ITEM('') );
#3712 = CARTESIAN_POINT('',(223.25,224.5));
#3713 = CARTESIAN_POINT('',(223.25,226.66506350946));
#3714 = CARTESIAN_POINT('',(225.125,225.58253175473));
#3715 = CARTESIAN_POINT('',(227.,224.5));
#3716 = CARTESIAN_POINT('',(225.125,223.41746824526));
#3717 = CARTESIAN_POINT('',(223.25,222.33493649053));
#3718 = CARTESIAN_POINT('',(223.25,224.5));
#3719 = ( GEOMETRIC_REPRESENTATION_CONTEXT(2) 
PARAMETRIC_REPRESENTATION_CONTEXT() REPRESENTATION_CONTEXT('2D SPACE',''
  ) );
#3720 = PCURVE('',#3721,#3726);
#3721 = CYLINDRICAL_SURFACE('',#3722,1.25);
#3722 = AXIS2_PLACEMENT_3D('',#3723,#3724,#3725);
#3723 = CARTESIAN_POINT('',(204.5,204.5,3.));
#3724 = DIRECTION('',(0.,0.,-1.));
#3725 = DIRECTION('',(-1.,0.,0.));
#3726 = DEFINITIONAL_REPRESENTATION('',(#3727),#3731);
#3727 = LINE('',#3728,#3729);
#3728 = CARTESIAN_POINT('',(0.,0.));
#3729 = VECTOR('',#3730,1.);
#3730 = DIRECTION('',(1.,0.));
#3731 = ( GEOMETRIC_REPRESENTATION_CONTEXT(2) 
PARAMETRIC_REPRESENTATION_CONTEXT() REPRESENTATION_CONTEXT('2D SPACE',''
  ) );
#3732 = FACE_BOUND('',#3733,.T.);
#3733 = EDGE_LOOP('',(#3734));
#3734 = ORIENTED_EDGE('',*,*,#3735,.T.);
#3735 = EDGE_CURVE('',#3736,#3736,#3738,.T.);
#3736 = VERTEX_POINT('',#3737);
#3737 = CARTESIAN_POINT('',(244.25,245.5,3.));
#3738 = SURFACE_CURVE('',#3739,(#3744,#3755),.PCURVE_S1.);
#3739 = CIRCLE('',#3740,1.25);
#3740 = AXIS2_PLACEMENT_3D('',#3741,#3742,#3743);
#3741 = CARTESIAN_POINT('',(245.5,245.5,3.));
#3742 = DIRECTION('',(0.,0.,-1.));
#3743 = DIRECTION('',(-1.,0.,0.));
#3744 = PCURVE('',#44,#3745);
#3745 = DEFINITIONAL_REPRESENTATION('',(#3746),#3754);
#3746 = ( BOUNDED_CURVE() B_SPLINE_CURVE(2,(#3747,#3748,#3749,#3750,
#3751,#3752,#3753),.UNSPECIFIED.,.T.,.F.) B_SPLINE_CURVE_WITH_KNOTS((1,2
    ,2,2,2,1),(-2.094395102393,0.,2.094395102393,4.188790204786,
6.28318530718,8.377580409573),.UNSPECIFIED.) CURVE() 
GEOMETRIC_REPRESENTATION_ITEM() RATIONAL_B_SPLINE_CURVE((1.,0.5,1.,0.5,
1.,0.5,1.)) REPRESENTATION_ITEM('') );
#3747 = CARTESIAN_POINT('',(264.25,265.5));
#3748 = CARTESIAN_POINT('',(264.25,267.66506350946));
#3749 = CARTESIAN_POINT('',(266.125,266.58253175473));
#3750 = CARTESIAN_POINT('',(268.,265.5));
#3751 = CARTESIAN_POINT('',(266.125,264.41746824526));
#3752 = CARTESIAN_POINT('',(264.25,263.33493649053));
#3753 = CARTESIAN_POINT('',(264.25,265.5));
#3754 = ( GEOMETRIC_REPRESENTATION_CONTEXT(2) 
PARAMETRIC_REPRESENTATION_CONTEXT() REPRESENTATION_CONTEXT('2D SPACE',''
  ) );
#3755 = PCURVE('',#3756,#3761);
#3756 = CYLINDRICAL_SURFACE('',#3757,1.25);
#3757 = AXIS2_PLACEMENT_3D('',#3758,#3759,#3760);
#3758 = CARTESIAN_POINT('',(245.5,245.5,3.));
#3759 = DIRECTION('',(0.,0.,-1.));
#3760 = DIRECTION('',(-1.,0.,0.));
#3761 = DEFINITIONAL_REPRESENTATION('',(#3762),#3766);
#3762 = LINE('',#3763,#3764);
#3763 = CARTESIAN_POINT('',(0.,0.));
#3764 = VECTOR('',#3765,1.);
#3765 = DIRECTION('',(1.,0.));
#3766 = ( GEOMETRIC_REPRESENTATION_CONTEXT(2) 
PARAMETRIC_REPRESENTATION_CONTEXT() REPRESENTATION_CONTEXT('2D SPACE',''
  ) );
#3767 = FACE_BOUND('',#3768,.T.);
#3768 = EDGE_LOOP('',(#3769));
#3769 = ORIENTED_EDGE('',*,*,#3770,.T.);
#3770 = EDGE_CURVE('',#3771,#3771,#3773,.T.);
#3771 = VERTEX_POINT('',#3772);
#3772 = CARTESIAN_POINT('',(253.25,204.5,3.));
#3773 = SURFACE_CURVE('',#3774,(#3779,#3790),.PCURVE_S1.);
#3774 = CIRCLE('',#3775,1.25);
#3775 = AXIS2_PLACEMENT_3D('',#3776,#3777,#3778);
#3776 = CARTESIAN_POINT('',(254.5,204.5,3.));
#3777 = DIRECTION('',(0.,0.,-1.));
#3778 = DIRECTION('',(-1.,0.,0.));
#3779 = PCURVE('',#44,#3780);
#3780 = DEFINITIONAL_REPRESENTATION('',(#3781),#3789);
#3781 = ( BOUNDED_CURVE() B_SPLINE_CURVE(2,(#3782,#3783,#3784,#3785,
#3786,#3787,#3788),.UNSPECIFIED.,.T.,.F.) B_SPLINE_CURVE_WITH_KNOTS((1,2
    ,2,2,2,1),(-2.094395102393,0.,2.094395102393,4.188790204786,
6.28318530718,8.377580409573),.UNSPECIFIED.) CURVE() 
GEOMETRIC_REPRESENTATION_ITEM() RATIONAL_B_SPLINE_CURVE((1.,0.5,1.,0.5,
1.,0.5,1.)) REPRESENTATION_ITEM('') );
#3782 = CARTESIAN_POINT('',(273.25,224.5));
#3783 = CARTESIAN_POINT('',(273.25,226.66506350946));
#3784 = CARTESIAN_POINT('',(275.125,225.58253175473));
#3785 = CARTESIAN_POINT('',(277.,224.5));
#3786 = CARTESIAN_POINT('',(275.125,223.41746824526));
#3787 = CARTESIAN_POINT('',(273.25,222.33493649053));
#3788 = CARTESIAN_POINT('',(273.25,224.5));
#3789 = ( GEOMETRIC_REPRESENTATION_CONTEXT(2) 
PARAMETRIC_REPRESENTATION_CONTEXT() REPRESENTATION_CONTEXT('2D SPACE',''
  ) );
#3790 = PCURVE('',#3791,#3796);
#3791 = CYLINDRICAL_SURFACE('',#3792,1.25);
#3792 = AXIS2_PLACEMENT_3D('',#3793,#3794,#3795);
#3793 = CARTESIAN_POINT('',(254.5,204.5,3.));
#3794 = DIRECTION('',(0.,0.,-1.));
#3795 = DIRECTION('',(-1.,0.,0.));
#3796 = DEFINITIONAL_REPRESENTATION('',(#3797),#3801);
#3797 = LINE('',#3798,#3799);
#3798 = CARTESIAN_POINT('',(0.,0.));
#3799 = VECTOR('',#3800,1.);
#3800 = DIRECTION('',(1.,0.));
#3801 = ( GEOMETRIC_REPRESENTATION_CONTEXT(2) 
PARAMETRIC_REPRESENTATION_CONTEXT() REPRESENTATION_CONTEXT('2D SPACE',''
  ) );
#3802 = FACE_BOUND('',#3803,.T.);
#3803 = EDGE_LOOP('',(#3804));
#3804 = ORIENTED_EDGE('',*,*,#3805,.T.);
#3805 = EDGE_CURVE('',#3806,#3806,#3808,.T.);
#3806 = VERTEX_POINT('',#3807);
#3807 = CARTESIAN_POINT('',(294.25,245.5,3.));
#3808 = SURFACE_CURVE('',#3809,(#3814,#3825),.PCURVE_S1.);
#3809 = CIRCLE('',#3810,1.25);
#3810 = AXIS2_PLACEMENT_3D('',#3811,#3812,#3813);
#3811 = CARTESIAN_POINT('',(295.5,245.5,3.));
#3812 = DIRECTION('',(0.,0.,-1.));
#3813 = DIRECTION('',(-1.,0.,0.));
#3814 = PCURVE('',#44,#3815);
#3815 = DEFINITIONAL_REPRESENTATION('',(#3816),#3824);
#3816 = ( BOUNDED_CURVE() B_SPLINE_CURVE(2,(#3817,#3818,#3819,#3820,
#3821,#3822,#3823),.UNSPECIFIED.,.T.,.F.) B_SPLINE_CURVE_WITH_KNOTS((1,2
    ,2,2,2,1),(-2.094395102393,0.,2.094395102393,4.188790204786,
6.28318530718,8.377580409573),.UNSPECIFIED.) CURVE() 
GEOMETRIC_REPRESENTATION_ITEM() RATIONAL_B_SPLINE_CURVE((1.,0.5,1.,0.5,
1.,0.5,1.)) REPRESENTATION_ITEM('') );
#3817 = CARTESIAN_POINT('',(314.25,265.5));
#3818 = CARTESIAN_POINT('',(314.25,267.66506350946));
#3819 = CARTESIAN_POINT('',(316.125,266.58253175473));
#3820 = CARTESIAN_POINT('',(318.,265.5));
#3821 = CARTESIAN_POINT('',(316.125,264.41746824526));
#3822 = CARTESIAN_POINT('',(314.25,263.33493649053));
#3823 = CARTESIAN_POINT('',(314.25,265.5));
#3824 = ( GEOMETRIC_REPRESENTATION_CONTEXT(2) 
PARAMETRIC_REPRESENTATION_CONTEXT() REPRESENTATION_CONTEXT('2D SPACE',''
  ) );
#3825 = PCURVE('',#3826,#3831);
#3826 = CYLINDRICAL_SURFACE('',#3827,1.25);
#3827 = AXIS2_PLACEMENT_3D('',#3828,#3829,#3830);
#3828 = CARTESIAN_POINT('',(295.5,245.5,3.));
#3829 = DIRECTION('',(0.,0.,-1.));
#3830 = DIRECTION('',(-1.,0.,0.));
#3831 = DEFINITIONAL_REPRESENTATION('',(#3832),#3836);
#3832 = LINE('',#3833,#3834);
#3833 = CARTESIAN_POINT('',(0.,0.));
#3834 = VECTOR('',#3835,1.);
#3835 = DIRECTION('',(1.,0.));
#3836 = ( GEOMETRIC_REPRESENTATION_CONTEXT(2) 
PARAMETRIC_REPRESENTATION_CONTEXT() REPRESENTATION_CONTEXT('2D SPACE',''
  ) );
#3837 = FACE_BOUND('',#3838,.T.);
#3838 = EDGE_LOOP('',(#3839));
#3839 = ORIENTED_EDGE('',*,*,#3840,.T.);
#3840 = EDGE_CURVE('',#3841,#3841,#3843,.T.);
#3841 = VERTEX_POINT('',#3842);
#3842 = CARTESIAN_POINT('',(203.25,254.5,3.));
#3843 = SURFACE_CURVE('',#3844,(#3849,#3860),.PCURVE_S1.);
#3844 = CIRCLE('',#3845,1.25);
#3845 = AXIS2_PLACEMENT_3D('',#3846,#3847,#3848);
#3846 = CARTESIAN_POINT('',(204.5,254.5,3.));
#3847 = DIRECTION('',(0.,0.,-1.));
#3848 = DIRECTION('',(-1.,0.,0.));
#3849 = PCURVE('',#44,#3850);
#3850 = DEFINITIONAL_REPRESENTATION('',(#3851),#3859);
#3851 = ( BOUNDED_CURVE() B_SPLINE_CURVE(2,(#3852,#3853,#3854,#3855,
#3856,#3857,#3858),.UNSPECIFIED.,.T.,.F.) B_SPLINE_CURVE_WITH_KNOTS((1,2
    ,2,2,2,1),(-2.094395102393,0.,2.094395102393,4.188790204786,
6.28318530718,8.377580409573),.UNSPECIFIED.) CURVE() 
GEOMETRIC_REPRESENTATION_ITEM() RATIONAL_B_SPLINE_CURVE((1.,0.5,1.,0.5,
1.,0.5,1.)) REPRESENTATION_ITEM('') );
#3852 = CARTESIAN_POINT('',(223.25,274.5));
#3853 = CARTESIAN_POINT('',(223.25,276.66506350946));
#3854 = CARTESIAN_POINT('',(225.125,275.58253175473));
#3855 = CARTESIAN_POINT('',(227.,274.5));
#3856 = CARTESIAN_POINT('',(225.125,273.41746824526));
#3857 = CARTESIAN_POINT('',(223.25,272.33493649053));
#3858 = CARTESIAN_POINT('',(223.25,274.5));
#3859 = ( GEOMETRIC_REPRESENTATION_CONTEXT(2) 
PARAMETRIC_REPRESENTATION_CONTEXT() REPRESENTATION_CONTEXT('2D SPACE',''
  ) );
#3860 = PCURVE('',#3861,#3866);
#3861 = CYLINDRICAL_SURFACE('',#3862,1.25);
#3862 = AXIS2_PLACEMENT_3D('',#3863,#3864,#3865);
#3863 = CARTESIAN_POINT('',(204.5,254.5,3.));
#3864 = DIRECTION('',(0.,0.,-1.));
#3865 = DIRECTION('',(-1.,0.,0.));
#3866 = DEFINITIONAL_REPRESENTATION('',(#3867),#3871);
#3867 = LINE('',#3868,#3869);
#3868 = CARTESIAN_POINT('',(0.,0.));
#3869 = VECTOR('',#3870,1.);
#3870 = DIRECTION('',(1.,0.));
#3871 = ( GEOMETRIC_REPRESENTATION_CONTEXT(2) 
PARAMETRIC_REPRESENTATION_CONTEXT() REPRESENTATION_CONTEXT('2D SPACE',''
  ) );
#3872 = FACE_BOUND('',#3873,.T.);
#3873 = EDGE_LOOP('',(#3874));
#3874 = ORIENTED_EDGE('',*,*,#3875,.T.);
#3875 = EDGE_CURVE('',#3876,#3876,#3878,.T.);
#3876 = VERTEX_POINT('',#3877);
#3877 = CARTESIAN_POINT('',(244.25,295.5,3.));
#3878 = SURFACE_CURVE('',#3879,(#3884,#3895),.PCURVE_S1.);
#3879 = CIRCLE('',#3880,1.25);
#3880 = AXIS2_PLACEMENT_3D('',#3881,#3882,#3883);
#3881 = CARTESIAN_POINT('',(245.5,295.5,3.));
#3882 = DIRECTION('',(0.,0.,-1.));
#3883 = DIRECTION('',(-1.,0.,0.));
#3884 = PCURVE('',#44,#3885);
#3885 = DEFINITIONAL_REPRESENTATION('',(#3886),#3894);
#3886 = ( BOUNDED_CURVE() B_SPLINE_CURVE(2,(#3887,#3888,#3889,#3890,
#3891,#3892,#3893),.UNSPECIFIED.,.T.,.F.) B_SPLINE_CURVE_WITH_KNOTS((1,2
    ,2,2,2,1),(-2.094395102393,0.,2.094395102393,4.188790204786,
6.28318530718,8.377580409573),.UNSPECIFIED.) CURVE() 
GEOMETRIC_REPRESENTATION_ITEM() RATIONAL_B_SPLINE_CURVE((1.,0.5,1.,0.5,
1.,0.5,1.)) REPRESENTATION_ITEM('') );
#3887 = CARTESIAN_POINT('',(264.25,315.5));
#3888 = CARTESIAN_POINT('',(264.25,317.66506350946));
#3889 = CARTESIAN_POINT('',(266.125,316.58253175473));
#3890 = CARTESIAN_POINT('',(268.,315.5));
#3891 = CARTESIAN_POINT('',(266.125,314.41746824526));
#3892 = CARTESIAN_POINT('',(264.25,313.33493649053));
#3893 = CARTESIAN_POINT('',(264.25,315.5));
#3894 = ( GEOMETRIC_REPRESENTATION_CONTEXT(2) 
PARAMETRIC_REPRESENTATION_CONTEXT() REPRESENTATION_CONTEXT('2D SPACE',''
  ) );
#3895 = PCURVE('',#3896,#3901);
#3896 = CYLINDRICAL_SURFACE('',#3897,1.25);
#3897 = AXIS2_PLACEMENT_3D('',#3898,#3899,#3900);
#3898 = CARTESIAN_POINT('',(245.5,295.5,3.));
#3899 = DIRECTION('',(0.,0.,-1.));
#3900 = DIRECTION('',(-1.,0.,0.));
#3901 = DEFINITIONAL_REPRESENTATION('',(#3902),#3906);
#3902 = LINE('',#3903,#3904);
#3903 = CARTESIAN_POINT('',(0.,0.));
#3904 = VECTOR('',#3905,1.);
#3905 = DIRECTION('',(1.,0.));
#3906 = ( GEOMETRIC_REPRESENTATION_CONTEXT(2) 
PARAMETRIC_REPRESENTATION_CONTEXT() REPRESENTATION_CONTEXT('2D SPACE',''
  ) );
#3907 = FACE_BOUND('',#3908,.T.);
#3908 = EDGE_LOOP('',(#3909));
#3909 = ORIENTED_EDGE('',*,*,#3910,.T.);
#3910 = EDGE_CURVE('',#3911,#3911,#3913,.T.);
#3911 = VERTEX_POINT('',#3912);
#3912 = CARTESIAN_POINT('',(253.25,254.5,3.));
#3913 = SURFACE_CURVE('',#3914,(#3919,#3930),.PCURVE_S1.);
#3914 = CIRCLE('',#3915,1.25);
#3915 = AXIS2_PLACEMENT_3D('',#3916,#3917,#3918);
#3916 = CARTESIAN_POINT('',(254.5,254.5,3.));
#3917 = DIRECTION('',(0.,0.,-1.));
#3918 = DIRECTION('',(-1.,0.,0.));
#3919 = PCURVE('',#44,#3920);
#3920 = DEFINITIONAL_REPRESENTATION('',(#3921),#3929);
#3921 = ( BOUNDED_CURVE() B_SPLINE_CURVE(2,(#3922,#3923,#3924,#3925,
#3926,#3927,#3928),.UNSPECIFIED.,.T.,.F.) B_SPLINE_CURVE_WITH_KNOTS((1,2
    ,2,2,2,1),(-2.094395102393,0.,2.094395102393,4.188790204786,
6.28318530718,8.377580409573),.UNSPECIFIED.) CURVE() 
GEOMETRIC_REPRESENTATION_ITEM() RATIONAL_B_SPLINE_CURVE((1.,0.5,1.,0.5,
1.,0.5,1.)) REPRESENTATION_ITEM('') );
#3922 = CARTESIAN_POINT('',(273.25,274.5));
#3923 = CARTESIAN_POINT('',(273.25,276.66506350946));
#3924 = CARTESIAN_POINT('',(275.125,275.58253175473));
#3925 = CARTESIAN_POINT('',(277.,274.5));
#3926 = CARTESIAN_POINT('',(275.125,273.41746824526));
#3927 = CARTESIAN_POINT('',(273.25,272.33493649053));
#3928 = CARTESIAN_POINT('',(273.25,274.5));
#3929 = ( GEOMETRIC_REPRESENTATION_CONTEXT(2) 
PARAMETRIC_REPRESENTATION_CONTEXT() REPRESENTATION_CONTEXT('2D SPACE',''
  ) );
#3930 = PCURVE('',#3931,#3936);
#3931 = CYLINDRICAL_SURFACE('',#3932,1.25);
#3932 = AXIS2_PLACEMENT_3D('',#3933,#3934,#3935);
#3933 = CARTESIAN_POINT('',(254.5,254.5,3.));
#3934 = DIRECTION('',(0.,0.,-1.));
#3935 = DIRECTION('',(-1.,0.,0.));
#3936 = DEFINITIONAL_REPRESENTATION('',(#3937),#3941);
#3937 = LINE('',#3938,#3939);
#3938 = CARTESIAN_POINT('',(0.,0.));
#3939 = VECTOR('',#3940,1.);
#3940 = DIRECTION('',(1.,0.));
#3941 = ( GEOMETRIC_REPRESENTATION_CONTEXT(2) 
PARAMETRIC_REPRESENTATION_CONTEXT() REPRESENTATION_CONTEXT('2D SPACE',''
  ) );
#3942 = FACE_BOUND('',#3943,.T.);
#3943 = EDGE_LOOP('',(#3944));
#3944 = ORIENTED_EDGE('',*,*,#3945,.T.);
#3945 = EDGE_CURVE('',#3946,#3946,#3948,.T.);
#3946 = VERTEX_POINT('',#3947);
#3947 = CARTESIAN_POINT('',(294.25,295.5,3.));
#3948 = SURFACE_CURVE('',#3949,(#3954,#3965),.PCURVE_S1.);
#3949 = CIRCLE('',#3950,1.25);
#3950 = AXIS2_PLACEMENT_3D('',#3951,#3952,#3953);
#3951 = CARTESIAN_POINT('',(295.5,295.5,3.));
#3952 = DIRECTION('',(0.,0.,-1.));
#3953 = DIRECTION('',(-1.,0.,0.));
#3954 = PCURVE('',#44,#3955);
#3955 = DEFINITIONAL_REPRESENTATION('',(#3956),#3964);
#3956 = ( BOUNDED_CURVE() B_SPLINE_CURVE(2,(#3957,#3958,#3959,#3960,
#3961,#3962,#3963),.UNSPECIFIED.,.T.,.F.) B_SPLINE_CURVE_WITH_KNOTS((1,2
    ,2,2,2,1),(-2.094395102393,0.,2.094395102393,4.188790204786,
6.28318530718,8.377580409573),.UNSPECIFIED.) CURVE() 
GEOMETRIC_REPRESENTATION_ITEM() RATIONAL_B_SPLINE_CURVE((1.,0.5,1.,0.5,
1.,0.5,1.)) REPRESENTATION_ITEM('') );
#3957 = CARTESIAN_POINT('',(314.25,315.5));
#3958 = CARTESIAN_POINT('',(314.25,317.66506350946));
#3959 = CARTESIAN_POINT('',(316.125,316.58253175473));
#3960 = CARTESIAN_POINT('',(318.,315.5));
#3961 = CARTESIAN_POINT('',(316.125,314.41746824526));
#3962 = CARTESIAN_POINT('',(314.25,313.33493649053));
#3963 = CARTESIAN_POINT('',(314.25,315.5));
#3964 = ( GEOMETRIC_REPRESENTATION_CONTEXT(2) 
PARAMETRIC_REPRESENTATION_CONTEXT() REPRESENTATION_CONTEXT('2D SPACE',''
  ) );
#3965 = PCURVE('',#3966,#3971);
#3966 = CYLINDRICAL_SURFACE('',#3967,1.25);
#3967 = AXIS2_PLACEMENT_3D('',#3968,#3969,#3970);
#3968 = CARTESIAN_POINT('',(295.5,295.5,3.));
#3969 = DIRECTION('',(0.,0.,-1.));
#3970 = DIRECTION('',(-1.,0.,0.));
#3971 = DEFINITIONAL_REPRESENTATION('',(#3972),#3976);
#3972 = LINE('',#3973,#3974);
#3973 = CARTESIAN_POINT('',(0.,0.));
#3974 = VECTOR('',#3975,1.);
#3975 = DIRECTION('',(1.,0.));
#3976 = ( GEOMETRIC_REPRESENTATION_CONTEXT(2) 
PARAMETRIC_REPRESENTATION_CONTEXT() REPRESENTATION_CONTEXT('2D SPACE',''
  ) );
#3977 = FACE_BOUND('',#3978,.T.);
#3978 = EDGE_LOOP('',(#3979));
#3979 = ORIENTED_EDGE('',*,*,#3980,.T.);
#3980 = EDGE_CURVE('',#3981,#3981,#3983,.T.);
#3981 = VERTEX_POINT('',#3982);
#3982 = CARTESIAN_POINT('',(303.25,204.5,3.));
#3983 = SURFACE_CURVE('',#3984,(#3989,#4000),.PCURVE_S1.);
#3984 = CIRCLE('',#3985,1.25);
#3985 = AXIS2_PLACEMENT_3D('',#3986,#3987,#3988);
#3986 = CARTESIAN_POINT('',(304.5,204.5,3.));
#3987 = DIRECTION('',(0.,0.,-1.));
#3988 = DIRECTION('',(-1.,0.,0.));
#3989 = PCURVE('',#44,#3990);
#3990 = DEFINITIONAL_REPRESENTATION('',(#3991),#3999);
#3991 = ( BOUNDED_CURVE() B_SPLINE_CURVE(2,(#3992,#3993,#3994,#3995,
#3996,#3997,#3998),.UNSPECIFIED.,.T.,.F.) B_SPLINE_CURVE_WITH_KNOTS((1,2
    ,2,2,2,1),(-2.094395102393,0.,2.094395102393,4.188790204786,
6.28318530718,8.377580409573),.UNSPECIFIED.) CURVE() 
GEOMETRIC_REPRESENTATION_ITEM() RATIONAL_B_SPLINE_CURVE((1.,0.5,1.,0.5,
1.,0.5,1.)) REPRESENTATION_ITEM('') );
#3992 = CARTESIAN_POINT('',(323.25,224.5));
#3993 = CARTESIAN_POINT('',(323.25,226.66506350946));
#3994 = CARTESIAN_POINT('',(325.125,225.58253175473));
#3995 = CARTESIAN_POINT('',(327.,224.5));
#3996 = CARTESIAN_POINT('',(325.125,223.41746824526));
#3997 = CARTESIAN_POINT('',(323.25,222.33493649053));
#3998 = CARTESIAN_POINT('',(323.25,224.5));
#3999 = ( GEOMETRIC_REPRESENTATION_CONTEXT(2) 
PARAMETRIC_REPRESENTATION_CONTEXT() REPRESENTATION_CONTEXT('2D SPACE',''
  ) );
#4000 = PCURVE('',#4001,#4006);
#4001 = CYLINDRICAL_SURFACE('',#4002,1.25);
#4002 = AXIS2_PLACEMENT_3D('',#4003,#4004,#4005);
#4003 = CARTESIAN_POINT('',(304.5,204.5,3.));
#4004 = DIRECTION('',(0.,0.,-1.));
#4005 = DIRECTION('',(-1.,0.,0.));
#4006 = DEFINITIONAL_REPRESENTATION('',(#4007),#4011);
#4007 = LINE('',#4008,#4009);
#4008 = CARTESIAN_POINT('',(0.,0.));
#4009 = VECTOR('',#4010,1.);
#4010 = DIRECTION('',(1.,0.));
#4011 = ( GEOMETRIC_REPRESENTATION_CONTEXT(2) 
PARAMETRIC_REPRESENTATION_CONTEXT() REPRESENTATION_CONTEXT('2D SPACE',''
  ) );
#4012 = FACE_BOUND('',#4013,.T.);
#4013 = EDGE_LOOP('',(#4014));
#4014 = ORIENTED_EDGE('',*,*,#4015,.T.);
#4015 = EDGE_CURVE('',#4016,#4016,#4018,.T.);
#4016 = VERTEX_POINT('',#4017);
#4017 = CARTESIAN_POINT('',(344.25,245.5,3.));
#4018 = SURFACE_CURVE('',#4019,(#4024,#4035),.PCURVE_S1.);
#4019 = CIRCLE('',#4020,1.25);
#4020 = AXIS2_PLACEMENT_3D('',#4021,#4022,#4023);
#4021 = CARTESIAN_POINT('',(345.5,245.5,3.));
#4022 = DIRECTION('',(0.,0.,-1.));
#4023 = DIRECTION('',(-1.,0.,0.));
#4024 = PCURVE('',#44,#4025);
#4025 = DEFINITIONAL_REPRESENTATION('',(#4026),#4034);
#4026 = ( BOUNDED_CURVE() B_SPLINE_CURVE(2,(#4027,#4028,#4029,#4030,
#4031,#4032,#4033),.UNSPECIFIED.,.T.,.F.) B_SPLINE_CURVE_WITH_KNOTS((1,2
    ,2,2,2,1),(-2.094395102393,0.,2.094395102393,4.188790204786,
6.28318530718,8.377580409573),.UNSPECIFIED.) CURVE() 
GEOMETRIC_REPRESENTATION_ITEM() RATIONAL_B_SPLINE_CURVE((1.,0.5,1.,0.5,
1.,0.5,1.)) REPRESENTATION_ITEM('') );
#4027 = CARTESIAN_POINT('',(364.25,265.5));
#4028 = CARTESIAN_POINT('',(364.25,267.66506350946));
#4029 = CARTESIAN_POINT('',(366.125,266.58253175473));
#4030 = CARTESIAN_POINT('',(368.,265.5));
#4031 = CARTESIAN_POINT('',(366.125,264.41746824526));
#4032 = CARTESIAN_POINT('',(364.25,263.33493649053));
#4033 = CARTESIAN_POINT('',(364.25,265.5));
#4034 = ( GEOMETRIC_REPRESENTATION_CONTEXT(2) 
PARAMETRIC_REPRESENTATION_CONTEXT() REPRESENTATION_CONTEXT('2D SPACE',''
  ) );
#4035 = PCURVE('',#4036,#4041);
#4036 = CYLINDRICAL_SURFACE('',#4037,1.25);
#4037 = AXIS2_PLACEMENT_3D('',#4038,#4039,#4040);
#4038 = CARTESIAN_POINT('',(345.5,245.5,3.));
#4039 = DIRECTION('',(0.,0.,-1.));
#4040 = DIRECTION('',(-1.,0.,0.));
#4041 = DEFINITIONAL_REPRESENTATION('',(#4042),#4046);
#4042 = LINE('',#4043,#4044);
#4043 = CARTESIAN_POINT('',(0.,0.));
#4044 = VECTOR('',#4045,1.);
#4045 = DIRECTION('',(1.,0.));
#4046 = ( GEOMETRIC_REPRESENTATION_CONTEXT(2) 
PARAMETRIC_REPRESENTATION_CONTEXT() REPRESENTATION_CONTEXT('2D SPACE',''
  ) );
#4047 = FACE_BOUND('',#4048,.T.);
#4048 = EDGE_LOOP('',(#4049));
#4049 = ORIENTED_EDGE('',*,*,#4050,.T.);
#4050 = EDGE_CURVE('',#4051,#4051,#4053,.T.);
#4051 = VERTEX_POINT('',#4052);
#4052 = CARTESIAN_POINT('',(353.25,204.5,3.));
#4053 = SURFACE_CURVE('',#4054,(#4059,#4070),.PCURVE_S1.);
#4054 = CIRCLE('',#4055,1.25);
#4055 = AXIS2_PLACEMENT_3D('',#4056,#4057,#4058);
#4056 = CARTESIAN_POINT('',(354.5,204.5,3.));
#4057 = DIRECTION('',(0.,0.,-1.));
#4058 = DIRECTION('',(-1.,0.,0.));
#4059 = PCURVE('',#44,#4060);
#4060 = DEFINITIONAL_REPRESENTATION('',(#4061),#4069);
#4061 = ( BOUNDED_CURVE() B_SPLINE_CURVE(2,(#4062,#4063,#4064,#4065,
#4066,#4067,#4068),.UNSPECIFIED.,.T.,.F.) B_SPLINE_CURVE_WITH_KNOTS((1,2
    ,2,2,2,1),(-2.094395102393,0.,2.094395102393,4.188790204786,
6.28318530718,8.377580409573),.UNSPECIFIED.) CURVE() 
GEOMETRIC_REPRESENTATION_ITEM() RATIONAL_B_SPLINE_CURVE((1.,0.5,1.,0.5,
1.,0.5,1.)) REPRESENTATION_ITEM('') );
#4062 = CARTESIAN_POINT('',(373.25,224.5));
#4063 = CARTESIAN_POINT('',(373.25,226.66506350946));
#4064 = CARTESIAN_POINT('',(375.125,225.58253175473));
#4065 = CARTESIAN_POINT('',(377.,224.5));
#4066 = CARTESIAN_POINT('',(375.125,223.41746824526));
#4067 = CARTESIAN_POINT('',(373.25,222.33493649053));
#4068 = CARTESIAN_POINT('',(373.25,224.5));
#4069 = ( GEOMETRIC_REPRESENTATION_CONTEXT(2) 
PARAMETRIC_REPRESENTATION_CONTEXT() REPRESENTATION_CONTEXT('2D SPACE',''
  ) );
#4070 = PCURVE('',#4071,#4076);
#4071 = CYLINDRICAL_SURFACE('',#4072,1.25);
#4072 = AXIS2_PLACEMENT_3D('',#4073,#4074,#4075);
#4073 = CARTESIAN_POINT('',(354.5,204.5,3.));
#4074 = DIRECTION('',(0.,0.,-1.));
#4075 = DIRECTION('',(-1.,0.,0.));
#4076 = DEFINITIONAL_REPRESENTATION('',(#4077),#4081);
#4077 = LINE('',#4078,#4079);
#4078 = CARTESIAN_POINT('',(0.,0.));
#4079 = VECTOR('',#4080,1.);
#4080 = DIRECTION('',(1.,0.));
#4081 = ( GEOMETRIC_REPRESENTATION_CONTEXT(2) 
PARAMETRIC_REPRESENTATION_CONTEXT() REPRESENTATION_CONTEXT('2D SPACE',''
  ) );
#4082 = FACE_BOUND('',#4083,.T.);
#4083 = EDGE_LOOP('',(#4084));
#4084 = ORIENTED_EDGE('',*,*,#4085,.T.);
#4085 = EDGE_CURVE('',#4086,#4086,#4088,.T.);
#4086 = VERTEX_POINT('',#4087);
#4087 = CARTESIAN_POINT('',(394.25,245.5,3.));
#4088 = SURFACE_CURVE('',#4089,(#4094,#4105),.PCURVE_S1.);
#4089 = CIRCLE('',#4090,1.25);
#4090 = AXIS2_PLACEMENT_3D('',#4091,#4092,#4093);
#4091 = CARTESIAN_POINT('',(395.5,245.5,3.));
#4092 = DIRECTION('',(0.,0.,-1.));
#4093 = DIRECTION('',(-1.,0.,0.));
#4094 = PCURVE('',#44,#4095);
#4095 = DEFINITIONAL_REPRESENTATION('',(#4096),#4104);
#4096 = ( BOUNDED_CURVE() B_SPLINE_CURVE(2,(#4097,#4098,#4099,#4100,
#4101,#4102,#4103),.UNSPECIFIED.,.T.,.F.) B_SPLINE_CURVE_WITH_KNOTS((1,2
    ,2,2,2,1),(-2.094395102393,0.,2.094395102393,4.188790204786,
6.28318530718,8.377580409573),.UNSPECIFIED.) CURVE() 
GEOMETRIC_REPRESENTATION_ITEM() RATIONAL_B_SPLINE_CURVE((1.,0.5,1.,0.5,
1.,0.5,1.)) REPRESENTATION_ITEM('') );
#4097 = CARTESIAN_POINT('',(414.25,265.5));
#4098 = CARTESIAN_POINT('',(414.25,267.66506350946));
#4099 = CARTESIAN_POINT('',(416.125,266.58253175473));
#4100 = CARTESIAN_POINT('',(418.,265.5));
#4101 = CARTESIAN_POINT('',(416.125,264.41746824526));
#4102 = CARTESIAN_POINT('',(414.25,263.33493649053));
#4103 = CARTESIAN_POINT('',(414.25,265.5));
#4104 = ( GEOMETRIC_REPRESENTATION_CONTEXT(2) 
PARAMETRIC_REPRESENTATION_CONTEXT() REPRESENTATION_CONTEXT('2D SPACE',''
  ) );
#4105 = PCURVE('',#4106,#4111);
#4106 = CYLINDRICAL_SURFACE('',#4107,1.25);
#4107 = AXIS2_PLACEMENT_3D('',#4108,#4109,#4110);
#4108 = CARTESIAN_POINT('',(395.5,245.5,3.));
#4109 = DIRECTION('',(0.,0.,-1.));
#4110 = DIRECTION('',(-1.,0.,0.));
#4111 = DEFINITIONAL_REPRESENTATION('',(#4112),#4116);
#4112 = LINE('',#4113,#4114);
#4113 = CARTESIAN_POINT('',(0.,0.));
#4114 = VECTOR('',#4115,1.);
#4115 = DIRECTION('',(1.,0.));
#4116 = ( GEOMETRIC_REPRESENTATION_CONTEXT(2) 
PARAMETRIC_REPRESENTATION_CONTEXT() REPRESENTATION_CONTEXT('2D SPACE',''
  ) );
#4117 = FACE_BOUND('',#4118,.T.);
#4118 = EDGE_LOOP('',(#4119));
#4119 = ORIENTED_EDGE('',*,*,#4120,.T.);
#4120 = EDGE_CURVE('',#4121,#4121,#4123,.T.);
#4121 = VERTEX_POINT('',#4122);
#4122 = CARTESIAN_POINT('',(303.25,254.5,3.));
#4123 = SURFACE_CURVE('',#4124,(#4129,#4140),.PCURVE_S1.);
#4124 = CIRCLE('',#4125,1.25);
#4125 = AXIS2_PLACEMENT_3D('',#4126,#4127,#4128);
#4126 = CARTESIAN_POINT('',(304.5,254.5,3.));
#4127 = DIRECTION('',(0.,0.,-1.));
#4128 = DIRECTION('',(-1.,0.,0.));
#4129 = PCURVE('',#44,#4130);
#4130 = DEFINITIONAL_REPRESENTATION('',(#4131),#4139);
#4131 = ( BOUNDED_CURVE() B_SPLINE_CURVE(2,(#4132,#4133,#4134,#4135,
#4136,#4137,#4138),.UNSPECIFIED.,.T.,.F.) B_SPLINE_CURVE_WITH_KNOTS((1,2
    ,2,2,2,1),(-2.094395102393,0.,2.094395102393,4.188790204786,
6.28318530718,8.377580409573),.UNSPECIFIED.) CURVE() 
GEOMETRIC_REPRESENTATION_ITEM() RATIONAL_B_SPLINE_CURVE((1.,0.5,1.,0.5,
1.,0.5,1.)) REPRESENTATION_ITEM('') );
#4132 = CARTESIAN_POINT('',(323.25,274.5));
#4133 = CARTESIAN_POINT('',(323.25,276.66506350946));
#4134 = CARTESIAN_POINT('',(325.125,275.58253175473));
#4135 = CARTESIAN_POINT('',(327.,274.5));
#4136 = CARTESIAN_POINT('',(325.125,273.41746824526));
#4137 = CARTESIAN_POINT('',(323.25,272.33493649053));
#4138 = CARTESIAN_POINT('',(323.25,274.5));
#4139 = ( GEOMETRIC_REPRESENTATION_CONTEXT(2) 
PARAMETRIC_REPRESENTATION_CONTEXT() REPRESENTATION_CONTEXT('2D SPACE',''
  ) );
#4140 = PCURVE('',#4141,#4146);
#4141 = CYLINDRICAL_SURFACE('',#4142,1.25);
#4142 = AXIS2_PLACEMENT_3D('',#4143,#4144,#4145);
#4143 = CARTESIAN_POINT('',(304.5,254.5,3.));
#4144 = DIRECTION('',(0.,0.,-1.));
#4145 = DIRECTION('',(-1.,0.,0.));
#4146 = DEFINITIONAL_REPRESENTATION('',(#4147),#4151);
#4147 = LINE('',#4148,#4149);
#4148 = CARTESIAN_POINT('',(0.,0.));
#4149 = VECTOR('',#4150,1.);
#4150 = DIRECTION('',(1.,0.));
#4151 = ( GEOMETRIC_REPRESENTATION_CONTEXT(2) 
PARAMETRIC_REPRESENTATION_CONTEXT() REPRESENTATION_CONTEXT('2D SPACE',''
  ) );
#4152 = FACE_BOUND('',#4153,.T.);
#4153 = EDGE_LOOP('',(#4154));
#4154 = ORIENTED_EDGE('',*,*,#4155,.T.);
#4155 = EDGE_CURVE('',#4156,#4156,#4158,.T.);
#4156 = VERTEX_POINT('',#4157);
#4157 = CARTESIAN_POINT('',(344.25,295.5,3.));
#4158 = SURFACE_CURVE('',#4159,(#4164,#4175),.PCURVE_S1.);
#4159 = CIRCLE('',#4160,1.25);
#4160 = AXIS2_PLACEMENT_3D('',#4161,#4162,#4163);
#4161 = CARTESIAN_POINT('',(345.5,295.5,3.));
#4162 = DIRECTION('',(0.,0.,-1.));
#4163 = DIRECTION('',(-1.,0.,0.));
#4164 = PCURVE('',#44,#4165);
#4165 = DEFINITIONAL_REPRESENTATION('',(#4166),#4174);
#4166 = ( BOUNDED_CURVE() B_SPLINE_CURVE(2,(#4167,#4168,#4169,#4170,
#4171,#4172,#4173),.UNSPECIFIED.,.T.,.F.) B_SPLINE_CURVE_WITH_KNOTS((1,2
    ,2,2,2,1),(-2.094395102393,0.,2.094395102393,4.188790204786,
6.28318530718,8.377580409573),.UNSPECIFIED.) CURVE() 
GEOMETRIC_REPRESENTATION_ITEM() RATIONAL_B_SPLINE_CURVE((1.,0.5,1.,0.5,
1.,0.5,1.)) REPRESENTATION_ITEM('') );
#4167 = CARTESIAN_POINT('',(364.25,315.5));
#4168 = CARTESIAN_POINT('',(364.25,317.66506350946));
#4169 = CARTESIAN_POINT('',(366.125,316.58253175473));
#4170 = CARTESIAN_POINT('',(368.,315.5));
#4171 = CARTESIAN_POINT('',(366.125,314.41746824526));
#4172 = CARTESIAN_POINT('',(364.25,313.33493649053));
#4173 = CARTESIAN_POINT('',(364.25,315.5));
#4174 = ( GEOMETRIC_REPRESENTATION_CONTEXT(2) 
PARAMETRIC_REPRESENTATION_CONTEXT() REPRESENTATION_CONTEXT('2D SPACE',''
  ) );
#4175 = PCURVE('',#4176,#4181);
#4176 = CYLINDRICAL_SURFACE('',#4177,1.25);
#4177 = AXIS2_PLACEMENT_3D('',#4178,#4179,#4180);
#4178 = CARTESIAN_POINT('',(345.5,295.5,3.));
#4179 = DIRECTION('',(0.,0.,-1.));
#4180 = DIRECTION('',(-1.,0.,0.));
#4181 = DEFINITIONAL_REPRESENTATION('',(#4182),#4186);
#4182 = LINE('',#4183,#4184);
#4183 = CARTESIAN_POINT('',(0.,0.));
#4184 = VECTOR('',#4185,1.);
#4185 = DIRECTION('',(1.,0.));
#4186 = ( GEOMETRIC_REPRESENTATION_CONTEXT(2) 
PARAMETRIC_REPRESENTATION_CONTEXT() REPRESENTATION_CONTEXT('2D SPACE',''
  ) );
#4187 = FACE_BOUND('',#4188,.T.);
#4188 = EDGE_LOOP('',(#4189));
#4189 = ORIENTED_EDGE('',*,*,#4190,.T.);
#4190 = EDGE_CURVE('',#4191,#4191,#4193,.T.);
#4191 = VERTEX_POINT('',#4192);
#4192 = CARTESIAN_POINT('',(353.25,254.5,3.));
#4193 = SURFACE_CURVE('',#4194,(#4199,#4210),.PCURVE_S1.);
#4194 = CIRCLE('',#4195,1.25);
#4195 = AXIS2_PLACEMENT_3D('',#4196,#4197,#4198);
#4196 = CARTESIAN_POINT('',(354.5,254.5,3.));
#4197 = DIRECTION('',(0.,0.,-1.));
#4198 = DIRECTION('',(-1.,0.,0.));
#4199 = PCURVE('',#44,#4200);
#4200 = DEFINITIONAL_REPRESENTATION('',(#4201),#4209);
#4201 = ( BOUNDED_CURVE() B_SPLINE_CURVE(2,(#4202,#4203,#4204,#4205,
#4206,#4207,#4208),.UNSPECIFIED.,.T.,.F.) B_SPLINE_CURVE_WITH_KNOTS((1,2
    ,2,2,2,1),(-2.094395102393,0.,2.094395102393,4.188790204786,
6.28318530718,8.377580409573),.UNSPECIFIED.) CURVE() 
GEOMETRIC_REPRESENTATION_ITEM() RATIONAL_B_SPLINE_CURVE((1.,0.5,1.,0.5,
1.,0.5,1.)) REPRESENTATION_ITEM('') );
#4202 = CARTESIAN_POINT('',(373.25,274.5));
#4203 = CARTESIAN_POINT('',(373.25,276.66506350946));
#4204 = CARTESIAN_POINT('',(375.125,275.58253175473));
#4205 = CARTESIAN_POINT('',(377.,274.5));
#4206 = CARTESIAN_POINT('',(375.125,273.41746824526));
#4207 = CARTESIAN_POINT('',(373.25,272.33493649053));
#4208 = CARTESIAN_POINT('',(373.25,274.5));
#4209 = ( GEOMETRIC_REPRESENTATION_CONTEXT(2) 
PARAMETRIC_REPRESENTATION_CONTEXT() REPRESENTATION_CONTEXT('2D SPACE',''
  ) );
#4210 = PCURVE('',#4211,#4216);
#4211 = CYLINDRICAL_SURFACE('',#4212,1.25);
#4212 = AXIS2_PLACEMENT_3D('',#4213,#4214,#4215);
#4213 = CARTESIAN_POINT('',(354.5,254.5,3.));
#4214 = DIRECTION('',(0.,0.,-1.));
#4215 = DIRECTION('',(-1.,0.,0.));
#4216 = DEFINITIONAL_REPRESENTATION('',(#4217),#4221);
#4217 = LINE('',#4218,#4219);
#4218 = CARTESIAN_POINT('',(0.,0.));
#4219 = VECTOR('',#4220,1.);
#4220 = DIRECTION('',(1.,0.));
#4221 = ( GEOMETRIC_REPRESENTATION_CONTEXT(2) 
PARAMETRIC_REPRESENTATION_CONTEXT() REPRESENTATION_CONTEXT('2D SPACE',''
  ) );
#4222 = FACE_BOUND('',#4223,.T.);
#4223 = EDGE_LOOP('',(#4224));
#4224 = ORIENTED_EDGE('',*,*,#4225,.T.);
#4225 = EDGE_CURVE('',#4226,#4226,#4228,.T.);
#4226 = VERTEX_POINT('',#4227);
#4227 = CARTESIAN_POINT('',(394.25,295.5,3.));
#4228 = SURFACE_CURVE('',#4229,(#4234,#4245),.PCURVE_S1.);
#4229 = CIRCLE('',#4230,1.25);
#4230 = AXIS2_PLACEMENT_3D('',#4231,#4232,#4233);
#4231 = CARTESIAN_POINT('',(395.5,295.5,3.));
#4232 = DIRECTION('',(0.,0.,-1.));
#4233 = DIRECTION('',(-1.,0.,0.));
#4234 = PCURVE('',#44,#4235);
#4235 = DEFINITIONAL_REPRESENTATION('',(#4236),#4244);
#4236 = ( BOUNDED_CURVE() B_SPLINE_CURVE(2,(#4237,#4238,#4239,#4240,
#4241,#4242,#4243),.UNSPECIFIED.,.T.,.F.) B_SPLINE_CURVE_WITH_KNOTS((1,2
    ,2,2,2,1),(-2.094395102393,0.,2.094395102393,4.188790204786,
6.28318530718,8.377580409573),.UNSPECIFIED.) CURVE() 
GEOMETRIC_REPRESENTATION_ITEM() RATIONAL_B_SPLINE_CURVE((1.,0.5,1.,0.5,
1.,0.5,1.)) REPRESENTATION_ITEM('') );
#4237 = CARTESIAN_POINT('',(414.25,315.5));
#4238 = CARTESIAN_POINT('',(414.25,317.66506350946));
#4239 = CARTESIAN_POINT('',(416.125,316.58253175473));
#4240 = CARTESIAN_POINT('',(418.,315.5));
#4241 = CARTESIAN_POINT('',(416.125,314.41746824526));
#4242 = CARTESIAN_POINT('',(414.25,313.33493649053));
#4243 = CARTESIAN_POINT('',(414.25,315.5));
#4244 = ( GEOMETRIC_REPRESENTATION_CONTEXT(2) 
PARAMETRIC_REPRESENTATION_CONTEXT() REPRESENTATION_CONTEXT('2D SPACE',''
  ) );
#4245 = PCURVE('',#4246,#4251);
#4246 = CYLINDRICAL_SURFACE('',#4247,1.25);
#4247 = AXIS2_PLACEMENT_3D('',#4248,#4249,#4250);
#4248 = CARTESIAN_POINT('',(395.5,295.5,3.));
#4249 = DIRECTION('',(0.,0.,-1.));
#4250 = DIRECTION('',(-1.,0.,0.));
#4251 = DEFINITIONAL_REPRESENTATION('',(#4252),#4256);
#4252 = LINE('',#4253,#4254);
#4253 = CARTESIAN_POINT('',(0.,0.));
#4254 = VECTOR('',#4255,1.);
#4255 = DIRECTION('',(1.,0.));
#4256 = ( GEOMETRIC_REPRESENTATION_CONTEXT(2) 
PARAMETRIC_REPRESENTATION_CONTEXT() REPRESENTATION_CONTEXT('2D SPACE',''
  ) );
#4257 = FACE_BOUND('',#4258,.T.);
#4258 = EDGE_LOOP('',(#4259));
#4259 = ORIENTED_EDGE('',*,*,#4260,.T.);
#4260 = EDGE_CURVE('',#4261,#4261,#4263,.T.);
#4261 = VERTEX_POINT('',#4262);
#4262 = CARTESIAN_POINT('',(203.25,304.5,3.));
#4263 = SURFACE_CURVE('',#4264,(#4269,#4280),.PCURVE_S1.);
#4264 = CIRCLE('',#4265,1.25);
#4265 = AXIS2_PLACEMENT_3D('',#4266,#4267,#4268);
#4266 = CARTESIAN_POINT('',(204.5,304.5,3.));
#4267 = DIRECTION('',(0.,0.,-1.));
#4268 = DIRECTION('',(-1.,0.,0.));
#4269 = PCURVE('',#44,#4270);
#4270 = DEFINITIONAL_REPRESENTATION('',(#4271),#4279);
#4271 = ( BOUNDED_CURVE() B_SPLINE_CURVE(2,(#4272,#4273,#4274,#4275,
#4276,#4277,#4278),.UNSPECIFIED.,.T.,.F.) B_SPLINE_CURVE_WITH_KNOTS((1,2
    ,2,2,2,1),(-2.094395102393,0.,2.094395102393,4.188790204786,
6.28318530718,8.377580409573),.UNSPECIFIED.) CURVE() 
GEOMETRIC_REPRESENTATION_ITEM() RATIONAL_B_SPLINE_CURVE((1.,0.5,1.,0.5,
1.,0.5,1.)) REPRESENTATION_ITEM('') );
#4272 = CARTESIAN_POINT('',(223.25,324.5));
#4273 = CARTESIAN_POINT('',(223.25,326.66506350946));
#4274 = CARTESIAN_POINT('',(225.125,325.58253175473));
#4275 = CARTESIAN_POINT('',(227.,324.5));
#4276 = CARTESIAN_POINT('',(225.125,323.41746824526));
#4277 = CARTESIAN_POINT('',(223.25,322.33493649053));
#4278 = CARTESIAN_POINT('',(223.25,324.5));
#4279 = ( GEOMETRIC_REPRESENTATION_CONTEXT(2) 
PARAMETRIC_REPRESENTATION_CONTEXT() REPRESENTATION_CONTEXT('2D SPACE',''
  ) );
#4280 = PCURVE('',#4281,#4286);
#4281 = CYLINDRICAL_SURFACE('',#4282,1.25);
#4282 = AXIS2_PLACEMENT_3D('',#4283,#4284,#4285);
#4283 = CARTESIAN_POINT('',(204.5,304.5,3.));
#4284 = DIRECTION('',(0.,0.,-1.));
#4285 = DIRECTION('',(-1.,0.,0.));
#4286 = DEFINITIONAL_REPRESENTATION('',(#4287),#4291);
#4287 = LINE('',#4288,#4289);
#4288 = CARTESIAN_POINT('',(0.,0.));
#4289 = VECTOR('',#4290,1.);
#4290 = DIRECTION('',(1.,0.));
#4291 = ( GEOMETRIC_REPRESENTATION_CONTEXT(2) 
PARAMETRIC_REPRESENTATION_CONTEXT() REPRESENTATION_CONTEXT('2D SPACE',''
  ) );
#4292 = FACE_BOUND('',#4293,.T.);
#4293 = EDGE_LOOP('',(#4294));
#4294 = ORIENTED_EDGE('',*,*,#4295,.T.);
#4295 = EDGE_CURVE('',#4296,#4296,#4298,.T.);
#4296 = VERTEX_POINT('',#4297);
#4297 = CARTESIAN_POINT('',(244.25,345.5,3.));
#4298 = SURFACE_CURVE('',#4299,(#4304,#4315),.PCURVE_S1.);
#4299 = CIRCLE('',#4300,1.25);
#4300 = AXIS2_PLACEMENT_3D('',#4301,#4302,#4303);
#4301 = CARTESIAN_POINT('',(245.5,345.5,3.));
#4302 = DIRECTION('',(0.,0.,-1.));
#4303 = DIRECTION('',(-1.,0.,0.));
#4304 = PCURVE('',#44,#4305);
#4305 = DEFINITIONAL_REPRESENTATION('',(#4306),#4314);
#4306 = ( BOUNDED_CURVE() B_SPLINE_CURVE(2,(#4307,#4308,#4309,#4310,
#4311,#4312,#4313),.UNSPECIFIED.,.T.,.F.) B_SPLINE_CURVE_WITH_KNOTS((1,2
    ,2,2,2,1),(-2.094395102393,0.,2.094395102393,4.188790204786,
6.28318530718,8.377580409573),.UNSPECIFIED.) CURVE() 
GEOMETRIC_REPRESENTATION_ITEM() RATIONAL_B_SPLINE_CURVE((1.,0.5,1.,0.5,
1.,0.5,1.)) REPRESENTATION_ITEM('') );
#4307 = CARTESIAN_POINT('',(264.25,365.5));
#4308 = CARTESIAN_POINT('',(264.25,367.66506350946));
#4309 = CARTESIAN_POINT('',(266.125,366.58253175473));
#4310 = CARTESIAN_POINT('',(268.,365.5));
#4311 = CARTESIAN_POINT('',(266.125,364.41746824526));
#4312 = CARTESIAN_POINT('',(264.25,363.33493649053));
#4313 = CARTESIAN_POINT('',(264.25,365.5));
#4314 = ( GEOMETRIC_REPRESENTATION_CONTEXT(2) 
PARAMETRIC_REPRESENTATION_CONTEXT() REPRESENTATION_CONTEXT('2D SPACE',''
  ) );
#4315 = PCURVE('',#4316,#4321);
#4316 = CYLINDRICAL_SURFACE('',#4317,1.25);
#4317 = AXIS2_PLACEMENT_3D('',#4318,#4319,#4320);
#4318 = CARTESIAN_POINT('',(245.5,345.5,3.));
#4319 = DIRECTION('',(0.,0.,-1.));
#4320 = DIRECTION('',(-1.,0.,0.));
#4321 = DEFINITIONAL_REPRESENTATION('',(#4322),#4326);
#4322 = LINE('',#4323,#4324);
#4323 = CARTESIAN_POINT('',(0.,0.));
#4324 = VECTOR('',#4325,1.);
#4325 = DIRECTION('',(1.,0.));
#4326 = ( GEOMETRIC_REPRESENTATION_CONTEXT(2) 
PARAMETRIC_REPRESENTATION_CONTEXT() REPRESENTATION_CONTEXT('2D SPACE',''
  ) );
#4327 = FACE_BOUND('',#4328,.T.);
#4328 = EDGE_LOOP('',(#4329));
#4329 = ORIENTED_EDGE('',*,*,#4330,.T.);
#4330 = EDGE_CURVE('',#4331,#4331,#4333,.T.);
#4331 = VERTEX_POINT('',#4332);
#4332 = CARTESIAN_POINT('',(253.25,304.5,3.));
#4333 = SURFACE_CURVE('',#4334,(#4339,#4350),.PCURVE_S1.);
#4334 = CIRCLE('',#4335,1.25);
#4335 = AXIS2_PLACEMENT_3D('',#4336,#4337,#4338);
#4336 = CARTESIAN_POINT('',(254.5,304.5,3.));
#4337 = DIRECTION('',(0.,0.,-1.));
#4338 = DIRECTION('',(-1.,0.,0.));
#4339 = PCURVE('',#44,#4340);
#4340 = DEFINITIONAL_REPRESENTATION('',(#4341),#4349);
#4341 = ( BOUNDED_CURVE() B_SPLINE_CURVE(2,(#4342,#4343,#4344,#4345,
#4346,#4347,#4348),.UNSPECIFIED.,.T.,.F.) B_SPLINE_CURVE_WITH_KNOTS((1,2
    ,2,2,2,1),(-2.094395102393,0.,2.094395102393,4.188790204786,
6.28318530718,8.377580409573),.UNSPECIFIED.) CURVE() 
GEOMETRIC_REPRESENTATION_ITEM() RATIONAL_B_SPLINE_CURVE((1.,0.5,1.,0.5,
1.,0.5,1.)) REPRESENTATION_ITEM('') );
#4342 = CARTESIAN_POINT('',(273.25,324.5));
#4343 = CARTESIAN_POINT('',(273.25,326.66506350946));
#4344 = CARTESIAN_POINT('',(275.125,325.58253175473));
#4345 = CARTESIAN_POINT('',(277.,324.5));
#4346 = CARTESIAN_POINT('',(275.125,323.41746824526));
#4347 = CARTESIAN_POINT('',(273.25,322.33493649053));
#4348 = CARTESIAN_POINT('',(273.25,324.5));
#4349 = ( GEOMETRIC_REPRESENTATION_CONTEXT(2) 
PARAMETRIC_REPRESENTATION_CONTEXT() REPRESENTATION_CONTEXT('2D SPACE',''
  ) );
#4350 = PCURVE('',#4351,#4356);
#4351 = CYLINDRICAL_SURFACE('',#4352,1.25);
#4352 = AXIS2_PLACEMENT_3D('',#4353,#4354,#4355);
#4353 = CARTESIAN_POINT('',(254.5,304.5,3.));
#4354 = DIRECTION('',(0.,0.,-1.));
#4355 = DIRECTION('',(-1.,0.,0.));
#4356 = DEFINITIONAL_REPRESENTATION('',(#4357),#4361);
#4357 = LINE('',#4358,#4359);
#4358 = CARTESIAN_POINT('',(0.,0.));
#4359 = VECTOR('',#4360,1.);
#4360 = DIRECTION('',(1.,0.));
#4361 = ( GEOMETRIC_REPRESENTATION_CONTEXT(2) 
PARAMETRIC_REPRESENTATION_CONTEXT() REPRESENTATION_CONTEXT('2D SPACE',''
  ) );
#4362 = FACE_BOUND('',#4363,.T.);
#4363 = EDGE_LOOP('',(#4364));
#4364 = ORIENTED_EDGE('',*,*,#4365,.T.);
#4365 = EDGE_CURVE('',#4366,#4366,#4368,.T.);
#4366 = VERTEX_POINT('',#4367);
#4367 = CARTESIAN_POINT('',(294.25,345.5,3.));
#4368 = SURFACE_CURVE('',#4369,(#4374,#4385),.PCURVE_S1.);
#4369 = CIRCLE('',#4370,1.25);
#4370 = AXIS2_PLACEMENT_3D('',#4371,#4372,#4373);
#4371 = CARTESIAN_POINT('',(295.5,345.5,3.));
#4372 = DIRECTION('',(0.,0.,-1.));
#4373 = DIRECTION('',(-1.,0.,0.));
#4374 = PCURVE('',#44,#4375);
#4375 = DEFINITIONAL_REPRESENTATION('',(#4376),#4384);
#4376 = ( BOUNDED_CURVE() B_SPLINE_CURVE(2,(#4377,#4378,#4379,#4380,
#4381,#4382,#4383),.UNSPECIFIED.,.T.,.F.) B_SPLINE_CURVE_WITH_KNOTS((1,2
    ,2,2,2,1),(-2.094395102393,0.,2.094395102393,4.188790204786,
6.28318530718,8.377580409573),.UNSPECIFIED.) CURVE() 
GEOMETRIC_REPRESENTATION_ITEM() RATIONAL_B_SPLINE_CURVE((1.,0.5,1.,0.5,
1.,0.5,1.)) REPRESENTATION_ITEM('') );
#4377 = CARTESIAN_POINT('',(314.25,365.5));
#4378 = CARTESIAN_POINT('',(314.25,367.66506350946));
#4379 = CARTESIAN_POINT('',(316.125,366.58253175473));
#4380 = CARTESIAN_POINT('',(318.,365.5));
#4381 = CARTESIAN_POINT('',(316.125,364.41746824526));
#4382 = CARTESIAN_POINT('',(314.25,363.33493649053));
#4383 = CARTESIAN_POINT('',(314.25,365.5));
#4384 = ( GEOMETRIC_REPRESENTATION_CONTEXT(2) 
PARAMETRIC_REPRESENTATION_CONTEXT() REPRESENTATION_CONTEXT('2D SPACE',''
  ) );
#4385 = PCURVE('',#4386,#4391);
#4386 = CYLINDRICAL_SURFACE('',#4387,1.25);
#4387 = AXIS2_PLACEMENT_3D('',#4388,#4389,#4390);
#4388 = CARTESIAN_POINT('',(295.5,345.5,3.));
#4389 = DIRECTION('',(0.,0.,-1.));
#4390 = DIRECTION('',(-1.,0.,0.));
#4391 = DEFINITIONAL_REPRESENTATION('',(#4392),#4396);
#4392 = LINE('',#4393,#4394);
#4393 = CARTESIAN_POINT('',(0.,0.));
#4394 = VECTOR('',#4395,1.);
#4395 = DIRECTION('',(1.,0.));
#4396 = ( GEOMETRIC_REPRESENTATION_CONTEXT(2) 
PARAMETRIC_REPRESENTATION_CONTEXT() REPRESENTATION_CONTEXT('2D SPACE',''
  ) );
#4397 = FACE_BOUND('',#4398,.T.);
#4398 = EDGE_LOOP('',(#4399));
#4399 = ORIENTED_EDGE('',*,*,#4400,.T.);
#4400 = EDGE_CURVE('',#4401,#4401,#4403,.T.);
#4401 = VERTEX_POINT('',#4402);
#4402 = CARTESIAN_POINT('',(203.25,354.5,3.));
#4403 = SURFACE_CURVE('',#4404,(#4409,#4420),.PCURVE_S1.);
#4404 = CIRCLE('',#4405,1.25);
#4405 = AXIS2_PLACEMENT_3D('',#4406,#4407,#4408);
#4406 = CARTESIAN_POINT('',(204.5,354.5,3.));
#4407 = DIRECTION('',(0.,0.,-1.));
#4408 = DIRECTION('',(-1.,0.,0.));
#4409 = PCURVE('',#44,#4410);
#4410 = DEFINITIONAL_REPRESENTATION('',(#4411),#4419);
#4411 = ( BOUNDED_CURVE() B_SPLINE_CURVE(2,(#4412,#4413,#4414,#4415,
#4416,#4417,#4418),.UNSPECIFIED.,.T.,.F.) B_SPLINE_CURVE_WITH_KNOTS((1,2
    ,2,2,2,1),(-2.094395102393,0.,2.094395102393,4.188790204786,
6.28318530718,8.377580409573),.UNSPECIFIED.) CURVE() 
GEOMETRIC_REPRESENTATION_ITEM() RATIONAL_B_SPLINE_CURVE((1.,0.5,1.,0.5,
1.,0.5,1.)) REPRESENTATION_ITEM('') );
#4412 = CARTESIAN_POINT('',(223.25,374.5));
#4413 = CARTESIAN_POINT('',(223.25,376.66506350946));
#4414 = CARTESIAN_POINT('',(225.125,375.58253175473));
#4415 = CARTESIAN_POINT('',(227.,374.5));
#4416 = CARTESIAN_POINT('',(225.125,373.41746824526));
#4417 = CARTESIAN_POINT('',(223.25,372.33493649053));
#4418 = CARTESIAN_POINT('',(223.25,374.5));
#4419 = ( GEOMETRIC_REPRESENTATION_CONTEXT(2) 
PARAMETRIC_REPRESENTATION_CONTEXT() REPRESENTATION_CONTEXT('2D SPACE',''
  ) );
#4420 = PCURVE('',#4421,#4426);
#4421 = CYLINDRICAL_SURFACE('',#4422,1.25);
#4422 = AXIS2_PLACEMENT_3D('',#4423,#4424,#4425);
#4423 = CARTESIAN_POINT('',(204.5,354.5,3.));
#4424 = DIRECTION('',(0.,0.,-1.));
#4425 = DIRECTION('',(-1.,0.,0.));
#4426 = DEFINITIONAL_REPRESENTATION('',(#4427),#4431);
#4427 = LINE('',#4428,#4429);
#4428 = CARTESIAN_POINT('',(0.,0.));
#4429 = VECTOR('',#4430,1.);
#4430 = DIRECTION('',(1.,0.));
#4431 = ( GEOMETRIC_REPRESENTATION_CONTEXT(2) 
PARAMETRIC_REPRESENTATION_CONTEXT() REPRESENTATION_CONTEXT('2D SPACE',''
  ) );
#4432 = FACE_BOUND('',#4433,.T.);
#4433 = EDGE_LOOP('',(#4434));
#4434 = ORIENTED_EDGE('',*,*,#4435,.T.);
#4435 = EDGE_CURVE('',#4436,#4436,#4438,.T.);
#4436 = VERTEX_POINT('',#4437);
#4437 = CARTESIAN_POINT('',(244.25,395.5,3.));
#4438 = SURFACE_CURVE('',#4439,(#4444,#4455),.PCURVE_S1.);
#4439 = CIRCLE('',#4440,1.25);
#4440 = AXIS2_PLACEMENT_3D('',#4441,#4442,#4443);
#4441 = CARTESIAN_POINT('',(245.5,395.5,3.));
#4442 = DIRECTION('',(0.,0.,-1.));
#4443 = DIRECTION('',(-1.,0.,0.));
#4444 = PCURVE('',#44,#4445);
#4445 = DEFINITIONAL_REPRESENTATION('',(#4446),#4454);
#4446 = ( BOUNDED_CURVE() B_SPLINE_CURVE(2,(#4447,#4448,#4449,#4450,
#4451,#4452,#4453),.UNSPECIFIED.,.T.,.F.) B_SPLINE_CURVE_WITH_KNOTS((1,2
    ,2,2,2,1),(-2.094395102393,0.,2.094395102393,4.188790204786,
6.28318530718,8.377580409573),.UNSPECIFIED.) CURVE() 
GEOMETRIC_REPRESENTATION_ITEM() RATIONAL_B_SPLINE_CURVE((1.,0.5,1.,0.5,
1.,0.5,1.)) REPRESENTATION_ITEM('') );
#4447 = CARTESIAN_POINT('',(264.25,415.5));
#4448 = CARTESIAN_POINT('',(264.25,417.66506350946));
#4449 = CARTESIAN_POINT('',(266.125,416.58253175473));
#4450 = CARTESIAN_POINT('',(268.,415.5));
#4451 = CARTESIAN_POINT('',(266.125,414.41746824526));
#4452 = CARTESIAN_POINT('',(264.25,413.33493649053));
#4453 = CARTESIAN_POINT('',(264.25,415.5));
#4454 = ( GEOMETRIC_REPRESENTATION_CONTEXT(2) 
PARAMETRIC_REPRESENTATION_CONTEXT() REPRESENTATION_CONTEXT('2D SPACE',''
  ) );
#4455 = PCURVE('',#4456,#4461);
#4456 = CYLINDRICAL_SURFACE('',#4457,1.25);
#4457 = AXIS2_PLACEMENT_3D('',#4458,#4459,#4460);
#4458 = CARTESIAN_POINT('',(245.5,395.5,3.));
#4459 = DIRECTION('',(0.,0.,-1.));
#4460 = DIRECTION('',(-1.,0.,0.));
#4461 = DEFINITIONAL_REPRESENTATION('',(#4462),#4466);
#4462 = LINE('',#4463,#4464);
#4463 = CARTESIAN_POINT('',(0.,0.));
#4464 = VECTOR('',#4465,1.);
#4465 = DIRECTION('',(1.,0.));
#4466 = ( GEOMETRIC_REPRESENTATION_CONTEXT(2) 
PARAMETRIC_REPRESENTATION_CONTEXT() REPRESENTATION_CONTEXT('2D SPACE',''
  ) );
#4467 = FACE_BOUND('',#4468,.T.);
#4468 = EDGE_LOOP('',(#4469));
#4469 = ORIENTED_EDGE('',*,*,#4470,.T.);
#4470 = EDGE_CURVE('',#4471,#4471,#4473,.T.);
#4471 = VERTEX_POINT('',#4472);
#4472 = CARTESIAN_POINT('',(253.25,354.5,3.));
#4473 = SURFACE_CURVE('',#4474,(#4479,#4490),.PCURVE_S1.);
#4474 = CIRCLE('',#4475,1.25);
#4475 = AXIS2_PLACEMENT_3D('',#4476,#4477,#4478);
#4476 = CARTESIAN_POINT('',(254.5,354.5,3.));
#4477 = DIRECTION('',(0.,0.,-1.));
#4478 = DIRECTION('',(-1.,0.,0.));
#4479 = PCURVE('',#44,#4480);
#4480 = DEFINITIONAL_REPRESENTATION('',(#4481),#4489);
#4481 = ( BOUNDED_CURVE() B_SPLINE_CURVE(2,(#4482,#4483,#4484,#4485,
#4486,#4487,#4488),.UNSPECIFIED.,.T.,.F.) B_SPLINE_CURVE_WITH_KNOTS((1,2
    ,2,2,2,1),(-2.094395102393,0.,2.094395102393,4.188790204786,
6.28318530718,8.377580409573),.UNSPECIFIED.) CURVE() 
GEOMETRIC_REPRESENTATION_ITEM() RATIONAL_B_SPLINE_CURVE((1.,0.5,1.,0.5,
1.,0.5,1.)) REPRESENTATION_ITEM('') );
#4482 = CARTESIAN_POINT('',(273.25,374.5));
#4483 = CARTESIAN_POINT('',(273.25,376.66506350946));
#4484 = CARTESIAN_POINT('',(275.125,375.58253175473));
#4485 = CARTESIAN_POINT('',(277.,374.5));
#4486 = CARTESIAN_POINT('',(275.125,373.41746824526));
#4487 = CARTESIAN_POINT('',(273.25,372.33493649053));
#4488 = CARTESIAN_POINT('',(273.25,374.5));
#4489 = ( GEOMETRIC_REPRESENTATION_CONTEXT(2) 
PARAMETRIC_REPRESENTATION_CONTEXT() REPRESENTATION_CONTEXT('2D SPACE',''
  ) );
#4490 = PCURVE('',#4491,#4496);
#4491 = CYLINDRICAL_SURFACE('',#4492,1.25);
#4492 = AXIS2_PLACEMENT_3D('',#4493,#4494,#4495);
#4493 = CARTESIAN_POINT('',(254.5,354.5,3.));
#4494 = DIRECTION('',(0.,0.,-1.));
#4495 = DIRECTION('',(-1.,0.,0.));
#4496 = DEFINITIONAL_REPRESENTATION('',(#4497),#4501);
#4497 = LINE('',#4498,#4499);
#4498 = CARTESIAN_POINT('',(0.,0.));
#4499 = VECTOR('',#4500,1.);
#4500 = DIRECTION('',(1.,0.));
#4501 = ( GEOMETRIC_REPRESENTATION_CONTEXT(2) 
PARAMETRIC_REPRESENTATION_CONTEXT() REPRESENTATION_CONTEXT('2D SPACE',''
  ) );
#4502 = FACE_BOUND('',#4503,.T.);
#4503 = EDGE_LOOP('',(#4504));
#4504 = ORIENTED_EDGE('',*,*,#4505,.T.);
#4505 = EDGE_CURVE('',#4506,#4506,#4508,.T.);
#4506 = VERTEX_POINT('',#4507);
#4507 = CARTESIAN_POINT('',(294.25,395.5,3.));
#4508 = SURFACE_CURVE('',#4509,(#4514,#4525),.PCURVE_S1.);
#4509 = CIRCLE('',#4510,1.25);
#4510 = AXIS2_PLACEMENT_3D('',#4511,#4512,#4513);
#4511 = CARTESIAN_POINT('',(295.5,395.5,3.));
#4512 = DIRECTION('',(0.,0.,-1.));
#4513 = DIRECTION('',(-1.,0.,0.));
#4514 = PCURVE('',#44,#4515);
#4515 = DEFINITIONAL_REPRESENTATION('',(#4516),#4524);
#4516 = ( BOUNDED_CURVE() B_SPLINE_CURVE(2,(#4517,#4518,#4519,#4520,
#4521,#4522,#4523),.UNSPECIFIED.,.T.,.F.) B_SPLINE_CURVE_WITH_KNOTS((1,2
    ,2,2,2,1),(-2.094395102393,0.,2.094395102393,4.188790204786,
6.28318530718,8.377580409573),.UNSPECIFIED.) CURVE() 
GEOMETRIC_REPRESENTATION_ITEM() RATIONAL_B_SPLINE_CURVE((1.,0.5,1.,0.5,
1.,0.5,1.)) REPRESENTATION_ITEM('') );
#4517 = CARTESIAN_POINT('',(314.25,415.5));
#4518 = CARTESIAN_POINT('',(314.25,417.66506350946));
#4519 = CARTESIAN_POINT('',(316.125,416.58253175473));
#4520 = CARTESIAN_POINT('',(318.,415.5));
#4521 = CARTESIAN_POINT('',(316.125,414.41746824526));
#4522 = CARTESIAN_POINT('',(314.25,413.33493649053));
#4523 = CARTESIAN_POINT('',(314.25,415.5));
#4524 = ( GEOMETRIC_REPRESENTATION_CONTEXT(2) 
PARAMETRIC_REPRESENTATION_CONTEXT() REPRESENTATION_CONTEXT('2D SPACE',''
  ) );
#4525 = PCURVE('',#4526,#4531);
#4526 = CYLINDRICAL_SURFACE('',#4527,1.25);
#4527 = AXIS2_PLACEMENT_3D('',#4528,#4529,#4530);
#4528 = CARTESIAN_POINT('',(295.5,395.5,3.));
#4529 = DIRECTION('',(0.,0.,-1.));
#4530 = DIRECTION('',(-1.,0.,0.));
#4531 = DEFINITIONAL_REPRESENTATION('',(#4532),#4536);
#4532 = LINE('',#4533,#4534);
#4533 = CARTESIAN_POINT('',(0.,0.));
#4534 = VECTOR('',#4535,1.);
#4535 = DIRECTION('',(1.,0.));
#4536 = ( GEOMETRIC_REPRESENTATION_CONTEXT(2) 
PARAMETRIC_REPRESENTATION_CONTEXT() REPRESENTATION_CONTEXT('2D SPACE',''
  ) );
#4537 = FACE_BOUND('',#4538,.T.);
#4538 = EDGE_LOOP('',(#4539));
#4539 = ORIENTED_EDGE('',*,*,#4540,.T.);
#4540 = EDGE_CURVE('',#4541,#4541,#4543,.T.);
#4541 = VERTEX_POINT('',#4542);
#4542 = CARTESIAN_POINT('',(303.25,304.5,3.));
#4543 = SURFACE_CURVE('',#4544,(#4549,#4560),.PCURVE_S1.);
#4544 = CIRCLE('',#4545,1.25);
#4545 = AXIS2_PLACEMENT_3D('',#4546,#4547,#4548);
#4546 = CARTESIAN_POINT('',(304.5,304.5,3.));
#4547 = DIRECTION('',(0.,0.,-1.));
#4548 = DIRECTION('',(-1.,0.,0.));
#4549 = PCURVE('',#44,#4550);
#4550 = DEFINITIONAL_REPRESENTATION('',(#4551),#4559);
#4551 = ( BOUNDED_CURVE() B_SPLINE_CURVE(2,(#4552,#4553,#4554,#4555,
#4556,#4557,#4558),.UNSPECIFIED.,.T.,.F.) B_SPLINE_CURVE_WITH_KNOTS((1,2
    ,2,2,2,1),(-2.094395102393,0.,2.094395102393,4.188790204786,
6.28318530718,8.377580409573),.UNSPECIFIED.) CURVE() 
GEOMETRIC_REPRESENTATION_ITEM() RATIONAL_B_SPLINE_CURVE((1.,0.5,1.,0.5,
1.,0.5,1.)) REPRESENTATION_ITEM('') );
#4552 = CARTESIAN_POINT('',(323.25,324.5));
#4553 = CARTESIAN_POINT('',(323.25,326.66506350946));
#4554 = CARTESIAN_POINT('',(325.125,325.58253175473));
#4555 = CARTESIAN_POINT('',(327.,324.5));
#4556 = CARTESIAN_POINT('',(325.125,323.41746824526));
#4557 = CARTESIAN_POINT('',(323.25,322.33493649053));
#4558 = CARTESIAN_POINT('',(323.25,324.5));
#4559 = ( GEOMETRIC_REPRESENTATION_CONTEXT(2) 
PARAMETRIC_REPRESENTATION_CONTEXT() REPRESENTATION_CONTEXT('2D SPACE',''
  ) );
#4560 = PCURVE('',#4561,#4566);
#4561 = CYLINDRICAL_SURFACE('',#4562,1.25);
#4562 = AXIS2_PLACEMENT_3D('',#4563,#4564,#4565);
#4563 = CARTESIAN_POINT('',(304.5,304.5,3.));
#4564 = DIRECTION('',(0.,0.,-1.));
#4565 = DIRECTION('',(-1.,0.,0.));
#4566 = DEFINITIONAL_REPRESENTATION('',(#4567),#4571);
#4567 = LINE('',#4568,#4569);
#4568 = CARTESIAN_POINT('',(0.,0.));
#4569 = VECTOR('',#4570,1.);
#4570 = DIRECTION('',(1.,0.));
#4571 = ( GEOMETRIC_REPRESENTATION_CONTEXT(2) 
PARAMETRIC_REPRESENTATION_CONTEXT() REPRESENTATION_CONTEXT('2D SPACE',''
  ) );
#4572 = FACE_BOUND('',#4573,.T.);
#4573 = EDGE_LOOP('',(#4574));
#4574 = ORIENTED_EDGE('',*,*,#4575,.T.);
#4575 = EDGE_CURVE('',#4576,#4576,#4578,.T.);
#4576 = VERTEX_POINT('',#4577);
#4577 = CARTESIAN_POINT('',(344.25,345.5,3.));
#4578 = SURFACE_CURVE('',#4579,(#4584,#4595),.PCURVE_S1.);
#4579 = CIRCLE('',#4580,1.25);
#4580 = AXIS2_PLACEMENT_3D('',#4581,#4582,#4583);
#4581 = CARTESIAN_POINT('',(345.5,345.5,3.));
#4582 = DIRECTION('',(0.,0.,-1.));
#4583 = DIRECTION('',(-1.,0.,0.));
#4584 = PCURVE('',#44,#4585);
#4585 = DEFINITIONAL_REPRESENTATION('',(#4586),#4594);
#4586 = ( BOUNDED_CURVE() B_SPLINE_CURVE(2,(#4587,#4588,#4589,#4590,
#4591,#4592,#4593),.UNSPECIFIED.,.T.,.F.) B_SPLINE_CURVE_WITH_KNOTS((1,2
    ,2,2,2,1),(-2.094395102393,0.,2.094395102393,4.188790204786,
6.28318530718,8.377580409573),.UNSPECIFIED.) CURVE() 
GEOMETRIC_REPRESENTATION_ITEM() RATIONAL_B_SPLINE_CURVE((1.,0.5,1.,0.5,
1.,0.5,1.)) REPRESENTATION_ITEM('') );
#4587 = CARTESIAN_POINT('',(364.25,365.5));
#4588 = CARTESIAN_POINT('',(364.25,367.66506350946));
#4589 = CARTESIAN_POINT('',(366.125,366.58253175473));
#4590 = CARTESIAN_POINT('',(368.,365.5));
#4591 = CARTESIAN_POINT('',(366.125,364.41746824526));
#4592 = CARTESIAN_POINT('',(364.25,363.33493649053));
#4593 = CARTESIAN_POINT('',(364.25,365.5));
#4594 = ( GEOMETRIC_REPRESENTATION_CONTEXT(2) 
PARAMETRIC_REPRESENTATION_CONTEXT() REPRESENTATION_CONTEXT('2D SPACE',''
  ) );
#4595 = PCURVE('',#4596,#4601);
#4596 = CYLINDRICAL_SURFACE('',#4597,1.25);
#4597 = AXIS2_PLACEMENT_3D('',#4598,#4599,#4600);
#4598 = CARTESIAN_POINT('',(345.5,345.5,3.));
#4599 = DIRECTION('',(0.,0.,-1.));
#4600 = DIRECTION('',(-1.,0.,0.));
#4601 = DEFINITIONAL_REPRESENTATION('',(#4602),#4606);
#4602 = LINE('',#4603,#4604);
#4603 = CARTESIAN_POINT('',(0.,0.));
#4604 = VECTOR('',#4605,1.);
#4605 = DIRECTION('',(1.,0.));
#4606 = ( GEOMETRIC_REPRESENTATION_CONTEXT(2) 
PARAMETRIC_REPRESENTATION_CONTEXT() REPRESENTATION_CONTEXT('2D SPACE',''
  ) );
#4607 = FACE_BOUND('',#4608,.T.);
#4608 = EDGE_LOOP('',(#4609));
#4609 = ORIENTED_EDGE('',*,*,#4610,.T.);
#4610 = EDGE_CURVE('',#4611,#4611,#4613,.T.);
#4611 = VERTEX_POINT('',#4612);
#4612 = CARTESIAN_POINT('',(353.25,304.5,3.));
#4613 = SURFACE_CURVE('',#4614,(#4619,#4630),.PCURVE_S1.);
#4614 = CIRCLE('',#4615,1.25);
#4615 = AXIS2_PLACEMENT_3D('',#4616,#4617,#4618);
#4616 = CARTESIAN_POINT('',(354.5,304.5,3.));
#4617 = DIRECTION('',(0.,0.,-1.));
#4618 = DIRECTION('',(-1.,0.,0.));
#4619 = PCURVE('',#44,#4620);
#4620 = DEFINITIONAL_REPRESENTATION('',(#4621),#4629);
#4621 = ( BOUNDED_CURVE() B_SPLINE_CURVE(2,(#4622,#4623,#4624,#4625,
#4626,#4627,#4628),.UNSPECIFIED.,.T.,.F.) B_SPLINE_CURVE_WITH_KNOTS((1,2
    ,2,2,2,1),(-2.094395102393,0.,2.094395102393,4.188790204786,
6.28318530718,8.377580409573),.UNSPECIFIED.) CURVE() 
GEOMETRIC_REPRESENTATION_ITEM() RATIONAL_B_SPLINE_CURVE((1.,0.5,1.,0.5,
1.,0.5,1.)) REPRESENTATION_ITEM('') );
#4622 = CARTESIAN_POINT('',(373.25,324.5));
#4623 = CARTESIAN_POINT('',(373.25,326.66506350946));
#4624 = CARTESIAN_POINT('',(375.125,325.58253175473));
#4625 = CARTESIAN_POINT('',(377.,324.5));
#4626 = CARTESIAN_POINT('',(375.125,323.41746824526));
#4627 = CARTESIAN_POINT('',(373.25,322.33493649053));
#4628 = CARTESIAN_POINT('',(373.25,324.5));
#4629 = ( GEOMETRIC_REPRESENTATION_CONTEXT(2) 
PARAMETRIC_REPRESENTATION_CONTEXT() REPRESENTATION_CONTEXT('2D SPACE',''
  ) );
#4630 = PCURVE('',#4631,#4636);
#4631 = CYLINDRICAL_SURFACE('',#4632,1.25);
#4632 = AXIS2_PLACEMENT_3D('',#4633,#4634,#4635);
#4633 = CARTESIAN_POINT('',(354.5,304.5,3.));
#4634 = DIRECTION('',(0.,0.,-1.));
#4635 = DIRECTION('',(-1.,0.,0.));
#4636 = DEFINITIONAL_REPRESENTATION('',(#4637),#4641);
#4637 = LINE('',#4638,#4639);
#4638 = CARTESIAN_POINT('',(0.,0.));
#4639 = VECTOR('',#4640,1.);
#4640 = DIRECTION('',(1.,0.));
#4641 = ( GEOMETRIC_REPRESENTATION_CONTEXT(2) 
PARAMETRIC_REPRESENTATION_CONTEXT() REPRESENTATION_CONTEXT('2D SPACE',''
  ) );
#4642 = FACE_BOUND('',#4643,.T.);
#4643 = EDGE_LOOP('',(#4644));
#4644 = ORIENTED_EDGE('',*,*,#4645,.T.);
#4645 = EDGE_CURVE('',#4646,#4646,#4648,.T.);
#4646 = VERTEX_POINT('',#4647);
#4647 = CARTESIAN_POINT('',(394.25,345.5,3.));
#4648 = SURFACE_CURVE('',#4649,(#4654,#4665),.PCURVE_S1.);
#4649 = CIRCLE('',#4650,1.25);
#4650 = AXIS2_PLACEMENT_3D('',#4651,#4652,#4653);
#4651 = CARTESIAN_POINT('',(395.5,345.5,3.));
#4652 = DIRECTION('',(0.,0.,-1.));
#4653 = DIRECTION('',(-1.,0.,0.));
#4654 = PCURVE('',#44,#4655);
#4655 = DEFINITIONAL_REPRESENTATION('',(#4656),#4664);
#4656 = ( BOUNDED_CURVE() B_SPLINE_CURVE(2,(#4657,#4658,#4659,#4660,
#4661,#4662,#4663),.UNSPECIFIED.,.T.,.F.) B_SPLINE_CURVE_WITH_KNOTS((1,2
    ,2,2,2,1),(-2.094395102393,0.,2.094395102393,4.188790204786,
6.28318530718,8.377580409573),.UNSPECIFIED.) CURVE() 
GEOMETRIC_REPRESENTATION_ITEM() RATIONAL_B_SPLINE_CURVE((1.,0.5,1.,0.5,
1.,0.5,1.)) REPRESENTATION_ITEM('') );
#4657 = CARTESIAN_POINT('',(414.25,365.5));
#4658 = CARTESIAN_POINT('',(414.25,367.66506350946));
#4659 = CARTESIAN_POINT('',(416.125,366.58253175473));
#4660 = CARTESIAN_POINT('',(418.,365.5));
#4661 = CARTESIAN_POINT('',(416.125,364.41746824526));
#4662 = CARTESIAN_POINT('',(414.25,363.33493649053));
#4663 = CARTESIAN_POINT('',(414.25,365.5));
#4664 = ( GEOMETRIC_REPRESENTATION_CONTEXT(2) 
PARAMETRIC_REPRESENTATION_CONTEXT() REPRESENTATION_CONTEXT('2D SPACE',''
  ) );
#4665 = PCURVE('',#4666,#4671);
#4666 = CYLINDRICAL_SURFACE('',#4667,1.25);
#4667 = AXIS2_PLACEMENT_3D('',#4668,#4669,#4670);
#4668 = CARTESIAN_POINT('',(395.5,345.5,3.));
#4669 = DIRECTION('',(0.,0.,-1.));
#4670 = DIRECTION('',(-1.,0.,0.));
#4671 = DEFINITIONAL_REPRESENTATION('',(#4672),#4676);
#4672 = LINE('',#4673,#4674);
#4673 = CARTESIAN_POINT('',(0.,0.));
#4674 = VECTOR('',#4675,1.);
#4675 = DIRECTION('',(1.,0.));
#4676 = ( GEOMETRIC_REPRESENTATION_CONTEXT(2) 
PARAMETRIC_REPRESENTATION_CONTEXT() REPRESENTATION_CONTEXT('2D SPACE',''
  ) );
#4677 = FACE_BOUND('',#4678,.T.);
#4678 = EDGE_LOOP('',(#4679));
#4679 = ORIENTED_EDGE('',*,*,#4680,.T.);
#4680 = EDGE_CURVE('',#4681,#4681,#4683,.T.);
#4681 = VERTEX_POINT('',#4682);
#4682 = CARTESIAN_POINT('',(303.25,354.5,3.));
#4683 = SURFACE_CURVE('',#4684,(#4689,#4700),.PCURVE_S1.);
#4684 = CIRCLE('',#4685,1.25);
#4685 = AXIS2_PLACEMENT_3D('',#4686,#4687,#4688);
#4686 = CARTESIAN_POINT('',(304.5,354.5,3.));
#4687 = DIRECTION('',(0.,0.,-1.));
#4688 = DIRECTION('',(-1.,0.,0.));
#4689 = PCURVE('',#44,#4690);
#4690 = DEFINITIONAL_REPRESENTATION('',(#4691),#4699);
#4691 = ( BOUNDED_CURVE() B_SPLINE_CURVE(2,(#4692,#4693,#4694,#4695,
#4696,#4697,#4698),.UNSPECIFIED.,.T.,.F.) B_SPLINE_CURVE_WITH_KNOTS((1,2
    ,2,2,2,1),(-2.094395102393,0.,2.094395102393,4.188790204786,
6.28318530718,8.377580409573),.UNSPECIFIED.) CURVE() 
GEOMETRIC_REPRESENTATION_ITEM() RATIONAL_B_SPLINE_CURVE((1.,0.5,1.,0.5,
1.,0.5,1.)) REPRESENTATION_ITEM('') );
#4692 = CARTESIAN_POINT('',(323.25,374.5));
#4693 = CARTESIAN_POINT('',(323.25,376.66506350946));
#4694 = CARTESIAN_POINT('',(325.125,375.58253175473));
#4695 = CARTESIAN_POINT('',(327.,374.5));
#4696 = CARTESIAN_POINT('',(325.125,373.41746824526));
#4697 = CARTESIAN_POINT('',(323.25,372.33493649053));
#4698 = CARTESIAN_POINT('',(323.25,374.5));
#4699 = ( GEOMETRIC_REPRESENTATION_CONTEXT(2) 
PARAMETRIC_REPRESENTATION_CONTEXT() REPRESENTATION_CONTEXT('2D SPACE',''
  ) );
#4700 = PCURVE('',#4701,#4706);
#4701 = CYLINDRICAL_SURFACE('',#4702,1.25);
#4702 = AXIS2_PLACEMENT_3D('',#4703,#4704,#4705);
#4703 = CARTESIAN_POINT('',(304.5,354.5,3.));
#4704 = DIRECTION('',(0.,0.,-1.));
#4705 = DIRECTION('',(-1.,0.,0.));
#4706 = DEFINITIONAL_REPRESENTATION('',(#4707),#4711);
#4707 = LINE('',#4708,#4709);
#4708 = CARTESIAN_POINT('',(0.,0.));
#4709 = VECTOR('',#4710,1.);
#4710 = DIRECTION('',(1.,0.));
#4711 = ( GEOMETRIC_REPRESENTATION_CONTEXT(2) 
PARAMETRIC_REPRESENTATION_CONTEXT() REPRESENTATION_CONTEXT('2D SPACE',''
  ) );
#4712 = FACE_BOUND('',#4713,.T.);
#4713 = EDGE_LOOP('',(#4714));
#4714 = ORIENTED_EDGE('',*,*,#4715,.T.);
#4715 = EDGE_CURVE('',#4716,#4716,#4718,.T.);
#4716 = VERTEX_POINT('',#4717);
#4717 = CARTESIAN_POINT('',(344.25,395.5,3.));
#4718 = SURFACE_CURVE('',#4719,(#4724,#4735),.PCURVE_S1.);
#4719 = CIRCLE('',#4720,1.25);
#4720 = AXIS2_PLACEMENT_3D('',#4721,#4722,#4723);
#4721 = CARTESIAN_POINT('',(345.5,395.5,3.));
#4722 = DIRECTION('',(0.,0.,-1.));
#4723 = DIRECTION('',(-1.,0.,0.));
#4724 = PCURVE('',#44,#4725);
#4725 = DEFINITIONAL_REPRESENTATION('',(#4726),#4734);
#4726 = ( BOUNDED_CURVE() B_SPLINE_CURVE(2,(#4727,#4728,#4729,#4730,
#4731,#4732,#4733),.UNSPECIFIED.,.T.,.F.) B_SPLINE_CURVE_WITH_KNOTS((1,2
    ,2,2,2,1),(-2.094395102393,0.,2.094395102393,4.188790204786,
6.28318530718,8.377580409573),.UNSPECIFIED.) CURVE() 
GEOMETRIC_REPRESENTATION_ITEM() RATIONAL_B_SPLINE_CURVE((1.,0.5,1.,0.5,
1.,0.5,1.)) REPRESENTATION_ITEM('') );
#4727 = CARTESIAN_POINT('',(364.25,415.5));
#4728 = CARTESIAN_POINT('',(364.25,417.66506350946));
#4729 = CARTESIAN_POINT('',(366.125,416.58253175473));
#4730 = CARTESIAN_POINT('',(368.,415.5));
#4731 = CARTESIAN_POINT('',(366.125,414.41746824526));
#4732 = CARTESIAN_POINT('',(364.25,413.33493649053));
#4733 = CARTESIAN_POINT('',(364.25,415.5));
#4734 = ( GEOMETRIC_REPRESENTATION_CONTEXT(2) 
PARAMETRIC_REPRESENTATION_CONTEXT() REPRESENTATION_CONTEXT('2D SPACE',''
  ) );
#4735 = PCURVE('',#4736,#4741);
#4736 = CYLINDRICAL_SURFACE('',#4737,1.25);
#4737 = AXIS2_PLACEMENT_3D('',#4738,#4739,#4740);
#4738 = CARTESIAN_POINT('',(345.5,395.5,3.));
#4739 = DIRECTION('',(0.,0.,-1.));
#4740 = DIRECTION('',(-1.,0.,0.));
#4741 = DEFINITIONAL_REPRESENTATION('',(#4742),#4746);
#4742 = LINE('',#4743,#4744);
#4743 = CARTESIAN_POINT('',(0.,0.));
#4744 = VECTOR('',#4745,1.);
#4745 = DIRECTION('',(1.,0.));
#4746 = ( GEOMETRIC_REPRESENTATION_CONTEXT(2) 
PARAMETRIC_REPRESENTATION_CONTEXT() REPRESENTATION_CONTEXT('2D SPACE',''
  ) );
#4747 = FACE_BOUND('',#4748,.T.);
#4748 = EDGE_LOOP('',(#4749));
#4749 = ORIENTED_EDGE('',*,*,#4750,.T.);
#4750 = EDGE_CURVE('',#4751,#4751,#4753,.T.);
#4751 = VERTEX_POINT('',#4752);
#4752 = CARTESIAN_POINT('',(353.25,354.5,3.));
#4753 = SURFACE_CURVE('',#4754,(#4759,#4770),.PCURVE_S1.);
#4754 = CIRCLE('',#4755,1.25);
#4755 = AXIS2_PLACEMENT_3D('',#4756,#4757,#4758);
#4756 = CARTESIAN_POINT('',(354.5,354.5,3.));
#4757 = DIRECTION('',(0.,0.,-1.));
#4758 = DIRECTION('',(-1.,0.,0.));
#4759 = PCURVE('',#44,#4760);
#4760 = DEFINITIONAL_REPRESENTATION('',(#4761),#4769);
#4761 = ( BOUNDED_CURVE() B_SPLINE_CURVE(2,(#4762,#4763,#4764,#4765,
#4766,#4767,#4768),.UNSPECIFIED.,.T.,.F.) B_SPLINE_CURVE_WITH_KNOTS((1,2
    ,2,2,2,1),(-2.094395102393,0.,2.094395102393,4.188790204786,
6.28318530718,8.377580409573),.UNSPECIFIED.) CURVE() 
GEOMETRIC_REPRESENTATION_ITEM() RATIONAL_B_SPLINE_CURVE((1.,0.5,1.,0.5,
1.,0.5,1.)) REPRESENTATION_ITEM('') );
#4762 = CARTESIAN_POINT('',(373.25,374.5));
#4763 = CARTESIAN_POINT('',(373.25,376.66506350946));
#4764 = CARTESIAN_POINT('',(375.125,375.58253175473));
#4765 = CARTESIAN_POINT('',(377.,374.5));
#4766 = CARTESIAN_POINT('',(375.125,373.41746824526));
#4767 = CARTESIAN_POINT('',(373.25,372.33493649053));
#4768 = CARTESIAN_POINT('',(373.25,374.5));
#4769 = ( GEOMETRIC_REPRESENTATION_CONTEXT(2) 
PARAMETRIC_REPRESENTATION_CONTEXT() REPRESENTATION_CONTEXT('2D SPACE',''
  ) );
#4770 = PCURVE('',#4771,#4776);
#4771 = CYLINDRICAL_SURFACE('',#4772,1.25);
#4772 = AXIS2_PLACEMENT_3D('',#4773,#4774,#4775);
#4773 = CARTESIAN_POINT('',(354.5,354.5,3.));
#4774 = DIRECTION('',(0.,0.,-1.));
#4775 = DIRECTION('',(-1.,0.,0.));
#4776 = DEFINITIONAL_REPRESENTATION('',(#4777),#4781);
#4777 = LINE('',#4778,#4779);
#4778 = CARTESIAN_POINT('',(0.,0.));
#4779 = VECTOR('',#4780,1.);
#4780 = DIRECTION('',(1.,0.));
#4781 = ( GEOMETRIC_REPRESENTATION_CONTEXT(2) 
PARAMETRIC_REPRESENTATION_CONTEXT() REPRESENTATION_CONTEXT('2D SPACE',''
  ) );
#4782 = FACE_BOUND('',#4783,.T.);
#4783 = EDGE_LOOP('',(#4784));
#4784 = ORIENTED_EDGE('',*,*,#4785,.T.);
#4785 = EDGE_CURVE('',#4786,#4786,#4788,.T.);
#4786 = VERTEX_POINT('',#4787);
#4787 = CARTESIAN_POINT('',(394.25,395.5,3.));
#4788 = SURFACE_CURVE('',#4789,(#4794,#4805),.PCURVE_S1.);
#4789 = CIRCLE('',#4790,1.25);
#4790 = AXIS2_PLACEMENT_3D('',#4791,#4792,#4793);
#4791 = CARTESIAN_POINT('',(395.5,395.5,3.));
#4792 = DIRECTION('',(0.,0.,-1.));
#4793 = DIRECTION('',(-1.,0.,0.));
#4794 = PCURVE('',#44,#4795);
#4795 = DEFINITIONAL_REPRESENTATION('',(#4796),#4804);
#4796 = ( BOUNDED_CURVE() B_SPLINE_CURVE(2,(#4797,#4798,#4799,#4800,
#4801,#4802,#4803),.UNSPECIFIED.,.T.,.F.) B_SPLINE_CURVE_WITH_KNOTS((1,2
    ,2,2,2,1),(-2.094395102393,0.,2.094395102393,4.188790204786,
6.28318530718,8.377580409573),.UNSPECIFIED.) CURVE() 
GEOMETRIC_REPRESENTATION_ITEM() RATIONAL_B_SPLINE_CURVE((1.,0.5,1.,0.5,
1.,0.5,1.)) REPRESENTATION_ITEM('') );
#4797 = CARTESIAN_POINT('',(414.25,415.5));
#4798 = CARTESIAN_POINT('',(414.25,417.66506350946));
#4799 = CARTESIAN_POINT('',(416.125,416.58253175473));
#4800 = CARTESIAN_POINT('',(418.,415.5));
#4801 = CARTESIAN_POINT('',(416.125,414.41746824526));
#4802 = CARTESIAN_POINT('',(414.25,413.33493649053));
#4803 = CARTESIAN_POINT('',(414.25,415.5));
#4804 = ( GEOMETRIC_REPRESENTATION_CONTEXT(2) 
PARAMETRIC_REPRESENTATION_CONTEXT() REPRESENTATION_CONTEXT('2D SPACE',''
  ) );
#4805 = PCURVE('',#4806,#4811);
#4806 = CYLINDRICAL_SURFACE('',#4807,1.25);
#4807 = AXIS2_PLACEMENT_3D('',#4808,#4809,#4810);
#4808 = CARTESIAN_POINT('',(395.5,395.5,3.));
#4809 = DIRECTION('',(0.,0.,-1.));
#4810 = DIRECTION('',(-1.,0.,0.));
#4811 = DEFINITIONAL_REPRESENTATION('',(#4812),#4816);
#4812 = LINE('',#4813,#4814);
#4813 = CARTESIAN_POINT('',(0.,0.));
#4814 = VECTOR('',#4815,1.);
#4815 = DIRECTION('',(1.,0.));
#4816 = ( GEOMETRIC_REPRESENTATION_CONTEXT(2) 
PARAMETRIC_REPRESENTATION_CONTEXT() REPRESENTATION_CONTEXT('2D SPACE',''
  ) );
#4817 = ADVANCED_FACE('',(#4818),#72,.T.);
#4818 = FACE_BOUND('',#4819,.T.);
#4819 = EDGE_LOOP('',(#4820,#4844,#4865,#4866));
#4820 = ORIENTED_EDGE('',*,*,#4821,.T.);
#4821 = EDGE_CURVE('',#57,#4822,#4824,.T.);
#4822 = VERTEX_POINT('',#4823);
#4823 = CARTESIAN_POINT('',(-12.,-20.,0.));
#4824 = SURFACE_CURVE('',#4825,(#4830,#4837),.PCURVE_S1.);
#4825 = CIRCLE('',#4826,8.);
#4826 = AXIS2_PLACEMENT_3D('',#4827,#4828,#4829);
#4827 = CARTESIAN_POINT('',(-12.,-12.,0.));
#4828 = DIRECTION('',(0.,0.,1.));
#4829 = DIRECTION('',(0.,-1.,0.));
#4830 = PCURVE('',#72,#4831);
#4831 = DEFINITIONAL_REPRESENTATION('',(#4832),#4836);
#4832 = LINE('',#4833,#4834);
#4833 = CARTESIAN_POINT('',(-4.712388980385,0.));
#4834 = VECTOR('',#4835,1.);
#4835 = DIRECTION('',(1.,0.));
#4836 = ( GEOMETRIC_REPRESENTATION_CONTEXT(2) 
PARAMETRIC_REPRESENTATION_CONTEXT() REPRESENTATION_CONTEXT('2D SPACE',''
  ) );
#4837 = PCURVE('',#100,#4838);
#4838 = DEFINITIONAL_REPRESENTATION('',(#4839),#4843);
#4839 = CIRCLE('',#4840,8.);
#4840 = AXIS2_PLACEMENT_2D('',#4841,#4842);
#4841 = CARTESIAN_POINT('',(8.,8.));
#4842 = DIRECTION('',(0.,-1.));
#4843 = ( GEOMETRIC_REPRESENTATION_CONTEXT(2) 
PARAMETRIC_REPRESENTATION_CONTEXT() REPRESENTATION_CONTEXT('2D SPACE',''
  ) );
#4844 = ORIENTED_EDGE('',*,*,#4845,.T.);
#4845 = EDGE_CURVE('',#4822,#143,#4846,.T.);
#4846 = SURFACE_CURVE('',#4847,(#4851,#4858),.PCURVE_S1.);
#4847 = LINE('',#4848,#4849);
#4848 = CARTESIAN_POINT('',(-12.,-20.,0.));
#4849 = VECTOR('',#4850,1.);
#4850 = DIRECTION('',(0.,0.,1.));
#4851 = PCURVE('',#72,#4852);
#4852 = DEFINITIONAL_REPRESENTATION('',(#4853),#4857);
#4853 = LINE('',#4854,#4855);
#4854 = CARTESIAN_POINT('',(1.570796326795,0.));
#4855 = VECTOR('',#4856,1.);
#4856 = DIRECTION('',(0.,1.));
#4857 = ( GEOMETRIC_REPRESENTATION_CONTEXT(2) 
PARAMETRIC_REPRESENTATION_CONTEXT() REPRESENTATION_CONTEXT('2D SPACE',''
  ) );
#4858 = PCURVE('',#182,#4859);
#4859 = DEFINITIONAL_REPRESENTATION('',(#4860),#4864);
#4860 = LINE('',#4861,#4862);
#4861 = CARTESIAN_POINT('',(0.,8.));
#4862 = VECTOR('',#4863,1.);
#4863 = DIRECTION('',(1.,0.));
#4864 = ( GEOMETRIC_REPRESENTATION_CONTEXT(2) 
PARAMETRIC_REPRESENTATION_CONTEXT() REPRESENTATION_CONTEXT('2D SPACE',''
  ) );
#4865 = ORIENTED_EDGE('',*,*,#142,.F.);
#4866 = ORIENTED_EDGE('',*,*,#56,.F.);
#4867 = ADVANCED_FACE('',(#4868),#126,.T.);
#4868 = FACE_BOUND('',#4869,.F.);
#4869 = EDGE_LOOP('',(#4870,#4898,#4919,#4920));
#4870 = ORIENTED_EDGE('',*,*,#4871,.T.);
#4871 = EDGE_CURVE('',#85,#4872,#4874,.T.);
#4872 = VERTEX_POINT('',#4873);
#4873 = CARTESIAN_POINT('',(-12.,420.,0.));
#4874 = SURFACE_CURVE('',#4875,(#4880,#4887),.PCURVE_S1.);
#4875 = CIRCLE('',#4876,8.);
#4876 = AXIS2_PLACEMENT_3D('',#4877,#4878,#4879);
#4877 = CARTESIAN_POINT('',(-12.,412.,0.));
#4878 = DIRECTION('',(-0.,-0.,-1.));
#4879 = DIRECTION('',(0.,-1.,0.));
#4880 = PCURVE('',#126,#4881);
#4881 = DEFINITIONAL_REPRESENTATION('',(#4882),#4886);
#4882 = LINE('',#4883,#4884);
#4883 = CARTESIAN_POINT('',(1.570796326795,-0.));
#4884 = VECTOR('',#4885,1.);
#4885 = DIRECTION('',(-1.,0.));
#4886 = ( GEOMETRIC_REPRESENTATION_CONTEXT(2) 
PARAMETRIC_REPRESENTATION_CONTEXT() REPRESENTATION_CONTEXT('2D SPACE',''
  ) );
#4887 = PCURVE('',#100,#4888);
#4888 = DEFINITIONAL_REPRESENTATION('',(#4889),#4897);
#4889 = ( BOUNDED_CURVE() B_SPLINE_CURVE(2,(#4890,#4891,#4892,#4893,
#4894,#4895,#4896),.UNSPECIFIED.,.T.,.F.) B_SPLINE_CURVE_WITH_KNOTS((1,2
    ,2,2,2,1),(-2.094395102393,0.,2.094395102393,4.188790204786,
6.28318530718,8.377580409573),.UNSPECIFIED.) CURVE() 
GEOMETRIC_REPRESENTATION_ITEM() RATIONAL_B_SPLINE_CURVE((1.,0.5,1.,0.5,
1.,0.5,1.)) REPRESENTATION_ITEM('') );
#4890 = CARTESIAN_POINT('',(8.,424.));
#4891 = CARTESIAN_POINT('',(-5.856406460551,424.));
#4892 = CARTESIAN_POINT('',(1.071796769724,436.));
#4893 = CARTESIAN_POINT('',(8.,448.));
#4894 = CARTESIAN_POINT('',(14.928203230276,436.));
#4895 = CARTESIAN_POINT('',(21.856406460551,424.));
#4896 = CARTESIAN_POINT('',(8.,424.));
#4897 = ( GEOMETRIC_REPRESENTATION_CONTEXT(2) 
PARAMETRIC_REPRESENTATION_CONTEXT() REPRESENTATION_CONTEXT('2D SPACE',''
  ) );
#4898 = ORIENTED_EDGE('',*,*,#4899,.T.);
#4899 = EDGE_CURVE('',#4872,#285,#4900,.T.);
#4900 = SURFACE_CURVE('',#4901,(#4905,#4912),.PCURVE_S1.);
#4901 = LINE('',#4902,#4903);
#4902 = CARTESIAN_POINT('',(-12.,420.,0.));
#4903 = VECTOR('',#4904,1.);
#4904 = DIRECTION('',(0.,0.,1.));
#4905 = PCURVE('',#126,#4906);
#4906 = DEFINITIONAL_REPRESENTATION('',(#4907),#4911);
#4907 = LINE('',#4908,#4909);
#4908 = CARTESIAN_POINT('',(-1.570796326795,0.));
#4909 = VECTOR('',#4910,1.);
#4910 = DIRECTION('',(-0.,1.));
#4911 = ( GEOMETRIC_REPRESENTATION_CONTEXT(2) 
PARAMETRIC_REPRESENTATION_CONTEXT() REPRESENTATION_CONTEXT('2D SPACE',''
  ) );
#4912 = PCURVE('',#300,#4913);
#4913 = DEFINITIONAL_REPRESENTATION('',(#4914),#4918);
#4914 = LINE('',#4915,#4916);
#4915 = CARTESIAN_POINT('',(0.,8.));
#4916 = VECTOR('',#4917,1.);
#4917 = DIRECTION('',(1.,0.));
#4918 = ( GEOMETRIC_REPRESENTATION_CONTEXT(2) 
PARAMETRIC_REPRESENTATION_CONTEXT() REPRESENTATION_CONTEXT('2D SPACE',''
  ) );
#4919 = ORIENTED_EDGE('',*,*,#312,.F.);
#4920 = ORIENTED_EDGE('',*,*,#112,.F.);
#4921 = ADVANCED_FACE('',(#4922,#5046,#5076,#5106,#5136,#5166,#5196,
    #5226,#5256,#5286,#5316,#5346,#5376,#5406,#5436,#5466,#5496,#5526,
    #5556,#5586,#5616,#5646,#5676,#5706,#5736,#5766,#5796,#5826,#5856,
    #5886,#5916,#5946,#5976,#6006,#6036,#6066,#6096,#6126,#6156,#6186,
    #6216,#6246,#6276,#6306,#6336,#6366,#6396,#6426,#6456,#6486,#6516,
    #6546,#6576,#6606,#6636,#6666,#6696,#6726,#6756,#6786,#6816,#6846,
    #6876,#6906,#6936,#6966,#6996,#7026,#7056,#7086,#7116,#7146,#7176,
    #7206,#7236,#7266,#7296,#7326,#7356,#7386,#7416,#7446,#7476,#7506,
    #7536,#7566,#7596,#7626,#7656,#7686,#7716,#7746,#7776,#7806,#7836,
    #7866,#7896,#7926,#7956,#7986,#8016,#8046,#8076,#8106,#8136,#8166,
    #8196,#8226,#8256,#8286,#8316,#8346,#8376,#8406,#8436,#8466,#8496,
    #8526,#8556,#8586,#8616,#8646,#8676,#8706,#8736,#8766,#8796,#8826,
    #8856),#100,.F.);
#4922 = FACE_BOUND('',#4923,.F.);
#4923 = EDGE_LOOP('',(#4924,#4925,#4926,#4949,#4977,#5000,#5024,#5045));
#4924 = ORIENTED_EDGE('',*,*,#84,.F.);
#4925 = ORIENTED_EDGE('',*,*,#4821,.T.);
#4926 = ORIENTED_EDGE('',*,*,#4927,.T.);
#4927 = EDGE_CURVE('',#4822,#4928,#4930,.T.);
#4928 = VERTEX_POINT('',#4929);
#4929 = CARTESIAN_POINT('',(412.,-20.,0.));
#4930 = SURFACE_CURVE('',#4931,(#4935,#4942),.PCURVE_S1.);
#4931 = LINE('',#4932,#4933);
#4932 = CARTESIAN_POINT('',(-20.,-20.,0.));
#4933 = VECTOR('',#4934,1.);
#4934 = DIRECTION('',(1.,0.,0.));
#4935 = PCURVE('',#100,#4936);
#4936 = DEFINITIONAL_REPRESENTATION('',(#4937),#4941);
#4937 = LINE('',#4938,#4939);
#4938 = CARTESIAN_POINT('',(0.,0.));
#4939 = VECTOR('',#4940,1.);
#4940 = DIRECTION('',(1.,0.));
#4941 = ( GEOMETRIC_REPRESENTATION_CONTEXT(2) 
PARAMETRIC_REPRESENTATION_CONTEXT() REPRESENTATION_CONTEXT('2D SPACE',''
  ) );
#4942 = PCURVE('',#182,#4943);
#4943 = DEFINITIONAL_REPRESENTATION('',(#4944),#4948);
#4944 = LINE('',#4945,#4946);
#4945 = CARTESIAN_POINT('',(0.,0.));
#4946 = VECTOR('',#4947,1.);
#4947 = DIRECTION('',(0.,1.));
#4948 = ( GEOMETRIC_REPRESENTATION_CONTEXT(2) 
PARAMETRIC_REPRESENTATION_CONTEXT() REPRESENTATION_CONTEXT('2D SPACE',''
  ) );
#4949 = ORIENTED_EDGE('',*,*,#4950,.F.);
#4950 = EDGE_CURVE('',#4951,#4928,#4953,.T.);
#4951 = VERTEX_POINT('',#4952);
#4952 = CARTESIAN_POINT('',(420.,-12.,0.));
#4953 = SURFACE_CURVE('',#4954,(#4959,#4970),.PCURVE_S1.);
#4954 = CIRCLE('',#4955,8.);
#4955 = AXIS2_PLACEMENT_3D('',#4956,#4957,#4958);
#4956 = CARTESIAN_POINT('',(412.,-12.,0.));
#4957 = DIRECTION('',(-0.,-0.,-1.));
#4958 = DIRECTION('',(0.,-1.,0.));
#4959 = PCURVE('',#100,#4960);
#4960 = DEFINITIONAL_REPRESENTATION('',(#4961),#4969);
#4961 = ( BOUNDED_CURVE() B_SPLINE_CURVE(2,(#4962,#4963,#4964,#4965,
#4966,#4967,#4968),.UNSPECIFIED.,.T.,.F.) B_SPLINE_CURVE_WITH_KNOTS((1,2
    ,2,2,2,1),(-2.094395102393,0.,2.094395102393,4.188790204786,
6.28318530718,8.377580409573),.UNSPECIFIED.) CURVE() 
GEOMETRIC_REPRESENTATION_ITEM() RATIONAL_B_SPLINE_CURVE((1.,0.5,1.,0.5,
1.,0.5,1.)) REPRESENTATION_ITEM('') );
#4962 = CARTESIAN_POINT('',(432.,0.));
#4963 = CARTESIAN_POINT('',(418.14359353944,0.));
#4964 = CARTESIAN_POINT('',(425.07179676972,12.));
#4965 = CARTESIAN_POINT('',(432.,24.));
#4966 = CARTESIAN_POINT('',(438.92820323027,12.));
#4967 = CARTESIAN_POINT('',(445.85640646055,1.24344978758E-14));
#4968 = CARTESIAN_POINT('',(432.,0.));
#4969 = ( GEOMETRIC_REPRESENTATION_CONTEXT(2) 
PARAMETRIC_REPRESENTATION_CONTEXT() REPRESENTATION_CONTEXT('2D SPACE',''
  ) );
#4970 = PCURVE('',#215,#4971);
#4971 = DEFINITIONAL_REPRESENTATION('',(#4972),#4976);
#4972 = LINE('',#4973,#4974);
#4973 = CARTESIAN_POINT('',(4.712388980385,-0.));
#4974 = VECTOR('',#4975,1.);
#4975 = DIRECTION('',(-1.,0.));
#4976 = ( GEOMETRIC_REPRESENTATION_CONTEXT(2) 
PARAMETRIC_REPRESENTATION_CONTEXT() REPRESENTATION_CONTEXT('2D SPACE',''
  ) );
#4977 = ORIENTED_EDGE('',*,*,#4978,.T.);
#4978 = EDGE_CURVE('',#4951,#4979,#4981,.T.);
#4979 = VERTEX_POINT('',#4980);
#4980 = CARTESIAN_POINT('',(420.,412.,0.));
#4981 = SURFACE_CURVE('',#4982,(#4986,#4993),.PCURVE_S1.);
#4982 = LINE('',#4983,#4984);
#4983 = CARTESIAN_POINT('',(420.,-20.,0.));
#4984 = VECTOR('',#4985,1.);
#4985 = DIRECTION('',(0.,1.,0.));
#4986 = PCURVE('',#100,#4987);
#4987 = DEFINITIONAL_REPRESENTATION('',(#4988),#4992);
#4988 = LINE('',#4989,#4990);
#4989 = CARTESIAN_POINT('',(440.,0.));
#4990 = VECTOR('',#4991,1.);
#4991 = DIRECTION('',(0.,1.));
#4992 = ( GEOMETRIC_REPRESENTATION_CONTEXT(2) 
PARAMETRIC_REPRESENTATION_CONTEXT() REPRESENTATION_CONTEXT('2D SPACE',''
  ) );
#4993 = PCURVE('',#243,#4994);
#4994 = DEFINITIONAL_REPRESENTATION('',(#4995),#4999);
#4995 = LINE('',#4996,#4997);
#4996 = CARTESIAN_POINT('',(0.,0.));
#4997 = VECTOR('',#4998,1.);
#4998 = DIRECTION('',(0.,-1.));
#4999 = ( GEOMETRIC_REPRESENTATION_CONTEXT(2) 
PARAMETRIC_REPRESENTATION_CONTEXT() REPRESENTATION_CONTEXT('2D SPACE',''
  ) );
#5000 = ORIENTED_EDGE('',*,*,#5001,.T.);
#5001 = EDGE_CURVE('',#4979,#5002,#5004,.T.);
#5002 = VERTEX_POINT('',#5003);
#5003 = CARTESIAN_POINT('',(412.,420.,0.));
#5004 = SURFACE_CURVE('',#5005,(#5010,#5017),.PCURVE_S1.);
#5005 = CIRCLE('',#5006,8.);
#5006 = AXIS2_PLACEMENT_3D('',#5007,#5008,#5009);
#5007 = CARTESIAN_POINT('',(412.,412.,0.));
#5008 = DIRECTION('',(0.,0.,1.));
#5009 = DIRECTION('',(0.,-1.,0.));
#5010 = PCURVE('',#100,#5011);
#5011 = DEFINITIONAL_REPRESENTATION('',(#5012),#5016);
#5012 = CIRCLE('',#5013,8.);
#5013 = AXIS2_PLACEMENT_2D('',#5014,#5015);
#5014 = CARTESIAN_POINT('',(432.,432.));
#5015 = DIRECTION('',(0.,-1.));
#5016 = ( GEOMETRIC_REPRESENTATION_CONTEXT(2) 
PARAMETRIC_REPRESENTATION_CONTEXT() REPRESENTATION_CONTEXT('2D SPACE',''
  ) );
#5017 = PCURVE('',#272,#5018);
#5018 = DEFINITIONAL_REPRESENTATION('',(#5019),#5023);
#5019 = LINE('',#5020,#5021);
#5020 = CARTESIAN_POINT('',(-1.570796326795,0.));
#5021 = VECTOR('',#5022,1.);
#5022 = DIRECTION('',(1.,0.));
#5023 = ( GEOMETRIC_REPRESENTATION_CONTEXT(2) 
PARAMETRIC_REPRESENTATION_CONTEXT() REPRESENTATION_CONTEXT('2D SPACE',''
  ) );
#5024 = ORIENTED_EDGE('',*,*,#5025,.F.);
#5025 = EDGE_CURVE('',#4872,#5002,#5026,.T.);
#5026 = SURFACE_CURVE('',#5027,(#5031,#5038),.PCURVE_S1.);
#5027 = LINE('',#5028,#5029);
#5028 = CARTESIAN_POINT('',(-20.,420.,0.));
#5029 = VECTOR('',#5030,1.);
#5030 = DIRECTION('',(1.,0.,0.));
#5031 = PCURVE('',#100,#5032);
#5032 = DEFINITIONAL_REPRESENTATION('',(#5033),#5037);
#5033 = LINE('',#5034,#5035);
#5034 = CARTESIAN_POINT('',(0.,440.));
#5035 = VECTOR('',#5036,1.);
#5036 = DIRECTION('',(1.,0.));
#5037 = ( GEOMETRIC_REPRESENTATION_CONTEXT(2) 
PARAMETRIC_REPRESENTATION_CONTEXT() REPRESENTATION_CONTEXT('2D SPACE',''
  ) );
#5038 = PCURVE('',#300,#5039);
#5039 = DEFINITIONAL_REPRESENTATION('',(#5040),#5044);
#5040 = LINE('',#5041,#5042);
#5041 = CARTESIAN_POINT('',(0.,0.));
#5042 = VECTOR('',#5043,1.);
#5043 = DIRECTION('',(0.,1.));
#5044 = ( GEOMETRIC_REPRESENTATION_CONTEXT(2) 
PARAMETRIC_REPRESENTATION_CONTEXT() REPRESENTATION_CONTEXT('2D SPACE',''
  ) );
#5045 = ORIENTED_EDGE('',*,*,#4871,.F.);
#5046 = FACE_BOUND('',#5047,.F.);
#5047 = EDGE_LOOP('',(#5048));
#5048 = ORIENTED_EDGE('',*,*,#5049,.T.);
#5049 = EDGE_CURVE('',#5050,#5050,#5052,.T.);
#5050 = VERTEX_POINT('',#5051);
#5051 = CARTESIAN_POINT('',(3.25,4.5,0.));
#5052 = SURFACE_CURVE('',#5053,(#5058,#5069),.PCURVE_S1.);
#5053 = CIRCLE('',#5054,1.25);
#5054 = AXIS2_PLACEMENT_3D('',#5055,#5056,#5057);
#5055 = CARTESIAN_POINT('',(4.5,4.5,0.));
#5056 = DIRECTION('',(0.,0.,-1.));
#5057 = DIRECTION('',(-1.,0.,0.));
#5058 = PCURVE('',#100,#5059);
#5059 = DEFINITIONAL_REPRESENTATION('',(#5060),#5068);
#5060 = ( BOUNDED_CURVE() B_SPLINE_CURVE(2,(#5061,#5062,#5063,#5064,
#5065,#5066,#5067),.UNSPECIFIED.,.T.,.F.) B_SPLINE_CURVE_WITH_KNOTS((1,2
    ,2,2,2,1),(-2.094395102393,0.,2.094395102393,4.188790204786,
6.28318530718,8.377580409573),.UNSPECIFIED.) CURVE() 
GEOMETRIC_REPRESENTATION_ITEM() RATIONAL_B_SPLINE_CURVE((1.,0.5,1.,0.5,
1.,0.5,1.)) REPRESENTATION_ITEM('') );
#5061 = CARTESIAN_POINT('',(23.25,24.5));
#5062 = CARTESIAN_POINT('',(23.25,26.665063509461));
#5063 = CARTESIAN_POINT('',(25.125,25.582531754731));
#5064 = CARTESIAN_POINT('',(27.,24.5));
#5065 = CARTESIAN_POINT('',(25.125,23.417468245269));
#5066 = CARTESIAN_POINT('',(23.25,22.334936490539));
#5067 = CARTESIAN_POINT('',(23.25,24.5));
#5068 = ( GEOMETRIC_REPRESENTATION_CONTEXT(2) 
PARAMETRIC_REPRESENTATION_CONTEXT() REPRESENTATION_CONTEXT('2D SPACE',''
  ) );
#5069 = PCURVE('',#361,#5070);
#5070 = DEFINITIONAL_REPRESENTATION('',(#5071),#5075);
#5071 = LINE('',#5072,#5073);
#5072 = CARTESIAN_POINT('',(0.,3.));
#5073 = VECTOR('',#5074,1.);
#5074 = DIRECTION('',(1.,0.));
#5075 = ( GEOMETRIC_REPRESENTATION_CONTEXT(2) 
PARAMETRIC_REPRESENTATION_CONTEXT() REPRESENTATION_CONTEXT('2D SPACE',''
  ) );
#5076 = FACE_BOUND('',#5077,.F.);
#5077 = EDGE_LOOP('',(#5078));
#5078 = ORIENTED_EDGE('',*,*,#5079,.T.);
#5079 = EDGE_CURVE('',#5080,#5080,#5082,.T.);
#5080 = VERTEX_POINT('',#5081);
#5081 = CARTESIAN_POINT('',(44.25,45.5,0.));
#5082 = SURFACE_CURVE('',#5083,(#5088,#5099),.PCURVE_S1.);
#5083 = CIRCLE('',#5084,1.25);
#5084 = AXIS2_PLACEMENT_3D('',#5085,#5086,#5087);
#5085 = CARTESIAN_POINT('',(45.5,45.5,0.));
#5086 = DIRECTION('',(0.,0.,-1.));
#5087 = DIRECTION('',(-1.,0.,0.));
#5088 = PCURVE('',#100,#5089);
#5089 = DEFINITIONAL_REPRESENTATION('',(#5090),#5098);
#5090 = ( BOUNDED_CURVE() B_SPLINE_CURVE(2,(#5091,#5092,#5093,#5094,
#5095,#5096,#5097),.UNSPECIFIED.,.T.,.F.) B_SPLINE_CURVE_WITH_KNOTS((1,2
    ,2,2,2,1),(-2.094395102393,0.,2.094395102393,4.188790204786,
6.28318530718,8.377580409573),.UNSPECIFIED.) CURVE() 
GEOMETRIC_REPRESENTATION_ITEM() RATIONAL_B_SPLINE_CURVE((1.,0.5,1.,0.5,
1.,0.5,1.)) REPRESENTATION_ITEM('') );
#5091 = CARTESIAN_POINT('',(64.25,65.5));
#5092 = CARTESIAN_POINT('',(64.25,67.665063509461));
#5093 = CARTESIAN_POINT('',(66.125,66.582531754731));
#5094 = CARTESIAN_POINT('',(68.,65.5));
#5095 = CARTESIAN_POINT('',(66.125,64.417468245269));
#5096 = CARTESIAN_POINT('',(64.25,63.334936490539));
#5097 = CARTESIAN_POINT('',(64.25,65.5));
#5098 = ( GEOMETRIC_REPRESENTATION_CONTEXT(2) 
PARAMETRIC_REPRESENTATION_CONTEXT() REPRESENTATION_CONTEXT('2D SPACE',''
  ) );
#5099 = PCURVE('',#396,#5100);
#5100 = DEFINITIONAL_REPRESENTATION('',(#5101),#5105);
#5101 = LINE('',#5102,#5103);
#5102 = CARTESIAN_POINT('',(0.,3.));
#5103 = VECTOR('',#5104,1.);
#5104 = DIRECTION('',(1.,0.));
#5105 = ( GEOMETRIC_REPRESENTATION_CONTEXT(2) 
PARAMETRIC_REPRESENTATION_CONTEXT() REPRESENTATION_CONTEXT('2D SPACE',''
  ) );
#5106 = FACE_BOUND('',#5107,.F.);
#5107 = EDGE_LOOP('',(#5108));
#5108 = ORIENTED_EDGE('',*,*,#5109,.T.);
#5109 = EDGE_CURVE('',#5110,#5110,#5112,.T.);
#5110 = VERTEX_POINT('',#5111);
#5111 = CARTESIAN_POINT('',(53.25,4.5,0.));
#5112 = SURFACE_CURVE('',#5113,(#5118,#5129),.PCURVE_S1.);
#5113 = CIRCLE('',#5114,1.25);
#5114 = AXIS2_PLACEMENT_3D('',#5115,#5116,#5117);
#5115 = CARTESIAN_POINT('',(54.5,4.5,0.));
#5116 = DIRECTION('',(0.,0.,-1.));
#5117 = DIRECTION('',(-1.,0.,0.));
#5118 = PCURVE('',#100,#5119);
#5119 = DEFINITIONAL_REPRESENTATION('',(#5120),#5128);
#5120 = ( BOUNDED_CURVE() B_SPLINE_CURVE(2,(#5121,#5122,#5123,#5124,
#5125,#5126,#5127),.UNSPECIFIED.,.T.,.F.) B_SPLINE_CURVE_WITH_KNOTS((1,2
    ,2,2,2,1),(-2.094395102393,0.,2.094395102393,4.188790204786,
6.28318530718,8.377580409573),.UNSPECIFIED.) CURVE() 
GEOMETRIC_REPRESENTATION_ITEM() RATIONAL_B_SPLINE_CURVE((1.,0.5,1.,0.5,
1.,0.5,1.)) REPRESENTATION_ITEM('') );
#5121 = CARTESIAN_POINT('',(73.25,24.5));
#5122 = CARTESIAN_POINT('',(73.25,26.665063509461));
#5123 = CARTESIAN_POINT('',(75.125,25.582531754731));
#5124 = CARTESIAN_POINT('',(77.,24.5));
#5125 = CARTESIAN_POINT('',(75.125,23.417468245269));
#5126 = CARTESIAN_POINT('',(73.25,22.334936490539));
#5127 = CARTESIAN_POINT('',(73.25,24.5));
#5128 = ( GEOMETRIC_REPRESENTATION_CONTEXT(2) 
PARAMETRIC_REPRESENTATION_CONTEXT() REPRESENTATION_CONTEXT('2D SPACE',''
  ) );
#5129 = PCURVE('',#431,#5130);
#5130 = DEFINITIONAL_REPRESENTATION('',(#5131),#5135);
#5131 = LINE('',#5132,#5133);
#5132 = CARTESIAN_POINT('',(0.,3.));
#5133 = VECTOR('',#5134,1.);
#5134 = DIRECTION('',(1.,0.));
#5135 = ( GEOMETRIC_REPRESENTATION_CONTEXT(2) 
PARAMETRIC_REPRESENTATION_CONTEXT() REPRESENTATION_CONTEXT('2D SPACE',''
  ) );
#5136 = FACE_BOUND('',#5137,.F.);
#5137 = EDGE_LOOP('',(#5138));
#5138 = ORIENTED_EDGE('',*,*,#5139,.T.);
#5139 = EDGE_CURVE('',#5140,#5140,#5142,.T.);
#5140 = VERTEX_POINT('',#5141);
#5141 = CARTESIAN_POINT('',(94.25,45.5,0.));
#5142 = SURFACE_CURVE('',#5143,(#5148,#5159),.PCURVE_S1.);
#5143 = CIRCLE('',#5144,1.25);
#5144 = AXIS2_PLACEMENT_3D('',#5145,#5146,#5147);
#5145 = CARTESIAN_POINT('',(95.5,45.5,0.));
#5146 = DIRECTION('',(0.,0.,-1.));
#5147 = DIRECTION('',(-1.,0.,0.));
#5148 = PCURVE('',#100,#5149);
#5149 = DEFINITIONAL_REPRESENTATION('',(#5150),#5158);
#5150 = ( BOUNDED_CURVE() B_SPLINE_CURVE(2,(#5151,#5152,#5153,#5154,
#5155,#5156,#5157),.UNSPECIFIED.,.T.,.F.) B_SPLINE_CURVE_WITH_KNOTS((1,2
    ,2,2,2,1),(-2.094395102393,0.,2.094395102393,4.188790204786,
6.28318530718,8.377580409573),.UNSPECIFIED.) CURVE() 
GEOMETRIC_REPRESENTATION_ITEM() RATIONAL_B_SPLINE_CURVE((1.,0.5,1.,0.5,
1.,0.5,1.)) REPRESENTATION_ITEM('') );
#5151 = CARTESIAN_POINT('',(114.25,65.5));
#5152 = CARTESIAN_POINT('',(114.25,67.665063509461));
#5153 = CARTESIAN_POINT('',(116.125,66.582531754731));
#5154 = CARTESIAN_POINT('',(118.,65.5));
#5155 = CARTESIAN_POINT('',(116.125,64.417468245269));
#5156 = CARTESIAN_POINT('',(114.25,63.334936490539));
#5157 = CARTESIAN_POINT('',(114.25,65.5));
#5158 = ( GEOMETRIC_REPRESENTATION_CONTEXT(2) 
PARAMETRIC_REPRESENTATION_CONTEXT() REPRESENTATION_CONTEXT('2D SPACE',''
  ) );
#5159 = PCURVE('',#466,#5160);
#5160 = DEFINITIONAL_REPRESENTATION('',(#5161),#5165);
#5161 = LINE('',#5162,#5163);
#5162 = CARTESIAN_POINT('',(0.,3.));
#5163 = VECTOR('',#5164,1.);
#5164 = DIRECTION('',(1.,0.));
#5165 = ( GEOMETRIC_REPRESENTATION_CONTEXT(2) 
PARAMETRIC_REPRESENTATION_CONTEXT() REPRESENTATION_CONTEXT('2D SPACE',''
  ) );
#5166 = FACE_BOUND('',#5167,.F.);
#5167 = EDGE_LOOP('',(#5168));
#5168 = ORIENTED_EDGE('',*,*,#5169,.T.);
#5169 = EDGE_CURVE('',#5170,#5170,#5172,.T.);
#5170 = VERTEX_POINT('',#5171);
#5171 = CARTESIAN_POINT('',(3.25,54.5,0.));
#5172 = SURFACE_CURVE('',#5173,(#5178,#5189),.PCURVE_S1.);
#5173 = CIRCLE('',#5174,1.25);
#5174 = AXIS2_PLACEMENT_3D('',#5175,#5176,#5177);
#5175 = CARTESIAN_POINT('',(4.5,54.5,0.));
#5176 = DIRECTION('',(0.,0.,-1.));
#5177 = DIRECTION('',(-1.,0.,0.));
#5178 = PCURVE('',#100,#5179);
#5179 = DEFINITIONAL_REPRESENTATION('',(#5180),#5188);
#5180 = ( BOUNDED_CURVE() B_SPLINE_CURVE(2,(#5181,#5182,#5183,#5184,
#5185,#5186,#5187),.UNSPECIFIED.,.T.,.F.) B_SPLINE_CURVE_WITH_KNOTS((1,2
    ,2,2,2,1),(-2.094395102393,0.,2.094395102393,4.188790204786,
6.28318530718,8.377580409573),.UNSPECIFIED.) CURVE() 
GEOMETRIC_REPRESENTATION_ITEM() RATIONAL_B_SPLINE_CURVE((1.,0.5,1.,0.5,
1.,0.5,1.)) REPRESENTATION_ITEM('') );
#5181 = CARTESIAN_POINT('',(23.25,74.5));
#5182 = CARTESIAN_POINT('',(23.25,76.665063509461));
#5183 = CARTESIAN_POINT('',(25.125,75.582531754731));
#5184 = CARTESIAN_POINT('',(27.,74.5));
#5185 = CARTESIAN_POINT('',(25.125,73.417468245269));
#5186 = CARTESIAN_POINT('',(23.25,72.334936490539));
#5187 = CARTESIAN_POINT('',(23.25,74.5));
#5188 = ( GEOMETRIC_REPRESENTATION_CONTEXT(2) 
PARAMETRIC_REPRESENTATION_CONTEXT() REPRESENTATION_CONTEXT('2D SPACE',''
  ) );
#5189 = PCURVE('',#501,#5190);
#5190 = DEFINITIONAL_REPRESENTATION('',(#5191),#5195);
#5191 = LINE('',#5192,#5193);
#5192 = CARTESIAN_POINT('',(0.,3.));
#5193 = VECTOR('',#5194,1.);
#5194 = DIRECTION('',(1.,0.));
#5195 = ( GEOMETRIC_REPRESENTATION_CONTEXT(2) 
PARAMETRIC_REPRESENTATION_CONTEXT() REPRESENTATION_CONTEXT('2D SPACE',''
  ) );
#5196 = FACE_BOUND('',#5197,.F.);
#5197 = EDGE_LOOP('',(#5198));
#5198 = ORIENTED_EDGE('',*,*,#5199,.T.);
#5199 = EDGE_CURVE('',#5200,#5200,#5202,.T.);
#5200 = VERTEX_POINT('',#5201);
#5201 = CARTESIAN_POINT('',(44.25,95.5,0.));
#5202 = SURFACE_CURVE('',#5203,(#5208,#5219),.PCURVE_S1.);
#5203 = CIRCLE('',#5204,1.25);
#5204 = AXIS2_PLACEMENT_3D('',#5205,#5206,#5207);
#5205 = CARTESIAN_POINT('',(45.5,95.5,0.));
#5206 = DIRECTION('',(0.,0.,-1.));
#5207 = DIRECTION('',(-1.,0.,0.));
#5208 = PCURVE('',#100,#5209);
#5209 = DEFINITIONAL_REPRESENTATION('',(#5210),#5218);
#5210 = ( BOUNDED_CURVE() B_SPLINE_CURVE(2,(#5211,#5212,#5213,#5214,
#5215,#5216,#5217),.UNSPECIFIED.,.T.,.F.) B_SPLINE_CURVE_WITH_KNOTS((1,2
    ,2,2,2,1),(-2.094395102393,0.,2.094395102393,4.188790204786,
6.28318530718,8.377580409573),.UNSPECIFIED.) CURVE() 
GEOMETRIC_REPRESENTATION_ITEM() RATIONAL_B_SPLINE_CURVE((1.,0.5,1.,0.5,
1.,0.5,1.)) REPRESENTATION_ITEM('') );
#5211 = CARTESIAN_POINT('',(64.25,115.5));
#5212 = CARTESIAN_POINT('',(64.25,117.66506350946));
#5213 = CARTESIAN_POINT('',(66.125,116.58253175473));
#5214 = CARTESIAN_POINT('',(68.,115.5));
#5215 = CARTESIAN_POINT('',(66.125,114.41746824526));
#5216 = CARTESIAN_POINT('',(64.25,113.33493649053));
#5217 = CARTESIAN_POINT('',(64.25,115.5));
#5218 = ( GEOMETRIC_REPRESENTATION_CONTEXT(2) 
PARAMETRIC_REPRESENTATION_CONTEXT() REPRESENTATION_CONTEXT('2D SPACE',''
  ) );
#5219 = PCURVE('',#536,#5220);
#5220 = DEFINITIONAL_REPRESENTATION('',(#5221),#5225);
#5221 = LINE('',#5222,#5223);
#5222 = CARTESIAN_POINT('',(0.,3.));
#5223 = VECTOR('',#5224,1.);
#5224 = DIRECTION('',(1.,0.));
#5225 = ( GEOMETRIC_REPRESENTATION_CONTEXT(2) 
PARAMETRIC_REPRESENTATION_CONTEXT() REPRESENTATION_CONTEXT('2D SPACE',''
  ) );
#5226 = FACE_BOUND('',#5227,.F.);
#5227 = EDGE_LOOP('',(#5228));
#5228 = ORIENTED_EDGE('',*,*,#5229,.T.);
#5229 = EDGE_CURVE('',#5230,#5230,#5232,.T.);
#5230 = VERTEX_POINT('',#5231);
#5231 = CARTESIAN_POINT('',(53.25,54.5,0.));
#5232 = SURFACE_CURVE('',#5233,(#5238,#5249),.PCURVE_S1.);
#5233 = CIRCLE('',#5234,1.25);
#5234 = AXIS2_PLACEMENT_3D('',#5235,#5236,#5237);
#5235 = CARTESIAN_POINT('',(54.5,54.5,0.));
#5236 = DIRECTION('',(0.,0.,-1.));
#5237 = DIRECTION('',(-1.,0.,0.));
#5238 = PCURVE('',#100,#5239);
#5239 = DEFINITIONAL_REPRESENTATION('',(#5240),#5248);
#5240 = ( BOUNDED_CURVE() B_SPLINE_CURVE(2,(#5241,#5242,#5243,#5244,
#5245,#5246,#5247),.UNSPECIFIED.,.T.,.F.) B_SPLINE_CURVE_WITH_KNOTS((1,2
    ,2,2,2,1),(-2.094395102393,0.,2.094395102393,4.188790204786,
6.28318530718,8.377580409573),.UNSPECIFIED.) CURVE() 
GEOMETRIC_REPRESENTATION_ITEM() RATIONAL_B_SPLINE_CURVE((1.,0.5,1.,0.5,
1.,0.5,1.)) REPRESENTATION_ITEM('') );
#5241 = CARTESIAN_POINT('',(73.25,74.5));
#5242 = CARTESIAN_POINT('',(73.25,76.665063509461));
#5243 = CARTESIAN_POINT('',(75.125,75.582531754731));
#5244 = CARTESIAN_POINT('',(77.,74.5));
#5245 = CARTESIAN_POINT('',(75.125,73.417468245269));
#5246 = CARTESIAN_POINT('',(73.25,72.334936490539));
#5247 = CARTESIAN_POINT('',(73.25,74.5));
#5248 = ( GEOMETRIC_REPRESENTATION_CONTEXT(2) 
PARAMETRIC_REPRESENTATION_CONTEXT() REPRESENTATION_CONTEXT('2D SPACE',''
  ) );
#5249 = PCURVE('',#571,#5250);
#5250 = DEFINITIONAL_REPRESENTATION('',(#5251),#5255);
#5251 = LINE('',#5252,#5253);
#5252 = CARTESIAN_POINT('',(0.,3.));
#5253 = VECTOR('',#5254,1.);
#5254 = DIRECTION('',(1.,0.));
#5255 = ( GEOMETRIC_REPRESENTATION_CONTEXT(2) 
PARAMETRIC_REPRESENTATION_CONTEXT() REPRESENTATION_CONTEXT('2D SPACE',''
  ) );
#5256 = FACE_BOUND('',#5257,.F.);
#5257 = EDGE_LOOP('',(#5258));
#5258 = ORIENTED_EDGE('',*,*,#5259,.T.);
#5259 = EDGE_CURVE('',#5260,#5260,#5262,.T.);
#5260 = VERTEX_POINT('',#5261);
#5261 = CARTESIAN_POINT('',(94.25,95.5,0.));
#5262 = SURFACE_CURVE('',#5263,(#5268,#5279),.PCURVE_S1.);
#5263 = CIRCLE('',#5264,1.25);
#5264 = AXIS2_PLACEMENT_3D('',#5265,#5266,#5267);
#5265 = CARTESIAN_POINT('',(95.5,95.5,0.));
#5266 = DIRECTION('',(0.,0.,-1.));
#5267 = DIRECTION('',(-1.,0.,0.));
#5268 = PCURVE('',#100,#5269);
#5269 = DEFINITIONAL_REPRESENTATION('',(#5270),#5278);
#5270 = ( BOUNDED_CURVE() B_SPLINE_CURVE(2,(#5271,#5272,#5273,#5274,
#5275,#5276,#5277),.UNSPECIFIED.,.T.,.F.) B_SPLINE_CURVE_WITH_KNOTS((1,2
    ,2,2,2,1),(-2.094395102393,0.,2.094395102393,4.188790204786,
6.28318530718,8.377580409573),.UNSPECIFIED.) CURVE() 
GEOMETRIC_REPRESENTATION_ITEM() RATIONAL_B_SPLINE_CURVE((1.,0.5,1.,0.5,
1.,0.5,1.)) REPRESENTATION_ITEM('') );
#5271 = CARTESIAN_POINT('',(114.25,115.5));
#5272 = CARTESIAN_POINT('',(114.25,117.66506350946));
#5273 = CARTESIAN_POINT('',(116.125,116.58253175473));
#5274 = CARTESIAN_POINT('',(118.,115.5));
#5275 = CARTESIAN_POINT('',(116.125,114.41746824526));
#5276 = CARTESIAN_POINT('',(114.25,113.33493649053));
#5277 = CARTESIAN_POINT('',(114.25,115.5));
#5278 = ( GEOMETRIC_REPRESENTATION_CONTEXT(2) 
PARAMETRIC_REPRESENTATION_CONTEXT() REPRESENTATION_CONTEXT('2D SPACE',''
  ) );
#5279 = PCURVE('',#606,#5280);
#5280 = DEFINITIONAL_REPRESENTATION('',(#5281),#5285);
#5281 = LINE('',#5282,#5283);
#5282 = CARTESIAN_POINT('',(0.,3.));
#5283 = VECTOR('',#5284,1.);
#5284 = DIRECTION('',(1.,0.));
#5285 = ( GEOMETRIC_REPRESENTATION_CONTEXT(2) 
PARAMETRIC_REPRESENTATION_CONTEXT() REPRESENTATION_CONTEXT('2D SPACE',''
  ) );
#5286 = FACE_BOUND('',#5287,.F.);
#5287 = EDGE_LOOP('',(#5288));
#5288 = ORIENTED_EDGE('',*,*,#5289,.T.);
#5289 = EDGE_CURVE('',#5290,#5290,#5292,.T.);
#5290 = VERTEX_POINT('',#5291);
#5291 = CARTESIAN_POINT('',(103.25,4.5,0.));
#5292 = SURFACE_CURVE('',#5293,(#5298,#5309),.PCURVE_S1.);
#5293 = CIRCLE('',#5294,1.25);
#5294 = AXIS2_PLACEMENT_3D('',#5295,#5296,#5297);
#5295 = CARTESIAN_POINT('',(104.5,4.5,0.));
#5296 = DIRECTION('',(0.,0.,-1.));
#5297 = DIRECTION('',(-1.,0.,0.));
#5298 = PCURVE('',#100,#5299);
#5299 = DEFINITIONAL_REPRESENTATION('',(#5300),#5308);
#5300 = ( BOUNDED_CURVE() B_SPLINE_CURVE(2,(#5301,#5302,#5303,#5304,
#5305,#5306,#5307),.UNSPECIFIED.,.T.,.F.) B_SPLINE_CURVE_WITH_KNOTS((1,2
    ,2,2,2,1),(-2.094395102393,0.,2.094395102393,4.188790204786,
6.28318530718,8.377580409573),.UNSPECIFIED.) CURVE() 
GEOMETRIC_REPRESENTATION_ITEM() RATIONAL_B_SPLINE_CURVE((1.,0.5,1.,0.5,
1.,0.5,1.)) REPRESENTATION_ITEM('') );
#5301 = CARTESIAN_POINT('',(123.25,24.5));
#5302 = CARTESIAN_POINT('',(123.25,26.665063509461));
#5303 = CARTESIAN_POINT('',(125.125,25.582531754731));
#5304 = CARTESIAN_POINT('',(127.,24.5));
#5305 = CARTESIAN_POINT('',(125.125,23.417468245269));
#5306 = CARTESIAN_POINT('',(123.25,22.334936490539));
#5307 = CARTESIAN_POINT('',(123.25,24.5));
#5308 = ( GEOMETRIC_REPRESENTATION_CONTEXT(2) 
PARAMETRIC_REPRESENTATION_CONTEXT() REPRESENTATION_CONTEXT('2D SPACE',''
  ) );
#5309 = PCURVE('',#641,#5310);
#5310 = DEFINITIONAL_REPRESENTATION('',(#5311),#5315);
#5311 = LINE('',#5312,#5313);
#5312 = CARTESIAN_POINT('',(0.,3.));
#5313 = VECTOR('',#5314,1.);
#5314 = DIRECTION('',(1.,0.));
#5315 = ( GEOMETRIC_REPRESENTATION_CONTEXT(2) 
PARAMETRIC_REPRESENTATION_CONTEXT() REPRESENTATION_CONTEXT('2D SPACE',''
  ) );
#5316 = FACE_BOUND('',#5317,.F.);
#5317 = EDGE_LOOP('',(#5318));
#5318 = ORIENTED_EDGE('',*,*,#5319,.T.);
#5319 = EDGE_CURVE('',#5320,#5320,#5322,.T.);
#5320 = VERTEX_POINT('',#5321);
#5321 = CARTESIAN_POINT('',(144.25,45.5,0.));
#5322 = SURFACE_CURVE('',#5323,(#5328,#5339),.PCURVE_S1.);
#5323 = CIRCLE('',#5324,1.25);
#5324 = AXIS2_PLACEMENT_3D('',#5325,#5326,#5327);
#5325 = CARTESIAN_POINT('',(145.5,45.5,0.));
#5326 = DIRECTION('',(0.,0.,-1.));
#5327 = DIRECTION('',(-1.,0.,0.));
#5328 = PCURVE('',#100,#5329);
#5329 = DEFINITIONAL_REPRESENTATION('',(#5330),#5338);
#5330 = ( BOUNDED_CURVE() B_SPLINE_CURVE(2,(#5331,#5332,#5333,#5334,
#5335,#5336,#5337),.UNSPECIFIED.,.T.,.F.) B_SPLINE_CURVE_WITH_KNOTS((1,2
    ,2,2,2,1),(-2.094395102393,0.,2.094395102393,4.188790204786,
6.28318530718,8.377580409573),.UNSPECIFIED.) CURVE() 
GEOMETRIC_REPRESENTATION_ITEM() RATIONAL_B_SPLINE_CURVE((1.,0.5,1.,0.5,
1.,0.5,1.)) REPRESENTATION_ITEM('') );
#5331 = CARTESIAN_POINT('',(164.25,65.5));
#5332 = CARTESIAN_POINT('',(164.25,67.665063509461));
#5333 = CARTESIAN_POINT('',(166.125,66.582531754731));
#5334 = CARTESIAN_POINT('',(168.,65.5));
#5335 = CARTESIAN_POINT('',(166.125,64.417468245269));
#5336 = CARTESIAN_POINT('',(164.25,63.334936490539));
#5337 = CARTESIAN_POINT('',(164.25,65.5));
#5338 = ( GEOMETRIC_REPRESENTATION_CONTEXT(2) 
PARAMETRIC_REPRESENTATION_CONTEXT() REPRESENTATION_CONTEXT('2D SPACE',''
  ) );
#5339 = PCURVE('',#676,#5340);
#5340 = DEFINITIONAL_REPRESENTATION('',(#5341),#5345);
#5341 = LINE('',#5342,#5343);
#5342 = CARTESIAN_POINT('',(0.,3.));
#5343 = VECTOR('',#5344,1.);
#5344 = DIRECTION('',(1.,0.));
#5345 = ( GEOMETRIC_REPRESENTATION_CONTEXT(2) 
PARAMETRIC_REPRESENTATION_CONTEXT() REPRESENTATION_CONTEXT('2D SPACE',''
  ) );
#5346 = FACE_BOUND('',#5347,.F.);
#5347 = EDGE_LOOP('',(#5348));
#5348 = ORIENTED_EDGE('',*,*,#5349,.T.);
#5349 = EDGE_CURVE('',#5350,#5350,#5352,.T.);
#5350 = VERTEX_POINT('',#5351);
#5351 = CARTESIAN_POINT('',(153.25,4.5,0.));
#5352 = SURFACE_CURVE('',#5353,(#5358,#5369),.PCURVE_S1.);
#5353 = CIRCLE('',#5354,1.25);
#5354 = AXIS2_PLACEMENT_3D('',#5355,#5356,#5357);
#5355 = CARTESIAN_POINT('',(154.5,4.5,0.));
#5356 = DIRECTION('',(0.,0.,-1.));
#5357 = DIRECTION('',(-1.,0.,0.));
#5358 = PCURVE('',#100,#5359);
#5359 = DEFINITIONAL_REPRESENTATION('',(#5360),#5368);
#5360 = ( BOUNDED_CURVE() B_SPLINE_CURVE(2,(#5361,#5362,#5363,#5364,
#5365,#5366,#5367),.UNSPECIFIED.,.T.,.F.) B_SPLINE_CURVE_WITH_KNOTS((1,2
    ,2,2,2,1),(-2.094395102393,0.,2.094395102393,4.188790204786,
6.28318530718,8.377580409573),.UNSPECIFIED.) CURVE() 
GEOMETRIC_REPRESENTATION_ITEM() RATIONAL_B_SPLINE_CURVE((1.,0.5,1.,0.5,
1.,0.5,1.)) REPRESENTATION_ITEM('') );
#5361 = CARTESIAN_POINT('',(173.25,24.5));
#5362 = CARTESIAN_POINT('',(173.25,26.665063509461));
#5363 = CARTESIAN_POINT('',(175.125,25.582531754731));
#5364 = CARTESIAN_POINT('',(177.,24.5));
#5365 = CARTESIAN_POINT('',(175.125,23.417468245269));
#5366 = CARTESIAN_POINT('',(173.25,22.334936490539));
#5367 = CARTESIAN_POINT('',(173.25,24.5));
#5368 = ( GEOMETRIC_REPRESENTATION_CONTEXT(2) 
PARAMETRIC_REPRESENTATION_CONTEXT() REPRESENTATION_CONTEXT('2D SPACE',''
  ) );
#5369 = PCURVE('',#711,#5370);
#5370 = DEFINITIONAL_REPRESENTATION('',(#5371),#5375);
#5371 = LINE('',#5372,#5373);
#5372 = CARTESIAN_POINT('',(0.,3.));
#5373 = VECTOR('',#5374,1.);
#5374 = DIRECTION('',(1.,0.));
#5375 = ( GEOMETRIC_REPRESENTATION_CONTEXT(2) 
PARAMETRIC_REPRESENTATION_CONTEXT() REPRESENTATION_CONTEXT('2D SPACE',''
  ) );
#5376 = FACE_BOUND('',#5377,.F.);
#5377 = EDGE_LOOP('',(#5378));
#5378 = ORIENTED_EDGE('',*,*,#5379,.T.);
#5379 = EDGE_CURVE('',#5380,#5380,#5382,.T.);
#5380 = VERTEX_POINT('',#5381);
#5381 = CARTESIAN_POINT('',(194.25,45.5,0.));
#5382 = SURFACE_CURVE('',#5383,(#5388,#5399),.PCURVE_S1.);
#5383 = CIRCLE('',#5384,1.25);
#5384 = AXIS2_PLACEMENT_3D('',#5385,#5386,#5387);
#5385 = CARTESIAN_POINT('',(195.5,45.5,0.));
#5386 = DIRECTION('',(0.,0.,-1.));
#5387 = DIRECTION('',(-1.,0.,0.));
#5388 = PCURVE('',#100,#5389);
#5389 = DEFINITIONAL_REPRESENTATION('',(#5390),#5398);
#5390 = ( BOUNDED_CURVE() B_SPLINE_CURVE(2,(#5391,#5392,#5393,#5394,
#5395,#5396,#5397),.UNSPECIFIED.,.T.,.F.) B_SPLINE_CURVE_WITH_KNOTS((1,2
    ,2,2,2,1),(-2.094395102393,0.,2.094395102393,4.188790204786,
6.28318530718,8.377580409573),.UNSPECIFIED.) CURVE() 
GEOMETRIC_REPRESENTATION_ITEM() RATIONAL_B_SPLINE_CURVE((1.,0.5,1.,0.5,
1.,0.5,1.)) REPRESENTATION_ITEM('') );
#5391 = CARTESIAN_POINT('',(214.25,65.5));
#5392 = CARTESIAN_POINT('',(214.25,67.665063509461));
#5393 = CARTESIAN_POINT('',(216.125,66.582531754731));
#5394 = CARTESIAN_POINT('',(218.,65.5));
#5395 = CARTESIAN_POINT('',(216.125,64.417468245269));
#5396 = CARTESIAN_POINT('',(214.25,63.334936490539));
#5397 = CARTESIAN_POINT('',(214.25,65.5));
#5398 = ( GEOMETRIC_REPRESENTATION_CONTEXT(2) 
PARAMETRIC_REPRESENTATION_CONTEXT() REPRESENTATION_CONTEXT('2D SPACE',''
  ) );
#5399 = PCURVE('',#746,#5400);
#5400 = DEFINITIONAL_REPRESENTATION('',(#5401),#5405);
#5401 = LINE('',#5402,#5403);
#5402 = CARTESIAN_POINT('',(0.,3.));
#5403 = VECTOR('',#5404,1.);
#5404 = DIRECTION('',(1.,0.));
#5405 = ( GEOMETRIC_REPRESENTATION_CONTEXT(2) 
PARAMETRIC_REPRESENTATION_CONTEXT() REPRESENTATION_CONTEXT('2D SPACE',''
  ) );
#5406 = FACE_BOUND('',#5407,.F.);
#5407 = EDGE_LOOP('',(#5408));
#5408 = ORIENTED_EDGE('',*,*,#5409,.T.);
#5409 = EDGE_CURVE('',#5410,#5410,#5412,.T.);
#5410 = VERTEX_POINT('',#5411);
#5411 = CARTESIAN_POINT('',(103.25,54.5,0.));
#5412 = SURFACE_CURVE('',#5413,(#5418,#5429),.PCURVE_S1.);
#5413 = CIRCLE('',#5414,1.25);
#5414 = AXIS2_PLACEMENT_3D('',#5415,#5416,#5417);
#5415 = CARTESIAN_POINT('',(104.5,54.5,0.));
#5416 = DIRECTION('',(0.,0.,-1.));
#5417 = DIRECTION('',(-1.,0.,0.));
#5418 = PCURVE('',#100,#5419);
#5419 = DEFINITIONAL_REPRESENTATION('',(#5420),#5428);
#5420 = ( BOUNDED_CURVE() B_SPLINE_CURVE(2,(#5421,#5422,#5423,#5424,
#5425,#5426,#5427),.UNSPECIFIED.,.T.,.F.) B_SPLINE_CURVE_WITH_KNOTS((1,2
    ,2,2,2,1),(-2.094395102393,0.,2.094395102393,4.188790204786,
6.28318530718,8.377580409573),.UNSPECIFIED.) CURVE() 
GEOMETRIC_REPRESENTATION_ITEM() RATIONAL_B_SPLINE_CURVE((1.,0.5,1.,0.5,
1.,0.5,1.)) REPRESENTATION_ITEM('') );
#5421 = CARTESIAN_POINT('',(123.25,74.5));
#5422 = CARTESIAN_POINT('',(123.25,76.665063509461));
#5423 = CARTESIAN_POINT('',(125.125,75.582531754731));
#5424 = CARTESIAN_POINT('',(127.,74.5));
#5425 = CARTESIAN_POINT('',(125.125,73.417468245269));
#5426 = CARTESIAN_POINT('',(123.25,72.334936490539));
#5427 = CARTESIAN_POINT('',(123.25,74.5));
#5428 = ( GEOMETRIC_REPRESENTATION_CONTEXT(2) 
PARAMETRIC_REPRESENTATION_CONTEXT() REPRESENTATION_CONTEXT('2D SPACE',''
  ) );
#5429 = PCURVE('',#781,#5430);
#5430 = DEFINITIONAL_REPRESENTATION('',(#5431),#5435);
#5431 = LINE('',#5432,#5433);
#5432 = CARTESIAN_POINT('',(0.,3.));
#5433 = VECTOR('',#5434,1.);
#5434 = DIRECTION('',(1.,0.));
#5435 = ( GEOMETRIC_REPRESENTATION_CONTEXT(2) 
PARAMETRIC_REPRESENTATION_CONTEXT() REPRESENTATION_CONTEXT('2D SPACE',''
  ) );
#5436 = FACE_BOUND('',#5437,.F.);
#5437 = EDGE_LOOP('',(#5438));
#5438 = ORIENTED_EDGE('',*,*,#5439,.T.);
#5439 = EDGE_CURVE('',#5440,#5440,#5442,.T.);
#5440 = VERTEX_POINT('',#5441);
#5441 = CARTESIAN_POINT('',(144.25,95.5,0.));
#5442 = SURFACE_CURVE('',#5443,(#5448,#5459),.PCURVE_S1.);
#5443 = CIRCLE('',#5444,1.25);
#5444 = AXIS2_PLACEMENT_3D('',#5445,#5446,#5447);
#5445 = CARTESIAN_POINT('',(145.5,95.5,0.));
#5446 = DIRECTION('',(0.,0.,-1.));
#5447 = DIRECTION('',(-1.,0.,0.));
#5448 = PCURVE('',#100,#5449);
#5449 = DEFINITIONAL_REPRESENTATION('',(#5450),#5458);
#5450 = ( BOUNDED_CURVE() B_SPLINE_CURVE(2,(#5451,#5452,#5453,#5454,
#5455,#5456,#5457),.UNSPECIFIED.,.T.,.F.) B_SPLINE_CURVE_WITH_KNOTS((1,2
    ,2,2,2,1),(-2.094395102393,0.,2.094395102393,4.188790204786,
6.28318530718,8.377580409573),.UNSPECIFIED.) CURVE() 
GEOMETRIC_REPRESENTATION_ITEM() RATIONAL_B_SPLINE_CURVE((1.,0.5,1.,0.5,
1.,0.5,1.)) REPRESENTATION_ITEM('') );
#5451 = CARTESIAN_POINT('',(164.25,115.5));
#5452 = CARTESIAN_POINT('',(164.25,117.66506350946));
#5453 = CARTESIAN_POINT('',(166.125,116.58253175473));
#5454 = CARTESIAN_POINT('',(168.,115.5));
#5455 = CARTESIAN_POINT('',(166.125,114.41746824526));
#5456 = CARTESIAN_POINT('',(164.25,113.33493649053));
#5457 = CARTESIAN_POINT('',(164.25,115.5));
#5458 = ( GEOMETRIC_REPRESENTATION_CONTEXT(2) 
PARAMETRIC_REPRESENTATION_CONTEXT() REPRESENTATION_CONTEXT('2D SPACE',''
  ) );
#5459 = PCURVE('',#816,#5460);
#5460 = DEFINITIONAL_REPRESENTATION('',(#5461),#5465);
#5461 = LINE('',#5462,#5463);
#5462 = CARTESIAN_POINT('',(0.,3.));
#5463 = VECTOR('',#5464,1.);
#5464 = DIRECTION('',(1.,0.));
#5465 = ( GEOMETRIC_REPRESENTATION_CONTEXT(2) 
PARAMETRIC_REPRESENTATION_CONTEXT() REPRESENTATION_CONTEXT('2D SPACE',''
  ) );
#5466 = FACE_BOUND('',#5467,.F.);
#5467 = EDGE_LOOP('',(#5468));
#5468 = ORIENTED_EDGE('',*,*,#5469,.T.);
#5469 = EDGE_CURVE('',#5470,#5470,#5472,.T.);
#5470 = VERTEX_POINT('',#5471);
#5471 = CARTESIAN_POINT('',(153.25,54.5,0.));
#5472 = SURFACE_CURVE('',#5473,(#5478,#5489),.PCURVE_S1.);
#5473 = CIRCLE('',#5474,1.25);
#5474 = AXIS2_PLACEMENT_3D('',#5475,#5476,#5477);
#5475 = CARTESIAN_POINT('',(154.5,54.5,0.));
#5476 = DIRECTION('',(0.,0.,-1.));
#5477 = DIRECTION('',(-1.,0.,0.));
#5478 = PCURVE('',#100,#5479);
#5479 = DEFINITIONAL_REPRESENTATION('',(#5480),#5488);
#5480 = ( BOUNDED_CURVE() B_SPLINE_CURVE(2,(#5481,#5482,#5483,#5484,
#5485,#5486,#5487),.UNSPECIFIED.,.T.,.F.) B_SPLINE_CURVE_WITH_KNOTS((1,2
    ,2,2,2,1),(-2.094395102393,0.,2.094395102393,4.188790204786,
6.28318530718,8.377580409573),.UNSPECIFIED.) CURVE() 
GEOMETRIC_REPRESENTATION_ITEM() RATIONAL_B_SPLINE_CURVE((1.,0.5,1.,0.5,
1.,0.5,1.)) REPRESENTATION_ITEM('') );
#5481 = CARTESIAN_POINT('',(173.25,74.5));
#5482 = CARTESIAN_POINT('',(173.25,76.665063509461));
#5483 = CARTESIAN_POINT('',(175.125,75.582531754731));
#5484 = CARTESIAN_POINT('',(177.,74.5));
#5485 = CARTESIAN_POINT('',(175.125,73.417468245269));
#5486 = CARTESIAN_POINT('',(173.25,72.334936490539));
#5487 = CARTESIAN_POINT('',(173.25,74.5));
#5488 = ( GEOMETRIC_REPRESENTATION_CONTEXT(2) 
PARAMETRIC_REPRESENTATION_CONTEXT() REPRESENTATION_CONTEXT('2D SPACE',''
  ) );
#5489 = PCURVE('',#851,#5490);
#5490 = DEFINITIONAL_REPRESENTATION('',(#5491),#5495);
#5491 = LINE('',#5492,#5493);
#5492 = CARTESIAN_POINT('',(0.,3.));
#5493 = VECTOR('',#5494,1.);
#5494 = DIRECTION('',(1.,0.));
#5495 = ( GEOMETRIC_REPRESENTATION_CONTEXT(2) 
PARAMETRIC_REPRESENTATION_CONTEXT() REPRESENTATION_CONTEXT('2D SPACE',''
  ) );
#5496 = FACE_BOUND('',#5497,.F.);
#5497 = EDGE_LOOP('',(#5498));
#5498 = ORIENTED_EDGE('',*,*,#5499,.T.);
#5499 = EDGE_CURVE('',#5500,#5500,#5502,.T.);
#5500 = VERTEX_POINT('',#5501);
#5501 = CARTESIAN_POINT('',(194.25,95.5,0.));
#5502 = SURFACE_CURVE('',#5503,(#5508,#5519),.PCURVE_S1.);
#5503 = CIRCLE('',#5504,1.25);
#5504 = AXIS2_PLACEMENT_3D('',#5505,#5506,#5507);
#5505 = CARTESIAN_POINT('',(195.5,95.5,0.));
#5506 = DIRECTION('',(0.,0.,-1.));
#5507 = DIRECTION('',(-1.,0.,0.));
#5508 = PCURVE('',#100,#5509);
#5509 = DEFINITIONAL_REPRESENTATION('',(#5510),#5518);
#5510 = ( BOUNDED_CURVE() B_SPLINE_CURVE(2,(#5511,#5512,#5513,#5514,
#5515,#5516,#5517),.UNSPECIFIED.,.T.,.F.) B_SPLINE_CURVE_WITH_KNOTS((1,2
    ,2,2,2,1),(-2.094395102393,0.,2.094395102393,4.188790204786,
6.28318530718,8.377580409573),.UNSPECIFIED.) CURVE() 
GEOMETRIC_REPRESENTATION_ITEM() RATIONAL_B_SPLINE_CURVE((1.,0.5,1.,0.5,
1.,0.5,1.)) REPRESENTATION_ITEM('') );
#5511 = CARTESIAN_POINT('',(214.25,115.5));
#5512 = CARTESIAN_POINT('',(214.25,117.66506350946));
#5513 = CARTESIAN_POINT('',(216.125,116.58253175473));
#5514 = CARTESIAN_POINT('',(218.,115.5));
#5515 = CARTESIAN_POINT('',(216.125,114.41746824526));
#5516 = CARTESIAN_POINT('',(214.25,113.33493649053));
#5517 = CARTESIAN_POINT('',(214.25,115.5));
#5518 = ( GEOMETRIC_REPRESENTATION_CONTEXT(2) 
PARAMETRIC_REPRESENTATION_CONTEXT() REPRESENTATION_CONTEXT('2D SPACE',''
  ) );
#5519 = PCURVE('',#886,#5520);
#5520 = DEFINITIONAL_REPRESENTATION('',(#5521),#5525);
#5521 = LINE('',#5522,#5523);
#5522 = CARTESIAN_POINT('',(0.,3.));
#5523 = VECTOR('',#5524,1.);
#5524 = DIRECTION('',(1.,0.));
#5525 = ( GEOMETRIC_REPRESENTATION_CONTEXT(2) 
PARAMETRIC_REPRESENTATION_CONTEXT() REPRESENTATION_CONTEXT('2D SPACE',''
  ) );
#5526 = FACE_BOUND('',#5527,.F.);
#5527 = EDGE_LOOP('',(#5528));
#5528 = ORIENTED_EDGE('',*,*,#5529,.T.);
#5529 = EDGE_CURVE('',#5530,#5530,#5532,.T.);
#5530 = VERTEX_POINT('',#5531);
#5531 = CARTESIAN_POINT('',(3.25,104.5,0.));
#5532 = SURFACE_CURVE('',#5533,(#5538,#5549),.PCURVE_S1.);
#5533 = CIRCLE('',#5534,1.25);
#5534 = AXIS2_PLACEMENT_3D('',#5535,#5536,#5537);
#5535 = CARTESIAN_POINT('',(4.5,104.5,0.));
#5536 = DIRECTION('',(0.,0.,-1.));
#5537 = DIRECTION('',(-1.,0.,0.));
#5538 = PCURVE('',#100,#5539);
#5539 = DEFINITIONAL_REPRESENTATION('',(#5540),#5548);
#5540 = ( BOUNDED_CURVE() B_SPLINE_CURVE(2,(#5541,#5542,#5543,#5544,
#5545,#5546,#5547),.UNSPECIFIED.,.T.,.F.) B_SPLINE_CURVE_WITH_KNOTS((1,2
    ,2,2,2,1),(-2.094395102393,0.,2.094395102393,4.188790204786,
6.28318530718,8.377580409573),.UNSPECIFIED.) CURVE() 
GEOMETRIC_REPRESENTATION_ITEM() RATIONAL_B_SPLINE_CURVE((1.,0.5,1.,0.5,
1.,0.5,1.)) REPRESENTATION_ITEM('') );
#5541 = CARTESIAN_POINT('',(23.25,124.5));
#5542 = CARTESIAN_POINT('',(23.25,126.66506350946));
#5543 = CARTESIAN_POINT('',(25.125,125.58253175473));
#5544 = CARTESIAN_POINT('',(27.,124.5));
#5545 = CARTESIAN_POINT('',(25.125,123.41746824526));
#5546 = CARTESIAN_POINT('',(23.25,122.33493649053));
#5547 = CARTESIAN_POINT('',(23.25,124.5));
#5548 = ( GEOMETRIC_REPRESENTATION_CONTEXT(2) 
PARAMETRIC_REPRESENTATION_CONTEXT() REPRESENTATION_CONTEXT('2D SPACE',''
  ) );
#5549 = PCURVE('',#921,#5550);
#5550 = DEFINITIONAL_REPRESENTATION('',(#5551),#5555);
#5551 = LINE('',#5552,#5553);
#5552 = CARTESIAN_POINT('',(0.,3.));
#5553 = VECTOR('',#5554,1.);
#5554 = DIRECTION('',(1.,0.));
#5555 = ( GEOMETRIC_REPRESENTATION_CONTEXT(2) 
PARAMETRIC_REPRESENTATION_CONTEXT() REPRESENTATION_CONTEXT('2D SPACE',''
  ) );
#5556 = FACE_BOUND('',#5557,.F.);
#5557 = EDGE_LOOP('',(#5558));
#5558 = ORIENTED_EDGE('',*,*,#5559,.T.);
#5559 = EDGE_CURVE('',#5560,#5560,#5562,.T.);
#5560 = VERTEX_POINT('',#5561);
#5561 = CARTESIAN_POINT('',(44.25,145.5,0.));
#5562 = SURFACE_CURVE('',#5563,(#5568,#5579),.PCURVE_S1.);
#5563 = CIRCLE('',#5564,1.25);
#5564 = AXIS2_PLACEMENT_3D('',#5565,#5566,#5567);
#5565 = CARTESIAN_POINT('',(45.5,145.5,0.));
#5566 = DIRECTION('',(0.,0.,-1.));
#5567 = DIRECTION('',(-1.,0.,0.));
#5568 = PCURVE('',#100,#5569);
#5569 = DEFINITIONAL_REPRESENTATION('',(#5570),#5578);
#5570 = ( BOUNDED_CURVE() B_SPLINE_CURVE(2,(#5571,#5572,#5573,#5574,
#5575,#5576,#5577),.UNSPECIFIED.,.T.,.F.) B_SPLINE_CURVE_WITH_KNOTS((1,2
    ,2,2,2,1),(-2.094395102393,0.,2.094395102393,4.188790204786,
6.28318530718,8.377580409573),.UNSPECIFIED.) CURVE() 
GEOMETRIC_REPRESENTATION_ITEM() RATIONAL_B_SPLINE_CURVE((1.,0.5,1.,0.5,
1.,0.5,1.)) REPRESENTATION_ITEM('') );
#5571 = CARTESIAN_POINT('',(64.25,165.5));
#5572 = CARTESIAN_POINT('',(64.25,167.66506350946));
#5573 = CARTESIAN_POINT('',(66.125,166.58253175473));
#5574 = CARTESIAN_POINT('',(68.,165.5));
#5575 = CARTESIAN_POINT('',(66.125,164.41746824526));
#5576 = CARTESIAN_POINT('',(64.25,163.33493649053));
#5577 = CARTESIAN_POINT('',(64.25,165.5));
#5578 = ( GEOMETRIC_REPRESENTATION_CONTEXT(2) 
PARAMETRIC_REPRESENTATION_CONTEXT() REPRESENTATION_CONTEXT('2D SPACE',''
  ) );
#5579 = PCURVE('',#956,#5580);
#5580 = DEFINITIONAL_REPRESENTATION('',(#5581),#5585);
#5581 = LINE('',#5582,#5583);
#5582 = CARTESIAN_POINT('',(0.,3.));
#5583 = VECTOR('',#5584,1.);
#5584 = DIRECTION('',(1.,0.));
#5585 = ( GEOMETRIC_REPRESENTATION_CONTEXT(2) 
PARAMETRIC_REPRESENTATION_CONTEXT() REPRESENTATION_CONTEXT('2D SPACE',''
  ) );
#5586 = FACE_BOUND('',#5587,.F.);
#5587 = EDGE_LOOP('',(#5588));
#5588 = ORIENTED_EDGE('',*,*,#5589,.T.);
#5589 = EDGE_CURVE('',#5590,#5590,#5592,.T.);
#5590 = VERTEX_POINT('',#5591);
#5591 = CARTESIAN_POINT('',(53.25,104.5,0.));
#5592 = SURFACE_CURVE('',#5593,(#5598,#5609),.PCURVE_S1.);
#5593 = CIRCLE('',#5594,1.25);
#5594 = AXIS2_PLACEMENT_3D('',#5595,#5596,#5597);
#5595 = CARTESIAN_POINT('',(54.5,104.5,0.));
#5596 = DIRECTION('',(0.,0.,-1.));
#5597 = DIRECTION('',(-1.,0.,0.));
#5598 = PCURVE('',#100,#5599);
#5599 = DEFINITIONAL_REPRESENTATION('',(#5600),#5608);
#5600 = ( BOUNDED_CURVE() B_SPLINE_CURVE(2,(#5601,#5602,#5603,#5604,
#5605,#5606,#5607),.UNSPECIFIED.,.T.,.F.) B_SPLINE_CURVE_WITH_KNOTS((1,2
    ,2,2,2,1),(-2.094395102393,0.,2.094395102393,4.188790204786,
6.28318530718,8.377580409573),.UNSPECIFIED.) CURVE() 
GEOMETRIC_REPRESENTATION_ITEM() RATIONAL_B_SPLINE_CURVE((1.,0.5,1.,0.5,
1.,0.5,1.)) REPRESENTATION_ITEM('') );
#5601 = CARTESIAN_POINT('',(73.25,124.5));
#5602 = CARTESIAN_POINT('',(73.25,126.66506350946));
#5603 = CARTESIAN_POINT('',(75.125,125.58253175473));
#5604 = CARTESIAN_POINT('',(77.,124.5));
#5605 = CARTESIAN_POINT('',(75.125,123.41746824526));
#5606 = CARTESIAN_POINT('',(73.25,122.33493649053));
#5607 = CARTESIAN_POINT('',(73.25,124.5));
#5608 = ( GEOMETRIC_REPRESENTATION_CONTEXT(2) 
PARAMETRIC_REPRESENTATION_CONTEXT() REPRESENTATION_CONTEXT('2D SPACE',''
  ) );
#5609 = PCURVE('',#991,#5610);
#5610 = DEFINITIONAL_REPRESENTATION('',(#5611),#5615);
#5611 = LINE('',#5612,#5613);
#5612 = CARTESIAN_POINT('',(0.,3.));
#5613 = VECTOR('',#5614,1.);
#5614 = DIRECTION('',(1.,0.));
#5615 = ( GEOMETRIC_REPRESENTATION_CONTEXT(2) 
PARAMETRIC_REPRESENTATION_CONTEXT() REPRESENTATION_CONTEXT('2D SPACE',''
  ) );
#5616 = FACE_BOUND('',#5617,.F.);
#5617 = EDGE_LOOP('',(#5618));
#5618 = ORIENTED_EDGE('',*,*,#5619,.T.);
#5619 = EDGE_CURVE('',#5620,#5620,#5622,.T.);
#5620 = VERTEX_POINT('',#5621);
#5621 = CARTESIAN_POINT('',(94.25,145.5,0.));
#5622 = SURFACE_CURVE('',#5623,(#5628,#5639),.PCURVE_S1.);
#5623 = CIRCLE('',#5624,1.25);
#5624 = AXIS2_PLACEMENT_3D('',#5625,#5626,#5627);
#5625 = CARTESIAN_POINT('',(95.5,145.5,0.));
#5626 = DIRECTION('',(0.,0.,-1.));
#5627 = DIRECTION('',(-1.,0.,0.));
#5628 = PCURVE('',#100,#5629);
#5629 = DEFINITIONAL_REPRESENTATION('',(#5630),#5638);
#5630 = ( BOUNDED_CURVE() B_SPLINE_CURVE(2,(#5631,#5632,#5633,#5634,
#5635,#5636,#5637),.UNSPECIFIED.,.T.,.F.) B_SPLINE_CURVE_WITH_KNOTS((1,2
    ,2,2,2,1),(-2.094395102393,0.,2.094395102393,4.188790204786,
6.28318530718,8.377580409573),.UNSPECIFIED.) CURVE() 
GEOMETRIC_REPRESENTATION_ITEM() RATIONAL_B_SPLINE_CURVE((1.,0.5,1.,0.5,
1.,0.5,1.)) REPRESENTATION_ITEM('') );
#5631 = CARTESIAN_POINT('',(114.25,165.5));
#5632 = CARTESIAN_POINT('',(114.25,167.66506350946));
#5633 = CARTESIAN_POINT('',(116.125,166.58253175473));
#5634 = CARTESIAN_POINT('',(118.,165.5));
#5635 = CARTESIAN_POINT('',(116.125,164.41746824526));
#5636 = CARTESIAN_POINT('',(114.25,163.33493649053));
#5637 = CARTESIAN_POINT('',(114.25,165.5));
#5638 = ( GEOMETRIC_REPRESENTATION_CONTEXT(2) 
PARAMETRIC_REPRESENTATION_CONTEXT() REPRESENTATION_CONTEXT('2D SPACE',''
  ) );
#5639 = PCURVE('',#1026,#5640);
#5640 = DEFINITIONAL_REPRESENTATION('',(#5641),#5645);
#5641 = LINE('',#5642,#5643);
#5642 = CARTESIAN_POINT('',(0.,3.));
#5643 = VECTOR('',#5644,1.);
#5644 = DIRECTION('',(1.,0.));
#5645 = ( GEOMETRIC_REPRESENTATION_CONTEXT(2) 
PARAMETRIC_REPRESENTATION_CONTEXT() REPRESENTATION_CONTEXT('2D SPACE',''
  ) );
#5646 = FACE_BOUND('',#5647,.F.);
#5647 = EDGE_LOOP('',(#5648));
#5648 = ORIENTED_EDGE('',*,*,#5649,.T.);
#5649 = EDGE_CURVE('',#5650,#5650,#5652,.T.);
#5650 = VERTEX_POINT('',#5651);
#5651 = CARTESIAN_POINT('',(3.25,154.5,0.));
#5652 = SURFACE_CURVE('',#5653,(#5658,#5669),.PCURVE_S1.);
#5653 = CIRCLE('',#5654,1.25);
#5654 = AXIS2_PLACEMENT_3D('',#5655,#5656,#5657);
#5655 = CARTESIAN_POINT('',(4.5,154.5,0.));
#5656 = DIRECTION('',(0.,0.,-1.));
#5657 = DIRECTION('',(-1.,0.,0.));
#5658 = PCURVE('',#100,#5659);
#5659 = DEFINITIONAL_REPRESENTATION('',(#5660),#5668);
#5660 = ( BOUNDED_CURVE() B_SPLINE_CURVE(2,(#5661,#5662,#5663,#5664,
#5665,#5666,#5667),.UNSPECIFIED.,.T.,.F.) B_SPLINE_CURVE_WITH_KNOTS((1,2
    ,2,2,2,1),(-2.094395102393,0.,2.094395102393,4.188790204786,
6.28318530718,8.377580409573),.UNSPECIFIED.) CURVE() 
GEOMETRIC_REPRESENTATION_ITEM() RATIONAL_B_SPLINE_CURVE((1.,0.5,1.,0.5,
1.,0.5,1.)) REPRESENTATION_ITEM('') );
#5661 = CARTESIAN_POINT('',(23.25,174.5));
#5662 = CARTESIAN_POINT('',(23.25,176.66506350946));
#5663 = CARTESIAN_POINT('',(25.125,175.58253175473));
#5664 = CARTESIAN_POINT('',(27.,174.5));
#5665 = CARTESIAN_POINT('',(25.125,173.41746824526));
#5666 = CARTESIAN_POINT('',(23.25,172.33493649053));
#5667 = CARTESIAN_POINT('',(23.25,174.5));
#5668 = ( GEOMETRIC_REPRESENTATION_CONTEXT(2) 
PARAMETRIC_REPRESENTATION_CONTEXT() REPRESENTATION_CONTEXT('2D SPACE',''
  ) );
#5669 = PCURVE('',#1061,#5670);
#5670 = DEFINITIONAL_REPRESENTATION('',(#5671),#5675);
#5671 = LINE('',#5672,#5673);
#5672 = CARTESIAN_POINT('',(0.,3.));
#5673 = VECTOR('',#5674,1.);
#5674 = DIRECTION('',(1.,0.));
#5675 = ( GEOMETRIC_REPRESENTATION_CONTEXT(2) 
PARAMETRIC_REPRESENTATION_CONTEXT() REPRESENTATION_CONTEXT('2D SPACE',''
  ) );
#5676 = FACE_BOUND('',#5677,.F.);
#5677 = EDGE_LOOP('',(#5678));
#5678 = ORIENTED_EDGE('',*,*,#5679,.T.);
#5679 = EDGE_CURVE('',#5680,#5680,#5682,.T.);
#5680 = VERTEX_POINT('',#5681);
#5681 = CARTESIAN_POINT('',(44.25,195.5,0.));
#5682 = SURFACE_CURVE('',#5683,(#5688,#5699),.PCURVE_S1.);
#5683 = CIRCLE('',#5684,1.25);
#5684 = AXIS2_PLACEMENT_3D('',#5685,#5686,#5687);
#5685 = CARTESIAN_POINT('',(45.5,195.5,0.));
#5686 = DIRECTION('',(0.,0.,-1.));
#5687 = DIRECTION('',(-1.,0.,0.));
#5688 = PCURVE('',#100,#5689);
#5689 = DEFINITIONAL_REPRESENTATION('',(#5690),#5698);
#5690 = ( BOUNDED_CURVE() B_SPLINE_CURVE(2,(#5691,#5692,#5693,#5694,
#5695,#5696,#5697),.UNSPECIFIED.,.T.,.F.) B_SPLINE_CURVE_WITH_KNOTS((1,2
    ,2,2,2,1),(-2.094395102393,0.,2.094395102393,4.188790204786,
6.28318530718,8.377580409573),.UNSPECIFIED.) CURVE() 
GEOMETRIC_REPRESENTATION_ITEM() RATIONAL_B_SPLINE_CURVE((1.,0.5,1.,0.5,
1.,0.5,1.)) REPRESENTATION_ITEM('') );
#5691 = CARTESIAN_POINT('',(64.25,215.5));
#5692 = CARTESIAN_POINT('',(64.25,217.66506350946));
#5693 = CARTESIAN_POINT('',(66.125,216.58253175473));
#5694 = CARTESIAN_POINT('',(68.,215.5));
#5695 = CARTESIAN_POINT('',(66.125,214.41746824526));
#5696 = CARTESIAN_POINT('',(64.25,213.33493649053));
#5697 = CARTESIAN_POINT('',(64.25,215.5));
#5698 = ( GEOMETRIC_REPRESENTATION_CONTEXT(2) 
PARAMETRIC_REPRESENTATION_CONTEXT() REPRESENTATION_CONTEXT('2D SPACE',''
  ) );
#5699 = PCURVE('',#1096,#5700);
#5700 = DEFINITIONAL_REPRESENTATION('',(#5701),#5705);
#5701 = LINE('',#5702,#5703);
#5702 = CARTESIAN_POINT('',(0.,3.));
#5703 = VECTOR('',#5704,1.);
#5704 = DIRECTION('',(1.,0.));
#5705 = ( GEOMETRIC_REPRESENTATION_CONTEXT(2) 
PARAMETRIC_REPRESENTATION_CONTEXT() REPRESENTATION_CONTEXT('2D SPACE',''
  ) );
#5706 = FACE_BOUND('',#5707,.F.);
#5707 = EDGE_LOOP('',(#5708));
#5708 = ORIENTED_EDGE('',*,*,#5709,.T.);
#5709 = EDGE_CURVE('',#5710,#5710,#5712,.T.);
#5710 = VERTEX_POINT('',#5711);
#5711 = CARTESIAN_POINT('',(53.25,154.5,0.));
#5712 = SURFACE_CURVE('',#5713,(#5718,#5729),.PCURVE_S1.);
#5713 = CIRCLE('',#5714,1.25);
#5714 = AXIS2_PLACEMENT_3D('',#5715,#5716,#5717);
#5715 = CARTESIAN_POINT('',(54.5,154.5,0.));
#5716 = DIRECTION('',(0.,0.,-1.));
#5717 = DIRECTION('',(-1.,0.,0.));
#5718 = PCURVE('',#100,#5719);
#5719 = DEFINITIONAL_REPRESENTATION('',(#5720),#5728);
#5720 = ( BOUNDED_CURVE() B_SPLINE_CURVE(2,(#5721,#5722,#5723,#5724,
#5725,#5726,#5727),.UNSPECIFIED.,.T.,.F.) B_SPLINE_CURVE_WITH_KNOTS((1,2
    ,2,2,2,1),(-2.094395102393,0.,2.094395102393,4.188790204786,
6.28318530718,8.377580409573),.UNSPECIFIED.) CURVE() 
GEOMETRIC_REPRESENTATION_ITEM() RATIONAL_B_SPLINE_CURVE((1.,0.5,1.,0.5,
1.,0.5,1.)) REPRESENTATION_ITEM('') );
#5721 = CARTESIAN_POINT('',(73.25,174.5));
#5722 = CARTESIAN_POINT('',(73.25,176.66506350946));
#5723 = CARTESIAN_POINT('',(75.125,175.58253175473));
#5724 = CARTESIAN_POINT('',(77.,174.5));
#5725 = CARTESIAN_POINT('',(75.125,173.41746824526));
#5726 = CARTESIAN_POINT('',(73.25,172.33493649053));
#5727 = CARTESIAN_POINT('',(73.25,174.5));
#5728 = ( GEOMETRIC_REPRESENTATION_CONTEXT(2) 
PARAMETRIC_REPRESENTATION_CONTEXT() REPRESENTATION_CONTEXT('2D SPACE',''
  ) );
#5729 = PCURVE('',#1131,#5730);
#5730 = DEFINITIONAL_REPRESENTATION('',(#5731),#5735);
#5731 = LINE('',#5732,#5733);
#5732 = CARTESIAN_POINT('',(0.,3.));
#5733 = VECTOR('',#5734,1.);
#5734 = DIRECTION('',(1.,0.));
#5735 = ( GEOMETRIC_REPRESENTATION_CONTEXT(2) 
PARAMETRIC_REPRESENTATION_CONTEXT() REPRESENTATION_CONTEXT('2D SPACE',''
  ) );
#5736 = FACE_BOUND('',#5737,.F.);
#5737 = EDGE_LOOP('',(#5738));
#5738 = ORIENTED_EDGE('',*,*,#5739,.T.);
#5739 = EDGE_CURVE('',#5740,#5740,#5742,.T.);
#5740 = VERTEX_POINT('',#5741);
#5741 = CARTESIAN_POINT('',(94.25,195.5,0.));
#5742 = SURFACE_CURVE('',#5743,(#5748,#5759),.PCURVE_S1.);
#5743 = CIRCLE('',#5744,1.25);
#5744 = AXIS2_PLACEMENT_3D('',#5745,#5746,#5747);
#5745 = CARTESIAN_POINT('',(95.5,195.5,0.));
#5746 = DIRECTION('',(0.,0.,-1.));
#5747 = DIRECTION('',(-1.,0.,0.));
#5748 = PCURVE('',#100,#5749);
#5749 = DEFINITIONAL_REPRESENTATION('',(#5750),#5758);
#5750 = ( BOUNDED_CURVE() B_SPLINE_CURVE(2,(#5751,#5752,#5753,#5754,
#5755,#5756,#5757),.UNSPECIFIED.,.T.,.F.) B_SPLINE_CURVE_WITH_KNOTS((1,2
    ,2,2,2,1),(-2.094395102393,0.,2.094395102393,4.188790204786,
6.28318530718,8.377580409573),.UNSPECIFIED.) CURVE() 
GEOMETRIC_REPRESENTATION_ITEM() RATIONAL_B_SPLINE_CURVE((1.,0.5,1.,0.5,
1.,0.5,1.)) REPRESENTATION_ITEM('') );
#5751 = CARTESIAN_POINT('',(114.25,215.5));
#5752 = CARTESIAN_POINT('',(114.25,217.66506350946));
#5753 = CARTESIAN_POINT('',(116.125,216.58253175473));
#5754 = CARTESIAN_POINT('',(118.,215.5));
#5755 = CARTESIAN_POINT('',(116.125,214.41746824526));
#5756 = CARTESIAN_POINT('',(114.25,213.33493649053));
#5757 = CARTESIAN_POINT('',(114.25,215.5));
#5758 = ( GEOMETRIC_REPRESENTATION_CONTEXT(2) 
PARAMETRIC_REPRESENTATION_CONTEXT() REPRESENTATION_CONTEXT('2D SPACE',''
  ) );
#5759 = PCURVE('',#1166,#5760);
#5760 = DEFINITIONAL_REPRESENTATION('',(#5761),#5765);
#5761 = LINE('',#5762,#5763);
#5762 = CARTESIAN_POINT('',(0.,3.));
#5763 = VECTOR('',#5764,1.);
#5764 = DIRECTION('',(1.,0.));
#5765 = ( GEOMETRIC_REPRESENTATION_CONTEXT(2) 
PARAMETRIC_REPRESENTATION_CONTEXT() REPRESENTATION_CONTEXT('2D SPACE',''
  ) );
#5766 = FACE_BOUND('',#5767,.F.);
#5767 = EDGE_LOOP('',(#5768));
#5768 = ORIENTED_EDGE('',*,*,#5769,.T.);
#5769 = EDGE_CURVE('',#5770,#5770,#5772,.T.);
#5770 = VERTEX_POINT('',#5771);
#5771 = CARTESIAN_POINT('',(103.25,104.5,0.));
#5772 = SURFACE_CURVE('',#5773,(#5778,#5789),.PCURVE_S1.);
#5773 = CIRCLE('',#5774,1.25);
#5774 = AXIS2_PLACEMENT_3D('',#5775,#5776,#5777);
#5775 = CARTESIAN_POINT('',(104.5,104.5,0.));
#5776 = DIRECTION('',(0.,0.,-1.));
#5777 = DIRECTION('',(-1.,0.,0.));
#5778 = PCURVE('',#100,#5779);
#5779 = DEFINITIONAL_REPRESENTATION('',(#5780),#5788);
#5780 = ( BOUNDED_CURVE() B_SPLINE_CURVE(2,(#5781,#5782,#5783,#5784,
#5785,#5786,#5787),.UNSPECIFIED.,.T.,.F.) B_SPLINE_CURVE_WITH_KNOTS((1,2
    ,2,2,2,1),(-2.094395102393,0.,2.094395102393,4.188790204786,
6.28318530718,8.377580409573),.UNSPECIFIED.) CURVE() 
GEOMETRIC_REPRESENTATION_ITEM() RATIONAL_B_SPLINE_CURVE((1.,0.5,1.,0.5,
1.,0.5,1.)) REPRESENTATION_ITEM('') );
#5781 = CARTESIAN_POINT('',(123.25,124.5));
#5782 = CARTESIAN_POINT('',(123.25,126.66506350946));
#5783 = CARTESIAN_POINT('',(125.125,125.58253175473));
#5784 = CARTESIAN_POINT('',(127.,124.5));
#5785 = CARTESIAN_POINT('',(125.125,123.41746824526));
#5786 = CARTESIAN_POINT('',(123.25,122.33493649053));
#5787 = CARTESIAN_POINT('',(123.25,124.5));
#5788 = ( GEOMETRIC_REPRESENTATION_CONTEXT(2) 
PARAMETRIC_REPRESENTATION_CONTEXT() REPRESENTATION_CONTEXT('2D SPACE',''
  ) );
#5789 = PCURVE('',#1201,#5790);
#5790 = DEFINITIONAL_REPRESENTATION('',(#5791),#5795);
#5791 = LINE('',#5792,#5793);
#5792 = CARTESIAN_POINT('',(0.,3.));
#5793 = VECTOR('',#5794,1.);
#5794 = DIRECTION('',(1.,0.));
#5795 = ( GEOMETRIC_REPRESENTATION_CONTEXT(2) 
PARAMETRIC_REPRESENTATION_CONTEXT() REPRESENTATION_CONTEXT('2D SPACE',''
  ) );
#5796 = FACE_BOUND('',#5797,.F.);
#5797 = EDGE_LOOP('',(#5798));
#5798 = ORIENTED_EDGE('',*,*,#5799,.T.);
#5799 = EDGE_CURVE('',#5800,#5800,#5802,.T.);
#5800 = VERTEX_POINT('',#5801);
#5801 = CARTESIAN_POINT('',(144.25,145.5,0.));
#5802 = SURFACE_CURVE('',#5803,(#5808,#5819),.PCURVE_S1.);
#5803 = CIRCLE('',#5804,1.25);
#5804 = AXIS2_PLACEMENT_3D('',#5805,#5806,#5807);
#5805 = CARTESIAN_POINT('',(145.5,145.5,0.));
#5806 = DIRECTION('',(0.,0.,-1.));
#5807 = DIRECTION('',(-1.,0.,0.));
#5808 = PCURVE('',#100,#5809);
#5809 = DEFINITIONAL_REPRESENTATION('',(#5810),#5818);
#5810 = ( BOUNDED_CURVE() B_SPLINE_CURVE(2,(#5811,#5812,#5813,#5814,
#5815,#5816,#5817),.UNSPECIFIED.,.T.,.F.) B_SPLINE_CURVE_WITH_KNOTS((1,2
    ,2,2,2,1),(-2.094395102393,0.,2.094395102393,4.188790204786,
6.28318530718,8.377580409573),.UNSPECIFIED.) CURVE() 
GEOMETRIC_REPRESENTATION_ITEM() RATIONAL_B_SPLINE_CURVE((1.,0.5,1.,0.5,
1.,0.5,1.)) REPRESENTATION_ITEM('') );
#5811 = CARTESIAN_POINT('',(164.25,165.5));
#5812 = CARTESIAN_POINT('',(164.25,167.66506350946));
#5813 = CARTESIAN_POINT('',(166.125,166.58253175473));
#5814 = CARTESIAN_POINT('',(168.,165.5));
#5815 = CARTESIAN_POINT('',(166.125,164.41746824526));
#5816 = CARTESIAN_POINT('',(164.25,163.33493649053));
#5817 = CARTESIAN_POINT('',(164.25,165.5));
#5818 = ( GEOMETRIC_REPRESENTATION_CONTEXT(2) 
PARAMETRIC_REPRESENTATION_CONTEXT() REPRESENTATION_CONTEXT('2D SPACE',''
  ) );
#5819 = PCURVE('',#1236,#5820);
#5820 = DEFINITIONAL_REPRESENTATION('',(#5821),#5825);
#5821 = LINE('',#5822,#5823);
#5822 = CARTESIAN_POINT('',(0.,3.));
#5823 = VECTOR('',#5824,1.);
#5824 = DIRECTION('',(1.,0.));
#5825 = ( GEOMETRIC_REPRESENTATION_CONTEXT(2) 
PARAMETRIC_REPRESENTATION_CONTEXT() REPRESENTATION_CONTEXT('2D SPACE',''
  ) );
#5826 = FACE_BOUND('',#5827,.F.);
#5827 = EDGE_LOOP('',(#5828));
#5828 = ORIENTED_EDGE('',*,*,#5829,.T.);
#5829 = EDGE_CURVE('',#5830,#5830,#5832,.T.);
#5830 = VERTEX_POINT('',#5831);
#5831 = CARTESIAN_POINT('',(153.25,104.5,0.));
#5832 = SURFACE_CURVE('',#5833,(#5838,#5849),.PCURVE_S1.);
#5833 = CIRCLE('',#5834,1.25);
#5834 = AXIS2_PLACEMENT_3D('',#5835,#5836,#5837);
#5835 = CARTESIAN_POINT('',(154.5,104.5,0.));
#5836 = DIRECTION('',(0.,0.,-1.));
#5837 = DIRECTION('',(-1.,0.,0.));
#5838 = PCURVE('',#100,#5839);
#5839 = DEFINITIONAL_REPRESENTATION('',(#5840),#5848);
#5840 = ( BOUNDED_CURVE() B_SPLINE_CURVE(2,(#5841,#5842,#5843,#5844,
#5845,#5846,#5847),.UNSPECIFIED.,.T.,.F.) B_SPLINE_CURVE_WITH_KNOTS((1,2
    ,2,2,2,1),(-2.094395102393,0.,2.094395102393,4.188790204786,
6.28318530718,8.377580409573),.UNSPECIFIED.) CURVE() 
GEOMETRIC_REPRESENTATION_ITEM() RATIONAL_B_SPLINE_CURVE((1.,0.5,1.,0.5,
1.,0.5,1.)) REPRESENTATION_ITEM('') );
#5841 = CARTESIAN_POINT('',(173.25,124.5));
#5842 = CARTESIAN_POINT('',(173.25,126.66506350946));
#5843 = CARTESIAN_POINT('',(175.125,125.58253175473));
#5844 = CARTESIAN_POINT('',(177.,124.5));
#5845 = CARTESIAN_POINT('',(175.125,123.41746824526));
#5846 = CARTESIAN_POINT('',(173.25,122.33493649053));
#5847 = CARTESIAN_POINT('',(173.25,124.5));
#5848 = ( GEOMETRIC_REPRESENTATION_CONTEXT(2) 
PARAMETRIC_REPRESENTATION_CONTEXT() REPRESENTATION_CONTEXT('2D SPACE',''
  ) );
#5849 = PCURVE('',#1271,#5850);
#5850 = DEFINITIONAL_REPRESENTATION('',(#5851),#5855);
#5851 = LINE('',#5852,#5853);
#5852 = CARTESIAN_POINT('',(0.,3.));
#5853 = VECTOR('',#5854,1.);
#5854 = DIRECTION('',(1.,0.));
#5855 = ( GEOMETRIC_REPRESENTATION_CONTEXT(2) 
PARAMETRIC_REPRESENTATION_CONTEXT() REPRESENTATION_CONTEXT('2D SPACE',''
  ) );
#5856 = FACE_BOUND('',#5857,.F.);
#5857 = EDGE_LOOP('',(#5858));
#5858 = ORIENTED_EDGE('',*,*,#5859,.T.);
#5859 = EDGE_CURVE('',#5860,#5860,#5862,.T.);
#5860 = VERTEX_POINT('',#5861);
#5861 = CARTESIAN_POINT('',(194.25,145.5,0.));
#5862 = SURFACE_CURVE('',#5863,(#5868,#5879),.PCURVE_S1.);
#5863 = CIRCLE('',#5864,1.25);
#5864 = AXIS2_PLACEMENT_3D('',#5865,#5866,#5867);
#5865 = CARTESIAN_POINT('',(195.5,145.5,0.));
#5866 = DIRECTION('',(0.,0.,-1.));
#5867 = DIRECTION('',(-1.,0.,0.));
#5868 = PCURVE('',#100,#5869);
#5869 = DEFINITIONAL_REPRESENTATION('',(#5870),#5878);
#5870 = ( BOUNDED_CURVE() B_SPLINE_CURVE(2,(#5871,#5872,#5873,#5874,
#5875,#5876,#5877),.UNSPECIFIED.,.T.,.F.) B_SPLINE_CURVE_WITH_KNOTS((1,2
    ,2,2,2,1),(-2.094395102393,0.,2.094395102393,4.188790204786,
6.28318530718,8.377580409573),.UNSPECIFIED.) CURVE() 
GEOMETRIC_REPRESENTATION_ITEM() RATIONAL_B_SPLINE_CURVE((1.,0.5,1.,0.5,
1.,0.5,1.)) REPRESENTATION_ITEM('') );
#5871 = CARTESIAN_POINT('',(214.25,165.5));
#5872 = CARTESIAN_POINT('',(214.25,167.66506350946));
#5873 = CARTESIAN_POINT('',(216.125,166.58253175473));
#5874 = CARTESIAN_POINT('',(218.,165.5));
#5875 = CARTESIAN_POINT('',(216.125,164.41746824526));
#5876 = CARTESIAN_POINT('',(214.25,163.33493649053));
#5877 = CARTESIAN_POINT('',(214.25,165.5));
#5878 = ( GEOMETRIC_REPRESENTATION_CONTEXT(2) 
PARAMETRIC_REPRESENTATION_CONTEXT() REPRESENTATION_CONTEXT('2D SPACE',''
  ) );
#5879 = PCURVE('',#1306,#5880);
#5880 = DEFINITIONAL_REPRESENTATION('',(#5881),#5885);
#5881 = LINE('',#5882,#5883);
#5882 = CARTESIAN_POINT('',(0.,3.));
#5883 = VECTOR('',#5884,1.);
#5884 = DIRECTION('',(1.,0.));
#5885 = ( GEOMETRIC_REPRESENTATION_CONTEXT(2) 
PARAMETRIC_REPRESENTATION_CONTEXT() REPRESENTATION_CONTEXT('2D SPACE',''
  ) );
#5886 = FACE_BOUND('',#5887,.F.);
#5887 = EDGE_LOOP('',(#5888));
#5888 = ORIENTED_EDGE('',*,*,#5889,.T.);
#5889 = EDGE_CURVE('',#5890,#5890,#5892,.T.);
#5890 = VERTEX_POINT('',#5891);
#5891 = CARTESIAN_POINT('',(103.25,154.5,0.));
#5892 = SURFACE_CURVE('',#5893,(#5898,#5909),.PCURVE_S1.);
#5893 = CIRCLE('',#5894,1.25);
#5894 = AXIS2_PLACEMENT_3D('',#5895,#5896,#5897);
#5895 = CARTESIAN_POINT('',(104.5,154.5,0.));
#5896 = DIRECTION('',(0.,0.,-1.));
#5897 = DIRECTION('',(-1.,0.,0.));
#5898 = PCURVE('',#100,#5899);
#5899 = DEFINITIONAL_REPRESENTATION('',(#5900),#5908);
#5900 = ( BOUNDED_CURVE() B_SPLINE_CURVE(2,(#5901,#5902,#5903,#5904,
#5905,#5906,#5907),.UNSPECIFIED.,.T.,.F.) B_SPLINE_CURVE_WITH_KNOTS((1,2
    ,2,2,2,1),(-2.094395102393,0.,2.094395102393,4.188790204786,
6.28318530718,8.377580409573),.UNSPECIFIED.) CURVE() 
GEOMETRIC_REPRESENTATION_ITEM() RATIONAL_B_SPLINE_CURVE((1.,0.5,1.,0.5,
1.,0.5,1.)) REPRESENTATION_ITEM('') );
#5901 = CARTESIAN_POINT('',(123.25,174.5));
#5902 = CARTESIAN_POINT('',(123.25,176.66506350946));
#5903 = CARTESIAN_POINT('',(125.125,175.58253175473));
#5904 = CARTESIAN_POINT('',(127.,174.5));
#5905 = CARTESIAN_POINT('',(125.125,173.41746824526));
#5906 = CARTESIAN_POINT('',(123.25,172.33493649053));
#5907 = CARTESIAN_POINT('',(123.25,174.5));
#5908 = ( GEOMETRIC_REPRESENTATION_CONTEXT(2) 
PARAMETRIC_REPRESENTATION_CONTEXT() REPRESENTATION_CONTEXT('2D SPACE',''
  ) );
#5909 = PCURVE('',#1341,#5910);
#5910 = DEFINITIONAL_REPRESENTATION('',(#5911),#5915);
#5911 = LINE('',#5912,#5913);
#5912 = CARTESIAN_POINT('',(0.,3.));
#5913 = VECTOR('',#5914,1.);
#5914 = DIRECTION('',(1.,0.));
#5915 = ( GEOMETRIC_REPRESENTATION_CONTEXT(2) 
PARAMETRIC_REPRESENTATION_CONTEXT() REPRESENTATION_CONTEXT('2D SPACE',''
  ) );
#5916 = FACE_BOUND('',#5917,.F.);
#5917 = EDGE_LOOP('',(#5918));
#5918 = ORIENTED_EDGE('',*,*,#5919,.T.);
#5919 = EDGE_CURVE('',#5920,#5920,#5922,.T.);
#5920 = VERTEX_POINT('',#5921);
#5921 = CARTESIAN_POINT('',(144.25,195.5,0.));
#5922 = SURFACE_CURVE('',#5923,(#5928,#5939),.PCURVE_S1.);
#5923 = CIRCLE('',#5924,1.25);
#5924 = AXIS2_PLACEMENT_3D('',#5925,#5926,#5927);
#5925 = CARTESIAN_POINT('',(145.5,195.5,0.));
#5926 = DIRECTION('',(0.,0.,-1.));
#5927 = DIRECTION('',(-1.,0.,0.));
#5928 = PCURVE('',#100,#5929);
#5929 = DEFINITIONAL_REPRESENTATION('',(#5930),#5938);
#5930 = ( BOUNDED_CURVE() B_SPLINE_CURVE(2,(#5931,#5932,#5933,#5934,
#5935,#5936,#5937),.UNSPECIFIED.,.T.,.F.) B_SPLINE_CURVE_WITH_KNOTS((1,2
    ,2,2,2,1),(-2.094395102393,0.,2.094395102393,4.188790204786,
6.28318530718,8.377580409573),.UNSPECIFIED.) CURVE() 
GEOMETRIC_REPRESENTATION_ITEM() RATIONAL_B_SPLINE_CURVE((1.,0.5,1.,0.5,
1.,0.5,1.)) REPRESENTATION_ITEM('') );
#5931 = CARTESIAN_POINT('',(164.25,215.5));
#5932 = CARTESIAN_POINT('',(164.25,217.66506350946));
#5933 = CARTESIAN_POINT('',(166.125,216.58253175473));
#5934 = CARTESIAN_POINT('',(168.,215.5));
#5935 = CARTESIAN_POINT('',(166.125,214.41746824526));
#5936 = CARTESIAN_POINT('',(164.25,213.33493649053));
#5937 = CARTESIAN_POINT('',(164.25,215.5));
#5938 = ( GEOMETRIC_REPRESENTATION_CONTEXT(2) 
PARAMETRIC_REPRESENTATION_CONTEXT() REPRESENTATION_CONTEXT('2D SPACE',''
  ) );
#5939 = PCURVE('',#1376,#5940);
#5940 = DEFINITIONAL_REPRESENTATION('',(#5941),#5945);
#5941 = LINE('',#5942,#5943);
#5942 = CARTESIAN_POINT('',(0.,3.));
#5943 = VECTOR('',#5944,1.);
#5944 = DIRECTION('',(1.,0.));
#5945 = ( GEOMETRIC_REPRESENTATION_CONTEXT(2) 
PARAMETRIC_REPRESENTATION_CONTEXT() REPRESENTATION_CONTEXT('2D SPACE',''
  ) );
#5946 = FACE_BOUND('',#5947,.F.);
#5947 = EDGE_LOOP('',(#5948));
#5948 = ORIENTED_EDGE('',*,*,#5949,.T.);
#5949 = EDGE_CURVE('',#5950,#5950,#5952,.T.);
#5950 = VERTEX_POINT('',#5951);
#5951 = CARTESIAN_POINT('',(153.25,154.5,0.));
#5952 = SURFACE_CURVE('',#5953,(#5958,#5969),.PCURVE_S1.);
#5953 = CIRCLE('',#5954,1.25);
#5954 = AXIS2_PLACEMENT_3D('',#5955,#5956,#5957);
#5955 = CARTESIAN_POINT('',(154.5,154.5,0.));
#5956 = DIRECTION('',(0.,0.,-1.));
#5957 = DIRECTION('',(-1.,0.,0.));
#5958 = PCURVE('',#100,#5959);
#5959 = DEFINITIONAL_REPRESENTATION('',(#5960),#5968);
#5960 = ( BOUNDED_CURVE() B_SPLINE_CURVE(2,(#5961,#5962,#5963,#5964,
#5965,#5966,#5967),.UNSPECIFIED.,.T.,.F.) B_SPLINE_CURVE_WITH_KNOTS((1,2
    ,2,2,2,1),(-2.094395102393,0.,2.094395102393,4.188790204786,
6.28318530718,8.377580409573),.UNSPECIFIED.) CURVE() 
GEOMETRIC_REPRESENTATION_ITEM() RATIONAL_B_SPLINE_CURVE((1.,0.5,1.,0.5,
1.,0.5,1.)) REPRESENTATION_ITEM('') );
#5961 = CARTESIAN_POINT('',(173.25,174.5));
#5962 = CARTESIAN_POINT('',(173.25,176.66506350946));
#5963 = CARTESIAN_POINT('',(175.125,175.58253175473));
#5964 = CARTESIAN_POINT('',(177.,174.5));
#5965 = CARTESIAN_POINT('',(175.125,173.41746824526));
#5966 = CARTESIAN_POINT('',(173.25,172.33493649053));
#5967 = CARTESIAN_POINT('',(173.25,174.5));
#5968 = ( GEOMETRIC_REPRESENTATION_CONTEXT(2) 
PARAMETRIC_REPRESENTATION_CONTEXT() REPRESENTATION_CONTEXT('2D SPACE',''
  ) );
#5969 = PCURVE('',#1411,#5970);
#5970 = DEFINITIONAL_REPRESENTATION('',(#5971),#5975);
#5971 = LINE('',#5972,#5973);
#5972 = CARTESIAN_POINT('',(0.,3.));
#5973 = VECTOR('',#5974,1.);
#5974 = DIRECTION('',(1.,0.));
#5975 = ( GEOMETRIC_REPRESENTATION_CONTEXT(2) 
PARAMETRIC_REPRESENTATION_CONTEXT() REPRESENTATION_CONTEXT('2D SPACE',''
  ) );
#5976 = FACE_BOUND('',#5977,.F.);
#5977 = EDGE_LOOP('',(#5978));
#5978 = ORIENTED_EDGE('',*,*,#5979,.T.);
#5979 = EDGE_CURVE('',#5980,#5980,#5982,.T.);
#5980 = VERTEX_POINT('',#5981);
#5981 = CARTESIAN_POINT('',(194.25,195.5,0.));
#5982 = SURFACE_CURVE('',#5983,(#5988,#5999),.PCURVE_S1.);
#5983 = CIRCLE('',#5984,1.25);
#5984 = AXIS2_PLACEMENT_3D('',#5985,#5986,#5987);
#5985 = CARTESIAN_POINT('',(195.5,195.5,0.));
#5986 = DIRECTION('',(0.,0.,-1.));
#5987 = DIRECTION('',(-1.,0.,0.));
#5988 = PCURVE('',#100,#5989);
#5989 = DEFINITIONAL_REPRESENTATION('',(#5990),#5998);
#5990 = ( BOUNDED_CURVE() B_SPLINE_CURVE(2,(#5991,#5992,#5993,#5994,
#5995,#5996,#5997),.UNSPECIFIED.,.T.,.F.) B_SPLINE_CURVE_WITH_KNOTS((1,2
    ,2,2,2,1),(-2.094395102393,0.,2.094395102393,4.188790204786,
6.28318530718,8.377580409573),.UNSPECIFIED.) CURVE() 
GEOMETRIC_REPRESENTATION_ITEM() RATIONAL_B_SPLINE_CURVE((1.,0.5,1.,0.5,
1.,0.5,1.)) REPRESENTATION_ITEM('') );
#5991 = CARTESIAN_POINT('',(214.25,215.5));
#5992 = CARTESIAN_POINT('',(214.25,217.66506350946));
#5993 = CARTESIAN_POINT('',(216.125,216.58253175473));
#5994 = CARTESIAN_POINT('',(218.,215.5));
#5995 = CARTESIAN_POINT('',(216.125,214.41746824526));
#5996 = CARTESIAN_POINT('',(214.25,213.33493649053));
#5997 = CARTESIAN_POINT('',(214.25,215.5));
#5998 = ( GEOMETRIC_REPRESENTATION_CONTEXT(2) 
PARAMETRIC_REPRESENTATION_CONTEXT() REPRESENTATION_CONTEXT('2D SPACE',''
  ) );
#5999 = PCURVE('',#1446,#6000);
#6000 = DEFINITIONAL_REPRESENTATION('',(#6001),#6005);
#6001 = LINE('',#6002,#6003);
#6002 = CARTESIAN_POINT('',(0.,3.));
#6003 = VECTOR('',#6004,1.);
#6004 = DIRECTION('',(1.,0.));
#6005 = ( GEOMETRIC_REPRESENTATION_CONTEXT(2) 
PARAMETRIC_REPRESENTATION_CONTEXT() REPRESENTATION_CONTEXT('2D SPACE',''
  ) );
#6006 = FACE_BOUND('',#6007,.F.);
#6007 = EDGE_LOOP('',(#6008));
#6008 = ORIENTED_EDGE('',*,*,#6009,.T.);
#6009 = EDGE_CURVE('',#6010,#6010,#6012,.T.);
#6010 = VERTEX_POINT('',#6011);
#6011 = CARTESIAN_POINT('',(203.25,4.5,0.));
#6012 = SURFACE_CURVE('',#6013,(#6018,#6029),.PCURVE_S1.);
#6013 = CIRCLE('',#6014,1.25);
#6014 = AXIS2_PLACEMENT_3D('',#6015,#6016,#6017);
#6015 = CARTESIAN_POINT('',(204.5,4.5,0.));
#6016 = DIRECTION('',(0.,0.,-1.));
#6017 = DIRECTION('',(-1.,0.,0.));
#6018 = PCURVE('',#100,#6019);
#6019 = DEFINITIONAL_REPRESENTATION('',(#6020),#6028);
#6020 = ( BOUNDED_CURVE() B_SPLINE_CURVE(2,(#6021,#6022,#6023,#6024,
#6025,#6026,#6027),.UNSPECIFIED.,.T.,.F.) B_SPLINE_CURVE_WITH_KNOTS((1,2
    ,2,2,2,1),(-2.094395102393,0.,2.094395102393,4.188790204786,
6.28318530718,8.377580409573),.UNSPECIFIED.) CURVE() 
GEOMETRIC_REPRESENTATION_ITEM() RATIONAL_B_SPLINE_CURVE((1.,0.5,1.,0.5,
1.,0.5,1.)) REPRESENTATION_ITEM('') );
#6021 = CARTESIAN_POINT('',(223.25,24.5));
#6022 = CARTESIAN_POINT('',(223.25,26.665063509461));
#6023 = CARTESIAN_POINT('',(225.125,25.582531754731));
#6024 = CARTESIAN_POINT('',(227.,24.5));
#6025 = CARTESIAN_POINT('',(225.125,23.417468245269));
#6026 = CARTESIAN_POINT('',(223.25,22.334936490539));
#6027 = CARTESIAN_POINT('',(223.25,24.5));
#6028 = ( GEOMETRIC_REPRESENTATION_CONTEXT(2) 
PARAMETRIC_REPRESENTATION_CONTEXT() REPRESENTATION_CONTEXT('2D SPACE',''
  ) );
#6029 = PCURVE('',#1481,#6030);
#6030 = DEFINITIONAL_REPRESENTATION('',(#6031),#6035);
#6031 = LINE('',#6032,#6033);
#6032 = CARTESIAN_POINT('',(0.,3.));
#6033 = VECTOR('',#6034,1.);
#6034 = DIRECTION('',(1.,0.));
#6035 = ( GEOMETRIC_REPRESENTATION_CONTEXT(2) 
PARAMETRIC_REPRESENTATION_CONTEXT() REPRESENTATION_CONTEXT('2D SPACE',''
  ) );
#6036 = FACE_BOUND('',#6037,.F.);
#6037 = EDGE_LOOP('',(#6038));
#6038 = ORIENTED_EDGE('',*,*,#6039,.T.);
#6039 = EDGE_CURVE('',#6040,#6040,#6042,.T.);
#6040 = VERTEX_POINT('',#6041);
#6041 = CARTESIAN_POINT('',(244.25,45.5,0.));
#6042 = SURFACE_CURVE('',#6043,(#6048,#6059),.PCURVE_S1.);
#6043 = CIRCLE('',#6044,1.25);
#6044 = AXIS2_PLACEMENT_3D('',#6045,#6046,#6047);
#6045 = CARTESIAN_POINT('',(245.5,45.5,0.));
#6046 = DIRECTION('',(0.,0.,-1.));
#6047 = DIRECTION('',(-1.,0.,0.));
#6048 = PCURVE('',#100,#6049);
#6049 = DEFINITIONAL_REPRESENTATION('',(#6050),#6058);
#6050 = ( BOUNDED_CURVE() B_SPLINE_CURVE(2,(#6051,#6052,#6053,#6054,
#6055,#6056,#6057),.UNSPECIFIED.,.T.,.F.) B_SPLINE_CURVE_WITH_KNOTS((1,2
    ,2,2,2,1),(-2.094395102393,0.,2.094395102393,4.188790204786,
6.28318530718,8.377580409573),.UNSPECIFIED.) CURVE() 
GEOMETRIC_REPRESENTATION_ITEM() RATIONAL_B_SPLINE_CURVE((1.,0.5,1.,0.5,
1.,0.5,1.)) REPRESENTATION_ITEM('') );
#6051 = CARTESIAN_POINT('',(264.25,65.5));
#6052 = CARTESIAN_POINT('',(264.25,67.665063509461));
#6053 = CARTESIAN_POINT('',(266.125,66.582531754731));
#6054 = CARTESIAN_POINT('',(268.,65.5));
#6055 = CARTESIAN_POINT('',(266.125,64.417468245269));
#6056 = CARTESIAN_POINT('',(264.25,63.334936490539));
#6057 = CARTESIAN_POINT('',(264.25,65.5));
#6058 = ( GEOMETRIC_REPRESENTATION_CONTEXT(2) 
PARAMETRIC_REPRESENTATION_CONTEXT() REPRESENTATION_CONTEXT('2D SPACE',''
  ) );
#6059 = PCURVE('',#1516,#6060);
#6060 = DEFINITIONAL_REPRESENTATION('',(#6061),#6065);
#6061 = LINE('',#6062,#6063);
#6062 = CARTESIAN_POINT('',(0.,3.));
#6063 = VECTOR('',#6064,1.);
#6064 = DIRECTION('',(1.,0.));
#6065 = ( GEOMETRIC_REPRESENTATION_CONTEXT(2) 
PARAMETRIC_REPRESENTATION_CONTEXT() REPRESENTATION_CONTEXT('2D SPACE',''
  ) );
#6066 = FACE_BOUND('',#6067,.F.);
#6067 = EDGE_LOOP('',(#6068));
#6068 = ORIENTED_EDGE('',*,*,#6069,.T.);
#6069 = EDGE_CURVE('',#6070,#6070,#6072,.T.);
#6070 = VERTEX_POINT('',#6071);
#6071 = CARTESIAN_POINT('',(253.25,4.5,0.));
#6072 = SURFACE_CURVE('',#6073,(#6078,#6089),.PCURVE_S1.);
#6073 = CIRCLE('',#6074,1.25);
#6074 = AXIS2_PLACEMENT_3D('',#6075,#6076,#6077);
#6075 = CARTESIAN_POINT('',(254.5,4.5,0.));
#6076 = DIRECTION('',(0.,0.,-1.));
#6077 = DIRECTION('',(-1.,0.,0.));
#6078 = PCURVE('',#100,#6079);
#6079 = DEFINITIONAL_REPRESENTATION('',(#6080),#6088);
#6080 = ( BOUNDED_CURVE() B_SPLINE_CURVE(2,(#6081,#6082,#6083,#6084,
#6085,#6086,#6087),.UNSPECIFIED.,.T.,.F.) B_SPLINE_CURVE_WITH_KNOTS((1,2
    ,2,2,2,1),(-2.094395102393,0.,2.094395102393,4.188790204786,
6.28318530718,8.377580409573),.UNSPECIFIED.) CURVE() 
GEOMETRIC_REPRESENTATION_ITEM() RATIONAL_B_SPLINE_CURVE((1.,0.5,1.,0.5,
1.,0.5,1.)) REPRESENTATION_ITEM('') );
#6081 = CARTESIAN_POINT('',(273.25,24.5));
#6082 = CARTESIAN_POINT('',(273.25,26.665063509461));
#6083 = CARTESIAN_POINT('',(275.125,25.582531754731));
#6084 = CARTESIAN_POINT('',(277.,24.5));
#6085 = CARTESIAN_POINT('',(275.125,23.417468245269));
#6086 = CARTESIAN_POINT('',(273.25,22.334936490539));
#6087 = CARTESIAN_POINT('',(273.25,24.5));
#6088 = ( GEOMETRIC_REPRESENTATION_CONTEXT(2) 
PARAMETRIC_REPRESENTATION_CONTEXT() REPRESENTATION_CONTEXT('2D SPACE',''
  ) );
#6089 = PCURVE('',#1551,#6090);
#6090 = DEFINITIONAL_REPRESENTATION('',(#6091),#6095);
#6091 = LINE('',#6092,#6093);
#6092 = CARTESIAN_POINT('',(0.,3.));
#6093 = VECTOR('',#6094,1.);
#6094 = DIRECTION('',(1.,0.));
#6095 = ( GEOMETRIC_REPRESENTATION_CONTEXT(2) 
PARAMETRIC_REPRESENTATION_CONTEXT() REPRESENTATION_CONTEXT('2D SPACE',''
  ) );
#6096 = FACE_BOUND('',#6097,.F.);
#6097 = EDGE_LOOP('',(#6098));
#6098 = ORIENTED_EDGE('',*,*,#6099,.T.);
#6099 = EDGE_CURVE('',#6100,#6100,#6102,.T.);
#6100 = VERTEX_POINT('',#6101);
#6101 = CARTESIAN_POINT('',(294.25,45.5,0.));
#6102 = SURFACE_CURVE('',#6103,(#6108,#6119),.PCURVE_S1.);
#6103 = CIRCLE('',#6104,1.25);
#6104 = AXIS2_PLACEMENT_3D('',#6105,#6106,#6107);
#6105 = CARTESIAN_POINT('',(295.5,45.5,0.));
#6106 = DIRECTION('',(0.,0.,-1.));
#6107 = DIRECTION('',(-1.,0.,0.));
#6108 = PCURVE('',#100,#6109);
#6109 = DEFINITIONAL_REPRESENTATION('',(#6110),#6118);
#6110 = ( BOUNDED_CURVE() B_SPLINE_CURVE(2,(#6111,#6112,#6113,#6114,
#6115,#6116,#6117),.UNSPECIFIED.,.T.,.F.) B_SPLINE_CURVE_WITH_KNOTS((1,2
    ,2,2,2,1),(-2.094395102393,0.,2.094395102393,4.188790204786,
6.28318530718,8.377580409573),.UNSPECIFIED.) CURVE() 
GEOMETRIC_REPRESENTATION_ITEM() RATIONAL_B_SPLINE_CURVE((1.,0.5,1.,0.5,
1.,0.5,1.)) REPRESENTATION_ITEM('') );
#6111 = CARTESIAN_POINT('',(314.25,65.5));
#6112 = CARTESIAN_POINT('',(314.25,67.665063509461));
#6113 = CARTESIAN_POINT('',(316.125,66.582531754731));
#6114 = CARTESIAN_POINT('',(318.,65.5));
#6115 = CARTESIAN_POINT('',(316.125,64.417468245269));
#6116 = CARTESIAN_POINT('',(314.25,63.334936490539));
#6117 = CARTESIAN_POINT('',(314.25,65.5));
#6118 = ( GEOMETRIC_REPRESENTATION_CONTEXT(2) 
PARAMETRIC_REPRESENTATION_CONTEXT() REPRESENTATION_CONTEXT('2D SPACE',''
  ) );
#6119 = PCURVE('',#1586,#6120);
#6120 = DEFINITIONAL_REPRESENTATION('',(#6121),#6125);
#6121 = LINE('',#6122,#6123);
#6122 = CARTESIAN_POINT('',(0.,3.));
#6123 = VECTOR('',#6124,1.);
#6124 = DIRECTION('',(1.,0.));
#6125 = ( GEOMETRIC_REPRESENTATION_CONTEXT(2) 
PARAMETRIC_REPRESENTATION_CONTEXT() REPRESENTATION_CONTEXT('2D SPACE',''
  ) );
#6126 = FACE_BOUND('',#6127,.F.);
#6127 = EDGE_LOOP('',(#6128));
#6128 = ORIENTED_EDGE('',*,*,#6129,.T.);
#6129 = EDGE_CURVE('',#6130,#6130,#6132,.T.);
#6130 = VERTEX_POINT('',#6131);
#6131 = CARTESIAN_POINT('',(203.25,54.5,0.));
#6132 = SURFACE_CURVE('',#6133,(#6138,#6149),.PCURVE_S1.);
#6133 = CIRCLE('',#6134,1.25);
#6134 = AXIS2_PLACEMENT_3D('',#6135,#6136,#6137);
#6135 = CARTESIAN_POINT('',(204.5,54.5,0.));
#6136 = DIRECTION('',(0.,0.,-1.));
#6137 = DIRECTION('',(-1.,0.,0.));
#6138 = PCURVE('',#100,#6139);
#6139 = DEFINITIONAL_REPRESENTATION('',(#6140),#6148);
#6140 = ( BOUNDED_CURVE() B_SPLINE_CURVE(2,(#6141,#6142,#6143,#6144,
#6145,#6146,#6147),.UNSPECIFIED.,.T.,.F.) B_SPLINE_CURVE_WITH_KNOTS((1,2
    ,2,2,2,1),(-2.094395102393,0.,2.094395102393,4.188790204786,
6.28318530718,8.377580409573),.UNSPECIFIED.) CURVE() 
GEOMETRIC_REPRESENTATION_ITEM() RATIONAL_B_SPLINE_CURVE((1.,0.5,1.,0.5,
1.,0.5,1.)) REPRESENTATION_ITEM('') );
#6141 = CARTESIAN_POINT('',(223.25,74.5));
#6142 = CARTESIAN_POINT('',(223.25,76.665063509461));
#6143 = CARTESIAN_POINT('',(225.125,75.582531754731));
#6144 = CARTESIAN_POINT('',(227.,74.5));
#6145 = CARTESIAN_POINT('',(225.125,73.417468245269));
#6146 = CARTESIAN_POINT('',(223.25,72.334936490539));
#6147 = CARTESIAN_POINT('',(223.25,74.5));
#6148 = ( GEOMETRIC_REPRESENTATION_CONTEXT(2) 
PARAMETRIC_REPRESENTATION_CONTEXT() REPRESENTATION_CONTEXT('2D SPACE',''
  ) );
#6149 = PCURVE('',#1621,#6150);
#6150 = DEFINITIONAL_REPRESENTATION('',(#6151),#6155);
#6151 = LINE('',#6152,#6153);
#6152 = CARTESIAN_POINT('',(0.,3.));
#6153 = VECTOR('',#6154,1.);
#6154 = DIRECTION('',(1.,0.));
#6155 = ( GEOMETRIC_REPRESENTATION_CONTEXT(2) 
PARAMETRIC_REPRESENTATION_CONTEXT() REPRESENTATION_CONTEXT('2D SPACE',''
  ) );
#6156 = FACE_BOUND('',#6157,.F.);
#6157 = EDGE_LOOP('',(#6158));
#6158 = ORIENTED_EDGE('',*,*,#6159,.T.);
#6159 = EDGE_CURVE('',#6160,#6160,#6162,.T.);
#6160 = VERTEX_POINT('',#6161);
#6161 = CARTESIAN_POINT('',(244.25,95.5,0.));
#6162 = SURFACE_CURVE('',#6163,(#6168,#6179),.PCURVE_S1.);
#6163 = CIRCLE('',#6164,1.25);
#6164 = AXIS2_PLACEMENT_3D('',#6165,#6166,#6167);
#6165 = CARTESIAN_POINT('',(245.5,95.5,0.));
#6166 = DIRECTION('',(0.,0.,-1.));
#6167 = DIRECTION('',(-1.,0.,0.));
#6168 = PCURVE('',#100,#6169);
#6169 = DEFINITIONAL_REPRESENTATION('',(#6170),#6178);
#6170 = ( BOUNDED_CURVE() B_SPLINE_CURVE(2,(#6171,#6172,#6173,#6174,
#6175,#6176,#6177),.UNSPECIFIED.,.T.,.F.) B_SPLINE_CURVE_WITH_KNOTS((1,2
    ,2,2,2,1),(-2.094395102393,0.,2.094395102393,4.188790204786,
6.28318530718,8.377580409573),.UNSPECIFIED.) CURVE() 
GEOMETRIC_REPRESENTATION_ITEM() RATIONAL_B_SPLINE_CURVE((1.,0.5,1.,0.5,
1.,0.5,1.)) REPRESENTATION_ITEM('') );
#6171 = CARTESIAN_POINT('',(264.25,115.5));
#6172 = CARTESIAN_POINT('',(264.25,117.66506350946));
#6173 = CARTESIAN_POINT('',(266.125,116.58253175473));
#6174 = CARTESIAN_POINT('',(268.,115.5));
#6175 = CARTESIAN_POINT('',(266.125,114.41746824526));
#6176 = CARTESIAN_POINT('',(264.25,113.33493649053));
#6177 = CARTESIAN_POINT('',(264.25,115.5));
#6178 = ( GEOMETRIC_REPRESENTATION_CONTEXT(2) 
PARAMETRIC_REPRESENTATION_CONTEXT() REPRESENTATION_CONTEXT('2D SPACE',''
  ) );
#6179 = PCURVE('',#1656,#6180);
#6180 = DEFINITIONAL_REPRESENTATION('',(#6181),#6185);
#6181 = LINE('',#6182,#6183);
#6182 = CARTESIAN_POINT('',(0.,3.));
#6183 = VECTOR('',#6184,1.);
#6184 = DIRECTION('',(1.,0.));
#6185 = ( GEOMETRIC_REPRESENTATION_CONTEXT(2) 
PARAMETRIC_REPRESENTATION_CONTEXT() REPRESENTATION_CONTEXT('2D SPACE',''
  ) );
#6186 = FACE_BOUND('',#6187,.F.);
#6187 = EDGE_LOOP('',(#6188));
#6188 = ORIENTED_EDGE('',*,*,#6189,.T.);
#6189 = EDGE_CURVE('',#6190,#6190,#6192,.T.);
#6190 = VERTEX_POINT('',#6191);
#6191 = CARTESIAN_POINT('',(253.25,54.5,0.));
#6192 = SURFACE_CURVE('',#6193,(#6198,#6209),.PCURVE_S1.);
#6193 = CIRCLE('',#6194,1.25);
#6194 = AXIS2_PLACEMENT_3D('',#6195,#6196,#6197);
#6195 = CARTESIAN_POINT('',(254.5,54.5,0.));
#6196 = DIRECTION('',(0.,0.,-1.));
#6197 = DIRECTION('',(-1.,0.,0.));
#6198 = PCURVE('',#100,#6199);
#6199 = DEFINITIONAL_REPRESENTATION('',(#6200),#6208);
#6200 = ( BOUNDED_CURVE() B_SPLINE_CURVE(2,(#6201,#6202,#6203,#6204,
#6205,#6206,#6207),.UNSPECIFIED.,.T.,.F.) B_SPLINE_CURVE_WITH_KNOTS((1,2
    ,2,2,2,1),(-2.094395102393,0.,2.094395102393,4.188790204786,
6.28318530718,8.377580409573),.UNSPECIFIED.) CURVE() 
GEOMETRIC_REPRESENTATION_ITEM() RATIONAL_B_SPLINE_CURVE((1.,0.5,1.,0.5,
1.,0.5,1.)) REPRESENTATION_ITEM('') );
#6201 = CARTESIAN_POINT('',(273.25,74.5));
#6202 = CARTESIAN_POINT('',(273.25,76.665063509461));
#6203 = CARTESIAN_POINT('',(275.125,75.582531754731));
#6204 = CARTESIAN_POINT('',(277.,74.5));
#6205 = CARTESIAN_POINT('',(275.125,73.417468245269));
#6206 = CARTESIAN_POINT('',(273.25,72.334936490539));
#6207 = CARTESIAN_POINT('',(273.25,74.5));
#6208 = ( GEOMETRIC_REPRESENTATION_CONTEXT(2) 
PARAMETRIC_REPRESENTATION_CONTEXT() REPRESENTATION_CONTEXT('2D SPACE',''
  ) );
#6209 = PCURVE('',#1691,#6210);
#6210 = DEFINITIONAL_REPRESENTATION('',(#6211),#6215);
#6211 = LINE('',#6212,#6213);
#6212 = CARTESIAN_POINT('',(0.,3.));
#6213 = VECTOR('',#6214,1.);
#6214 = DIRECTION('',(1.,0.));
#6215 = ( GEOMETRIC_REPRESENTATION_CONTEXT(2) 
PARAMETRIC_REPRESENTATION_CONTEXT() REPRESENTATION_CONTEXT('2D SPACE',''
  ) );
#6216 = FACE_BOUND('',#6217,.F.);
#6217 = EDGE_LOOP('',(#6218));
#6218 = ORIENTED_EDGE('',*,*,#6219,.T.);
#6219 = EDGE_CURVE('',#6220,#6220,#6222,.T.);
#6220 = VERTEX_POINT('',#6221);
#6221 = CARTESIAN_POINT('',(294.25,95.5,0.));
#6222 = SURFACE_CURVE('',#6223,(#6228,#6239),.PCURVE_S1.);
#6223 = CIRCLE('',#6224,1.25);
#6224 = AXIS2_PLACEMENT_3D('',#6225,#6226,#6227);
#6225 = CARTESIAN_POINT('',(295.5,95.5,0.));
#6226 = DIRECTION('',(0.,0.,-1.));
#6227 = DIRECTION('',(-1.,0.,0.));
#6228 = PCURVE('',#100,#6229);
#6229 = DEFINITIONAL_REPRESENTATION('',(#6230),#6238);
#6230 = ( BOUNDED_CURVE() B_SPLINE_CURVE(2,(#6231,#6232,#6233,#6234,
#6235,#6236,#6237),.UNSPECIFIED.,.T.,.F.) B_SPLINE_CURVE_WITH_KNOTS((1,2
    ,2,2,2,1),(-2.094395102393,0.,2.094395102393,4.188790204786,
6.28318530718,8.377580409573),.UNSPECIFIED.) CURVE() 
GEOMETRIC_REPRESENTATION_ITEM() RATIONAL_B_SPLINE_CURVE((1.,0.5,1.,0.5,
1.,0.5,1.)) REPRESENTATION_ITEM('') );
#6231 = CARTESIAN_POINT('',(314.25,115.5));
#6232 = CARTESIAN_POINT('',(314.25,117.66506350946));
#6233 = CARTESIAN_POINT('',(316.125,116.58253175473));
#6234 = CARTESIAN_POINT('',(318.,115.5));
#6235 = CARTESIAN_POINT('',(316.125,114.41746824526));
#6236 = CARTESIAN_POINT('',(314.25,113.33493649053));
#6237 = CARTESIAN_POINT('',(314.25,115.5));
#6238 = ( GEOMETRIC_REPRESENTATION_CONTEXT(2) 
PARAMETRIC_REPRESENTATION_CONTEXT() REPRESENTATION_CONTEXT('2D SPACE',''
  ) );
#6239 = PCURVE('',#1726,#6240);
#6240 = DEFINITIONAL_REPRESENTATION('',(#6241),#6245);
#6241 = LINE('',#6242,#6243);
#6242 = CARTESIAN_POINT('',(0.,3.));
#6243 = VECTOR('',#6244,1.);
#6244 = DIRECTION('',(1.,0.));
#6245 = ( GEOMETRIC_REPRESENTATION_CONTEXT(2) 
PARAMETRIC_REPRESENTATION_CONTEXT() REPRESENTATION_CONTEXT('2D SPACE',''
  ) );
#6246 = FACE_BOUND('',#6247,.F.);
#6247 = EDGE_LOOP('',(#6248));
#6248 = ORIENTED_EDGE('',*,*,#6249,.T.);
#6249 = EDGE_CURVE('',#6250,#6250,#6252,.T.);
#6250 = VERTEX_POINT('',#6251);
#6251 = CARTESIAN_POINT('',(303.25,4.5,0.));
#6252 = SURFACE_CURVE('',#6253,(#6258,#6269),.PCURVE_S1.);
#6253 = CIRCLE('',#6254,1.25);
#6254 = AXIS2_PLACEMENT_3D('',#6255,#6256,#6257);
#6255 = CARTESIAN_POINT('',(304.5,4.5,0.));
#6256 = DIRECTION('',(0.,0.,-1.));
#6257 = DIRECTION('',(-1.,0.,0.));
#6258 = PCURVE('',#100,#6259);
#6259 = DEFINITIONAL_REPRESENTATION('',(#6260),#6268);
#6260 = ( BOUNDED_CURVE() B_SPLINE_CURVE(2,(#6261,#6262,#6263,#6264,
#6265,#6266,#6267),.UNSPECIFIED.,.T.,.F.) B_SPLINE_CURVE_WITH_KNOTS((1,2
    ,2,2,2,1),(-2.094395102393,0.,2.094395102393,4.188790204786,
6.28318530718,8.377580409573),.UNSPECIFIED.) CURVE() 
GEOMETRIC_REPRESENTATION_ITEM() RATIONAL_B_SPLINE_CURVE((1.,0.5,1.,0.5,
1.,0.5,1.)) REPRESENTATION_ITEM('') );
#6261 = CARTESIAN_POINT('',(323.25,24.5));
#6262 = CARTESIAN_POINT('',(323.25,26.665063509461));
#6263 = CARTESIAN_POINT('',(325.125,25.582531754731));
#6264 = CARTESIAN_POINT('',(327.,24.5));
#6265 = CARTESIAN_POINT('',(325.125,23.417468245269));
#6266 = CARTESIAN_POINT('',(323.25,22.334936490539));
#6267 = CARTESIAN_POINT('',(323.25,24.5));
#6268 = ( GEOMETRIC_REPRESENTATION_CONTEXT(2) 
PARAMETRIC_REPRESENTATION_CONTEXT() REPRESENTATION_CONTEXT('2D SPACE',''
  ) );
#6269 = PCURVE('',#1761,#6270);
#6270 = DEFINITIONAL_REPRESENTATION('',(#6271),#6275);
#6271 = LINE('',#6272,#6273);
#6272 = CARTESIAN_POINT('',(0.,3.));
#6273 = VECTOR('',#6274,1.);
#6274 = DIRECTION('',(1.,0.));
#6275 = ( GEOMETRIC_REPRESENTATION_CONTEXT(2) 
PARAMETRIC_REPRESENTATION_CONTEXT() REPRESENTATION_CONTEXT('2D SPACE',''
  ) );
#6276 = FACE_BOUND('',#6277,.F.);
#6277 = EDGE_LOOP('',(#6278));
#6278 = ORIENTED_EDGE('',*,*,#6279,.T.);
#6279 = EDGE_CURVE('',#6280,#6280,#6282,.T.);
#6280 = VERTEX_POINT('',#6281);
#6281 = CARTESIAN_POINT('',(344.25,45.5,0.));
#6282 = SURFACE_CURVE('',#6283,(#6288,#6299),.PCURVE_S1.);
#6283 = CIRCLE('',#6284,1.25);
#6284 = AXIS2_PLACEMENT_3D('',#6285,#6286,#6287);
#6285 = CARTESIAN_POINT('',(345.5,45.5,0.));
#6286 = DIRECTION('',(0.,0.,-1.));
#6287 = DIRECTION('',(-1.,0.,0.));
#6288 = PCURVE('',#100,#6289);
#6289 = DEFINITIONAL_REPRESENTATION('',(#6290),#6298);
#6290 = ( BOUNDED_CURVE() B_SPLINE_CURVE(2,(#6291,#6292,#6293,#6294,
#6295,#6296,#6297),.UNSPECIFIED.,.T.,.F.) B_SPLINE_CURVE_WITH_KNOTS((1,2
    ,2,2,2,1),(-2.094395102393,0.,2.094395102393,4.188790204786,
6.28318530718,8.377580409573),.UNSPECIFIED.) CURVE() 
GEOMETRIC_REPRESENTATION_ITEM() RATIONAL_B_SPLINE_CURVE((1.,0.5,1.,0.5,
1.,0.5,1.)) REPRESENTATION_ITEM('') );
#6291 = CARTESIAN_POINT('',(364.25,65.5));
#6292 = CARTESIAN_POINT('',(364.25,67.665063509461));
#6293 = CARTESIAN_POINT('',(366.125,66.582531754731));
#6294 = CARTESIAN_POINT('',(368.,65.5));
#6295 = CARTESIAN_POINT('',(366.125,64.417468245269));
#6296 = CARTESIAN_POINT('',(364.25,63.334936490539));
#6297 = CARTESIAN_POINT('',(364.25,65.5));
#6298 = ( GEOMETRIC_REPRESENTATION_CONTEXT(2) 
PARAMETRIC_REPRESENTATION_CONTEXT() REPRESENTATION_CONTEXT('2D SPACE',''
  ) );
#6299 = PCURVE('',#1796,#6300);
#6300 = DEFINITIONAL_REPRESENTATION('',(#6301),#6305);
#6301 = LINE('',#6302,#6303);
#6302 = CARTESIAN_POINT('',(0.,3.));
#6303 = VECTOR('',#6304,1.);
#6304 = DIRECTION('',(1.,0.));
#6305 = ( GEOMETRIC_REPRESENTATION_CONTEXT(2) 
PARAMETRIC_REPRESENTATION_CONTEXT() REPRESENTATION_CONTEXT('2D SPACE',''
  ) );
#6306 = FACE_BOUND('',#6307,.F.);
#6307 = EDGE_LOOP('',(#6308));
#6308 = ORIENTED_EDGE('',*,*,#6309,.T.);
#6309 = EDGE_CURVE('',#6310,#6310,#6312,.T.);
#6310 = VERTEX_POINT('',#6311);
#6311 = CARTESIAN_POINT('',(353.25,4.5,0.));
#6312 = SURFACE_CURVE('',#6313,(#6318,#6329),.PCURVE_S1.);
#6313 = CIRCLE('',#6314,1.25);
#6314 = AXIS2_PLACEMENT_3D('',#6315,#6316,#6317);
#6315 = CARTESIAN_POINT('',(354.5,4.5,0.));
#6316 = DIRECTION('',(0.,0.,-1.));
#6317 = DIRECTION('',(-1.,0.,0.));
#6318 = PCURVE('',#100,#6319);
#6319 = DEFINITIONAL_REPRESENTATION('',(#6320),#6328);
#6320 = ( BOUNDED_CURVE() B_SPLINE_CURVE(2,(#6321,#6322,#6323,#6324,
#6325,#6326,#6327),.UNSPECIFIED.,.T.,.F.) B_SPLINE_CURVE_WITH_KNOTS((1,2
    ,2,2,2,1),(-2.094395102393,0.,2.094395102393,4.188790204786,
6.28318530718,8.377580409573),.UNSPECIFIED.) CURVE() 
GEOMETRIC_REPRESENTATION_ITEM() RATIONAL_B_SPLINE_CURVE((1.,0.5,1.,0.5,
1.,0.5,1.)) REPRESENTATION_ITEM('') );
#6321 = CARTESIAN_POINT('',(373.25,24.5));
#6322 = CARTESIAN_POINT('',(373.25,26.665063509461));
#6323 = CARTESIAN_POINT('',(375.125,25.582531754731));
#6324 = CARTESIAN_POINT('',(377.,24.5));
#6325 = CARTESIAN_POINT('',(375.125,23.417468245269));
#6326 = CARTESIAN_POINT('',(373.25,22.334936490539));
#6327 = CARTESIAN_POINT('',(373.25,24.5));
#6328 = ( GEOMETRIC_REPRESENTATION_CONTEXT(2) 
PARAMETRIC_REPRESENTATION_CONTEXT() REPRESENTATION_CONTEXT('2D SPACE',''
  ) );
#6329 = PCURVE('',#1831,#6330);
#6330 = DEFINITIONAL_REPRESENTATION('',(#6331),#6335);
#6331 = LINE('',#6332,#6333);
#6332 = CARTESIAN_POINT('',(0.,3.));
#6333 = VECTOR('',#6334,1.);
#6334 = DIRECTION('',(1.,0.));
#6335 = ( GEOMETRIC_REPRESENTATION_CONTEXT(2) 
PARAMETRIC_REPRESENTATION_CONTEXT() REPRESENTATION_CONTEXT('2D SPACE',''
  ) );
#6336 = FACE_BOUND('',#6337,.F.);
#6337 = EDGE_LOOP('',(#6338));
#6338 = ORIENTED_EDGE('',*,*,#6339,.T.);
#6339 = EDGE_CURVE('',#6340,#6340,#6342,.T.);
#6340 = VERTEX_POINT('',#6341);
#6341 = CARTESIAN_POINT('',(394.25,45.5,0.));
#6342 = SURFACE_CURVE('',#6343,(#6348,#6359),.PCURVE_S1.);
#6343 = CIRCLE('',#6344,1.25);
#6344 = AXIS2_PLACEMENT_3D('',#6345,#6346,#6347);
#6345 = CARTESIAN_POINT('',(395.5,45.5,0.));
#6346 = DIRECTION('',(0.,0.,-1.));
#6347 = DIRECTION('',(-1.,0.,0.));
#6348 = PCURVE('',#100,#6349);
#6349 = DEFINITIONAL_REPRESENTATION('',(#6350),#6358);
#6350 = ( BOUNDED_CURVE() B_SPLINE_CURVE(2,(#6351,#6352,#6353,#6354,
#6355,#6356,#6357),.UNSPECIFIED.,.T.,.F.) B_SPLINE_CURVE_WITH_KNOTS((1,2
    ,2,2,2,1),(-2.094395102393,0.,2.094395102393,4.188790204786,
6.28318530718,8.377580409573),.UNSPECIFIED.) CURVE() 
GEOMETRIC_REPRESENTATION_ITEM() RATIONAL_B_SPLINE_CURVE((1.,0.5,1.,0.5,
1.,0.5,1.)) REPRESENTATION_ITEM('') );
#6351 = CARTESIAN_POINT('',(414.25,65.5));
#6352 = CARTESIAN_POINT('',(414.25,67.665063509461));
#6353 = CARTESIAN_POINT('',(416.125,66.582531754731));
#6354 = CARTESIAN_POINT('',(418.,65.5));
#6355 = CARTESIAN_POINT('',(416.125,64.417468245269));
#6356 = CARTESIAN_POINT('',(414.25,63.334936490539));
#6357 = CARTESIAN_POINT('',(414.25,65.5));
#6358 = ( GEOMETRIC_REPRESENTATION_CONTEXT(2) 
PARAMETRIC_REPRESENTATION_CONTEXT() REPRESENTATION_CONTEXT('2D SPACE',''
  ) );
#6359 = PCURVE('',#1866,#6360);
#6360 = DEFINITIONAL_REPRESENTATION('',(#6361),#6365);
#6361 = LINE('',#6362,#6363);
#6362 = CARTESIAN_POINT('',(0.,3.));
#6363 = VECTOR('',#6364,1.);
#6364 = DIRECTION('',(1.,0.));
#6365 = ( GEOMETRIC_REPRESENTATION_CONTEXT(2) 
PARAMETRIC_REPRESENTATION_CONTEXT() REPRESENTATION_CONTEXT('2D SPACE',''
  ) );
#6366 = FACE_BOUND('',#6367,.F.);
#6367 = EDGE_LOOP('',(#6368));
#6368 = ORIENTED_EDGE('',*,*,#6369,.T.);
#6369 = EDGE_CURVE('',#6370,#6370,#6372,.T.);
#6370 = VERTEX_POINT('',#6371);
#6371 = CARTESIAN_POINT('',(303.25,54.5,0.));
#6372 = SURFACE_CURVE('',#6373,(#6378,#6389),.PCURVE_S1.);
#6373 = CIRCLE('',#6374,1.25);
#6374 = AXIS2_PLACEMENT_3D('',#6375,#6376,#6377);
#6375 = CARTESIAN_POINT('',(304.5,54.5,0.));
#6376 = DIRECTION('',(0.,0.,-1.));
#6377 = DIRECTION('',(-1.,0.,0.));
#6378 = PCURVE('',#100,#6379);
#6379 = DEFINITIONAL_REPRESENTATION('',(#6380),#6388);
#6380 = ( BOUNDED_CURVE() B_SPLINE_CURVE(2,(#6381,#6382,#6383,#6384,
#6385,#6386,#6387),.UNSPECIFIED.,.T.,.F.) B_SPLINE_CURVE_WITH_KNOTS((1,2
    ,2,2,2,1),(-2.094395102393,0.,2.094395102393,4.188790204786,
6.28318530718,8.377580409573),.UNSPECIFIED.) CURVE() 
GEOMETRIC_REPRESENTATION_ITEM() RATIONAL_B_SPLINE_CURVE((1.,0.5,1.,0.5,
1.,0.5,1.)) REPRESENTATION_ITEM('') );
#6381 = CARTESIAN_POINT('',(323.25,74.5));
#6382 = CARTESIAN_POINT('',(323.25,76.665063509461));
#6383 = CARTESIAN_POINT('',(325.125,75.582531754731));
#6384 = CARTESIAN_POINT('',(327.,74.5));
#6385 = CARTESIAN_POINT('',(325.125,73.417468245269));
#6386 = CARTESIAN_POINT('',(323.25,72.334936490539));
#6387 = CARTESIAN_POINT('',(323.25,74.5));
#6388 = ( GEOMETRIC_REPRESENTATION_CONTEXT(2) 
PARAMETRIC_REPRESENTATION_CONTEXT() REPRESENTATION_CONTEXT('2D SPACE',''
  ) );
#6389 = PCURVE('',#1901,#6390);
#6390 = DEFINITIONAL_REPRESENTATION('',(#6391),#6395);
#6391 = LINE('',#6392,#6393);
#6392 = CARTESIAN_POINT('',(0.,3.));
#6393 = VECTOR('',#6394,1.);
#6394 = DIRECTION('',(1.,0.));
#6395 = ( GEOMETRIC_REPRESENTATION_CONTEXT(2) 
PARAMETRIC_REPRESENTATION_CONTEXT() REPRESENTATION_CONTEXT('2D SPACE',''
  ) );
#6396 = FACE_BOUND('',#6397,.F.);
#6397 = EDGE_LOOP('',(#6398));
#6398 = ORIENTED_EDGE('',*,*,#6399,.T.);
#6399 = EDGE_CURVE('',#6400,#6400,#6402,.T.);
#6400 = VERTEX_POINT('',#6401);
#6401 = CARTESIAN_POINT('',(344.25,95.5,0.));
#6402 = SURFACE_CURVE('',#6403,(#6408,#6419),.PCURVE_S1.);
#6403 = CIRCLE('',#6404,1.25);
#6404 = AXIS2_PLACEMENT_3D('',#6405,#6406,#6407);
#6405 = CARTESIAN_POINT('',(345.5,95.5,0.));
#6406 = DIRECTION('',(0.,0.,-1.));
#6407 = DIRECTION('',(-1.,0.,0.));
#6408 = PCURVE('',#100,#6409);
#6409 = DEFINITIONAL_REPRESENTATION('',(#6410),#6418);
#6410 = ( BOUNDED_CURVE() B_SPLINE_CURVE(2,(#6411,#6412,#6413,#6414,
#6415,#6416,#6417),.UNSPECIFIED.,.T.,.F.) B_SPLINE_CURVE_WITH_KNOTS((1,2
    ,2,2,2,1),(-2.094395102393,0.,2.094395102393,4.188790204786,
6.28318530718,8.377580409573),.UNSPECIFIED.) CURVE() 
GEOMETRIC_REPRESENTATION_ITEM() RATIONAL_B_SPLINE_CURVE((1.,0.5,1.,0.5,
1.,0.5,1.)) REPRESENTATION_ITEM('') );
#6411 = CARTESIAN_POINT('',(364.25,115.5));
#6412 = CARTESIAN_POINT('',(364.25,117.66506350946));
#6413 = CARTESIAN_POINT('',(366.125,116.58253175473));
#6414 = CARTESIAN_POINT('',(368.,115.5));
#6415 = CARTESIAN_POINT('',(366.125,114.41746824526));
#6416 = CARTESIAN_POINT('',(364.25,113.33493649053));
#6417 = CARTESIAN_POINT('',(364.25,115.5));
#6418 = ( GEOMETRIC_REPRESENTATION_CONTEXT(2) 
PARAMETRIC_REPRESENTATION_CONTEXT() REPRESENTATION_CONTEXT('2D SPACE',''
  ) );
#6419 = PCURVE('',#1936,#6420);
#6420 = DEFINITIONAL_REPRESENTATION('',(#6421),#6425);
#6421 = LINE('',#6422,#6423);
#6422 = CARTESIAN_POINT('',(0.,3.));
#6423 = VECTOR('',#6424,1.);
#6424 = DIRECTION('',(1.,0.));
#6425 = ( GEOMETRIC_REPRESENTATION_CONTEXT(2) 
PARAMETRIC_REPRESENTATION_CONTEXT() REPRESENTATION_CONTEXT('2D SPACE',''
  ) );
#6426 = FACE_BOUND('',#6427,.F.);
#6427 = EDGE_LOOP('',(#6428));
#6428 = ORIENTED_EDGE('',*,*,#6429,.T.);
#6429 = EDGE_CURVE('',#6430,#6430,#6432,.T.);
#6430 = VERTEX_POINT('',#6431);
#6431 = CARTESIAN_POINT('',(353.25,54.5,0.));
#6432 = SURFACE_CURVE('',#6433,(#6438,#6449),.PCURVE_S1.);
#6433 = CIRCLE('',#6434,1.25);
#6434 = AXIS2_PLACEMENT_3D('',#6435,#6436,#6437);
#6435 = CARTESIAN_POINT('',(354.5,54.5,0.));
#6436 = DIRECTION('',(0.,0.,-1.));
#6437 = DIRECTION('',(-1.,0.,0.));
#6438 = PCURVE('',#100,#6439);
#6439 = DEFINITIONAL_REPRESENTATION('',(#6440),#6448);
#6440 = ( BOUNDED_CURVE() B_SPLINE_CURVE(2,(#6441,#6442,#6443,#6444,
#6445,#6446,#6447),.UNSPECIFIED.,.T.,.F.) B_SPLINE_CURVE_WITH_KNOTS((1,2
    ,2,2,2,1),(-2.094395102393,0.,2.094395102393,4.188790204786,
6.28318530718,8.377580409573),.UNSPECIFIED.) CURVE() 
GEOMETRIC_REPRESENTATION_ITEM() RATIONAL_B_SPLINE_CURVE((1.,0.5,1.,0.5,
1.,0.5,1.)) REPRESENTATION_ITEM('') );
#6441 = CARTESIAN_POINT('',(373.25,74.5));
#6442 = CARTESIAN_POINT('',(373.25,76.665063509461));
#6443 = CARTESIAN_POINT('',(375.125,75.582531754731));
#6444 = CARTESIAN_POINT('',(377.,74.5));
#6445 = CARTESIAN_POINT('',(375.125,73.417468245269));
#6446 = CARTESIAN_POINT('',(373.25,72.334936490539));
#6447 = CARTESIAN_POINT('',(373.25,74.5));
#6448 = ( GEOMETRIC_REPRESENTATION_CONTEXT(2) 
PARAMETRIC_REPRESENTATION_CONTEXT() REPRESENTATION_CONTEXT('2D SPACE',''
  ) );
#6449 = PCURVE('',#1971,#6450);
#6450 = DEFINITIONAL_REPRESENTATION('',(#6451),#6455);
#6451 = LINE('',#6452,#6453);
#6452 = CARTESIAN_POINT('',(0.,3.));
#6453 = VECTOR('',#6454,1.);
#6454 = DIRECTION('',(1.,0.));
#6455 = ( GEOMETRIC_REPRESENTATION_CONTEXT(2) 
PARAMETRIC_REPRESENTATION_CONTEXT() REPRESENTATION_CONTEXT('2D SPACE',''
  ) );
#6456 = FACE_BOUND('',#6457,.F.);
#6457 = EDGE_LOOP('',(#6458));
#6458 = ORIENTED_EDGE('',*,*,#6459,.T.);
#6459 = EDGE_CURVE('',#6460,#6460,#6462,.T.);
#6460 = VERTEX_POINT('',#6461);
#6461 = CARTESIAN_POINT('',(394.25,95.5,0.));
#6462 = SURFACE_CURVE('',#6463,(#6468,#6479),.PCURVE_S1.);
#6463 = CIRCLE('',#6464,1.25);
#6464 = AXIS2_PLACEMENT_3D('',#6465,#6466,#6467);
#6465 = CARTESIAN_POINT('',(395.5,95.5,0.));
#6466 = DIRECTION('',(0.,0.,-1.));
#6467 = DIRECTION('',(-1.,0.,0.));
#6468 = PCURVE('',#100,#6469);
#6469 = DEFINITIONAL_REPRESENTATION('',(#6470),#6478);
#6470 = ( BOUNDED_CURVE() B_SPLINE_CURVE(2,(#6471,#6472,#6473,#6474,
#6475,#6476,#6477),.UNSPECIFIED.,.T.,.F.) B_SPLINE_CURVE_WITH_KNOTS((1,2
    ,2,2,2,1),(-2.094395102393,0.,2.094395102393,4.188790204786,
6.28318530718,8.377580409573),.UNSPECIFIED.) CURVE() 
GEOMETRIC_REPRESENTATION_ITEM() RATIONAL_B_SPLINE_CURVE((1.,0.5,1.,0.5,
1.,0.5,1.)) REPRESENTATION_ITEM('') );
#6471 = CARTESIAN_POINT('',(414.25,115.5));
#6472 = CARTESIAN_POINT('',(414.25,117.66506350946));
#6473 = CARTESIAN_POINT('',(416.125,116.58253175473));
#6474 = CARTESIAN_POINT('',(418.,115.5));
#6475 = CARTESIAN_POINT('',(416.125,114.41746824526));
#6476 = CARTESIAN_POINT('',(414.25,113.33493649053));
#6477 = CARTESIAN_POINT('',(414.25,115.5));
#6478 = ( GEOMETRIC_REPRESENTATION_CONTEXT(2) 
PARAMETRIC_REPRESENTATION_CONTEXT() REPRESENTATION_CONTEXT('2D SPACE',''
  ) );
#6479 = PCURVE('',#2006,#6480);
#6480 = DEFINITIONAL_REPRESENTATION('',(#6481),#6485);
#6481 = LINE('',#6482,#6483);
#6482 = CARTESIAN_POINT('',(0.,3.));
#6483 = VECTOR('',#6484,1.);
#6484 = DIRECTION('',(1.,0.));
#6485 = ( GEOMETRIC_REPRESENTATION_CONTEXT(2) 
PARAMETRIC_REPRESENTATION_CONTEXT() REPRESENTATION_CONTEXT('2D SPACE',''
  ) );
#6486 = FACE_BOUND('',#6487,.F.);
#6487 = EDGE_LOOP('',(#6488));
#6488 = ORIENTED_EDGE('',*,*,#6489,.T.);
#6489 = EDGE_CURVE('',#6490,#6490,#6492,.T.);
#6490 = VERTEX_POINT('',#6491);
#6491 = CARTESIAN_POINT('',(203.25,104.5,0.));
#6492 = SURFACE_CURVE('',#6493,(#6498,#6509),.PCURVE_S1.);
#6493 = CIRCLE('',#6494,1.25);
#6494 = AXIS2_PLACEMENT_3D('',#6495,#6496,#6497);
#6495 = CARTESIAN_POINT('',(204.5,104.5,0.));
#6496 = DIRECTION('',(0.,0.,-1.));
#6497 = DIRECTION('',(-1.,0.,0.));
#6498 = PCURVE('',#100,#6499);
#6499 = DEFINITIONAL_REPRESENTATION('',(#6500),#6508);
#6500 = ( BOUNDED_CURVE() B_SPLINE_CURVE(2,(#6501,#6502,#6503,#6504,
#6505,#6506,#6507),.UNSPECIFIED.,.T.,.F.) B_SPLINE_CURVE_WITH_KNOTS((1,2
    ,2,2,2,1),(-2.094395102393,0.,2.094395102393,4.188790204786,
6.28318530718,8.377580409573),.UNSPECIFIED.) CURVE() 
GEOMETRIC_REPRESENTATION_ITEM() RATIONAL_B_SPLINE_CURVE((1.,0.5,1.,0.5,
1.,0.5,1.)) REPRESENTATION_ITEM('') );
#6501 = CARTESIAN_POINT('',(223.25,124.5));
#6502 = CARTESIAN_POINT('',(223.25,126.66506350946));
#6503 = CARTESIAN_POINT('',(225.125,125.58253175473));
#6504 = CARTESIAN_POINT('',(227.,124.5));
#6505 = CARTESIAN_POINT('',(225.125,123.41746824526));
#6506 = CARTESIAN_POINT('',(223.25,122.33493649053));
#6507 = CARTESIAN_POINT('',(223.25,124.5));
#6508 = ( GEOMETRIC_REPRESENTATION_CONTEXT(2) 
PARAMETRIC_REPRESENTATION_CONTEXT() REPRESENTATION_CONTEXT('2D SPACE',''
  ) );
#6509 = PCURVE('',#2041,#6510);
#6510 = DEFINITIONAL_REPRESENTATION('',(#6511),#6515);
#6511 = LINE('',#6512,#6513);
#6512 = CARTESIAN_POINT('',(0.,3.));
#6513 = VECTOR('',#6514,1.);
#6514 = DIRECTION('',(1.,0.));
#6515 = ( GEOMETRIC_REPRESENTATION_CONTEXT(2) 
PARAMETRIC_REPRESENTATION_CONTEXT() REPRESENTATION_CONTEXT('2D SPACE',''
  ) );
#6516 = FACE_BOUND('',#6517,.F.);
#6517 = EDGE_LOOP('',(#6518));
#6518 = ORIENTED_EDGE('',*,*,#6519,.T.);
#6519 = EDGE_CURVE('',#6520,#6520,#6522,.T.);
#6520 = VERTEX_POINT('',#6521);
#6521 = CARTESIAN_POINT('',(244.25,145.5,0.));
#6522 = SURFACE_CURVE('',#6523,(#6528,#6539),.PCURVE_S1.);
#6523 = CIRCLE('',#6524,1.25);
#6524 = AXIS2_PLACEMENT_3D('',#6525,#6526,#6527);
#6525 = CARTESIAN_POINT('',(245.5,145.5,0.));
#6526 = DIRECTION('',(0.,0.,-1.));
#6527 = DIRECTION('',(-1.,0.,0.));
#6528 = PCURVE('',#100,#6529);
#6529 = DEFINITIONAL_REPRESENTATION('',(#6530),#6538);
#6530 = ( BOUNDED_CURVE() B_SPLINE_CURVE(2,(#6531,#6532,#6533,#6534,
#6535,#6536,#6537),.UNSPECIFIED.,.T.,.F.) B_SPLINE_CURVE_WITH_KNOTS((1,2
    ,2,2,2,1),(-2.094395102393,0.,2.094395102393,4.188790204786,
6.28318530718,8.377580409573),.UNSPECIFIED.) CURVE() 
GEOMETRIC_REPRESENTATION_ITEM() RATIONAL_B_SPLINE_CURVE((1.,0.5,1.,0.5,
1.,0.5,1.)) REPRESENTATION_ITEM('') );
#6531 = CARTESIAN_POINT('',(264.25,165.5));
#6532 = CARTESIAN_POINT('',(264.25,167.66506350946));
#6533 = CARTESIAN_POINT('',(266.125,166.58253175473));
#6534 = CARTESIAN_POINT('',(268.,165.5));
#6535 = CARTESIAN_POINT('',(266.125,164.41746824526));
#6536 = CARTESIAN_POINT('',(264.25,163.33493649053));
#6537 = CARTESIAN_POINT('',(264.25,165.5));
#6538 = ( GEOMETRIC_REPRESENTATION_CONTEXT(2) 
PARAMETRIC_REPRESENTATION_CONTEXT() REPRESENTATION_CONTEXT('2D SPACE',''
  ) );
#6539 = PCURVE('',#2076,#6540);
#6540 = DEFINITIONAL_REPRESENTATION('',(#6541),#6545);
#6541 = LINE('',#6542,#6543);
#6542 = CARTESIAN_POINT('',(0.,3.));
#6543 = VECTOR('',#6544,1.);
#6544 = DIRECTION('',(1.,0.));
#6545 = ( GEOMETRIC_REPRESENTATION_CONTEXT(2) 
PARAMETRIC_REPRESENTATION_CONTEXT() REPRESENTATION_CONTEXT('2D SPACE',''
  ) );
#6546 = FACE_BOUND('',#6547,.F.);
#6547 = EDGE_LOOP('',(#6548));
#6548 = ORIENTED_EDGE('',*,*,#6549,.T.);
#6549 = EDGE_CURVE('',#6550,#6550,#6552,.T.);
#6550 = VERTEX_POINT('',#6551);
#6551 = CARTESIAN_POINT('',(253.25,104.5,0.));
#6552 = SURFACE_CURVE('',#6553,(#6558,#6569),.PCURVE_S1.);
#6553 = CIRCLE('',#6554,1.25);
#6554 = AXIS2_PLACEMENT_3D('',#6555,#6556,#6557);
#6555 = CARTESIAN_POINT('',(254.5,104.5,0.));
#6556 = DIRECTION('',(0.,0.,-1.));
#6557 = DIRECTION('',(-1.,0.,0.));
#6558 = PCURVE('',#100,#6559);
#6559 = DEFINITIONAL_REPRESENTATION('',(#6560),#6568);
#6560 = ( BOUNDED_CURVE() B_SPLINE_CURVE(2,(#6561,#6562,#6563,#6564,
#6565,#6566,#6567),.UNSPECIFIED.,.T.,.F.) B_SPLINE_CURVE_WITH_KNOTS((1,2
    ,2,2,2,1),(-2.094395102393,0.,2.094395102393,4.188790204786,
6.28318530718,8.377580409573),.UNSPECIFIED.) CURVE() 
GEOMETRIC_REPRESENTATION_ITEM() RATIONAL_B_SPLINE_CURVE((1.,0.5,1.,0.5,
1.,0.5,1.)) REPRESENTATION_ITEM('') );
#6561 = CARTESIAN_POINT('',(273.25,124.5));
#6562 = CARTESIAN_POINT('',(273.25,126.66506350946));
#6563 = CARTESIAN_POINT('',(275.125,125.58253175473));
#6564 = CARTESIAN_POINT('',(277.,124.5));
#6565 = CARTESIAN_POINT('',(275.125,123.41746824526));
#6566 = CARTESIAN_POINT('',(273.25,122.33493649053));
#6567 = CARTESIAN_POINT('',(273.25,124.5));
#6568 = ( GEOMETRIC_REPRESENTATION_CONTEXT(2) 
PARAMETRIC_REPRESENTATION_CONTEXT() REPRESENTATION_CONTEXT('2D SPACE',''
  ) );
#6569 = PCURVE('',#2111,#6570);
#6570 = DEFINITIONAL_REPRESENTATION('',(#6571),#6575);
#6571 = LINE('',#6572,#6573);
#6572 = CARTESIAN_POINT('',(0.,3.));
#6573 = VECTOR('',#6574,1.);
#6574 = DIRECTION('',(1.,0.));
#6575 = ( GEOMETRIC_REPRESENTATION_CONTEXT(2) 
PARAMETRIC_REPRESENTATION_CONTEXT() REPRESENTATION_CONTEXT('2D SPACE',''
  ) );
#6576 = FACE_BOUND('',#6577,.F.);
#6577 = EDGE_LOOP('',(#6578));
#6578 = ORIENTED_EDGE('',*,*,#6579,.T.);
#6579 = EDGE_CURVE('',#6580,#6580,#6582,.T.);
#6580 = VERTEX_POINT('',#6581);
#6581 = CARTESIAN_POINT('',(294.25,145.5,0.));
#6582 = SURFACE_CURVE('',#6583,(#6588,#6599),.PCURVE_S1.);
#6583 = CIRCLE('',#6584,1.25);
#6584 = AXIS2_PLACEMENT_3D('',#6585,#6586,#6587);
#6585 = CARTESIAN_POINT('',(295.5,145.5,0.));
#6586 = DIRECTION('',(0.,0.,-1.));
#6587 = DIRECTION('',(-1.,0.,0.));
#6588 = PCURVE('',#100,#6589);
#6589 = DEFINITIONAL_REPRESENTATION('',(#6590),#6598);
#6590 = ( BOUNDED_CURVE() B_SPLINE_CURVE(2,(#6591,#6592,#6593,#6594,
#6595,#6596,#6597),.UNSPECIFIED.,.T.,.F.) B_SPLINE_CURVE_WITH_KNOTS((1,2
    ,2,2,2,1),(-2.094395102393,0.,2.094395102393,4.188790204786,
6.28318530718,8.377580409573),.UNSPECIFIED.) CURVE() 
GEOMETRIC_REPRESENTATION_ITEM() RATIONAL_B_SPLINE_CURVE((1.,0.5,1.,0.5,
1.,0.5,1.)) REPRESENTATION_ITEM('') );
#6591 = CARTESIAN_POINT('',(314.25,165.5));
#6592 = CARTESIAN_POINT('',(314.25,167.66506350946));
#6593 = CARTESIAN_POINT('',(316.125,166.58253175473));
#6594 = CARTESIAN_POINT('',(318.,165.5));
#6595 = CARTESIAN_POINT('',(316.125,164.41746824526));
#6596 = CARTESIAN_POINT('',(314.25,163.33493649053));
#6597 = CARTESIAN_POINT('',(314.25,165.5));
#6598 = ( GEOMETRIC_REPRESENTATION_CONTEXT(2) 
PARAMETRIC_REPRESENTATION_CONTEXT() REPRESENTATION_CONTEXT('2D SPACE',''
  ) );
#6599 = PCURVE('',#2146,#6600);
#6600 = DEFINITIONAL_REPRESENTATION('',(#6601),#6605);
#6601 = LINE('',#6602,#6603);
#6602 = CARTESIAN_POINT('',(0.,3.));
#6603 = VECTOR('',#6604,1.);
#6604 = DIRECTION('',(1.,0.));
#6605 = ( GEOMETRIC_REPRESENTATION_CONTEXT(2) 
PARAMETRIC_REPRESENTATION_CONTEXT() REPRESENTATION_CONTEXT('2D SPACE',''
  ) );
#6606 = FACE_BOUND('',#6607,.F.);
#6607 = EDGE_LOOP('',(#6608));
#6608 = ORIENTED_EDGE('',*,*,#6609,.T.);
#6609 = EDGE_CURVE('',#6610,#6610,#6612,.T.);
#6610 = VERTEX_POINT('',#6611);
#6611 = CARTESIAN_POINT('',(203.25,154.5,0.));
#6612 = SURFACE_CURVE('',#6613,(#6618,#6629),.PCURVE_S1.);
#6613 = CIRCLE('',#6614,1.25);
#6614 = AXIS2_PLACEMENT_3D('',#6615,#6616,#6617);
#6615 = CARTESIAN_POINT('',(204.5,154.5,0.));
#6616 = DIRECTION('',(0.,0.,-1.));
#6617 = DIRECTION('',(-1.,0.,0.));
#6618 = PCURVE('',#100,#6619);
#6619 = DEFINITIONAL_REPRESENTATION('',(#6620),#6628);
#6620 = ( BOUNDED_CURVE() B_SPLINE_CURVE(2,(#6621,#6622,#6623,#6624,
#6625,#6626,#6627),.UNSPECIFIED.,.T.,.F.) B_SPLINE_CURVE_WITH_KNOTS((1,2
    ,2,2,2,1),(-2.094395102393,0.,2.094395102393,4.188790204786,
6.28318530718,8.377580409573),.UNSPECIFIED.) CURVE() 
GEOMETRIC_REPRESENTATION_ITEM() RATIONAL_B_SPLINE_CURVE((1.,0.5,1.,0.5,
1.,0.5,1.)) REPRESENTATION_ITEM('') );
#6621 = CARTESIAN_POINT('',(223.25,174.5));
#6622 = CARTESIAN_POINT('',(223.25,176.66506350946));
#6623 = CARTESIAN_POINT('',(225.125,175.58253175473));
#6624 = CARTESIAN_POINT('',(227.,174.5));
#6625 = CARTESIAN_POINT('',(225.125,173.41746824526));
#6626 = CARTESIAN_POINT('',(223.25,172.33493649053));
#6627 = CARTESIAN_POINT('',(223.25,174.5));
#6628 = ( GEOMETRIC_REPRESENTATION_CONTEXT(2) 
PARAMETRIC_REPRESENTATION_CONTEXT() REPRESENTATION_CONTEXT('2D SPACE',''
  ) );
#6629 = PCURVE('',#2181,#6630);
#6630 = DEFINITIONAL_REPRESENTATION('',(#6631),#6635);
#6631 = LINE('',#6632,#6633);
#6632 = CARTESIAN_POINT('',(0.,3.));
#6633 = VECTOR('',#6634,1.);
#6634 = DIRECTION('',(1.,0.));
#6635 = ( GEOMETRIC_REPRESENTATION_CONTEXT(2) 
PARAMETRIC_REPRESENTATION_CONTEXT() REPRESENTATION_CONTEXT('2D SPACE',''
  ) );
#6636 = FACE_BOUND('',#6637,.F.);
#6637 = EDGE_LOOP('',(#6638));
#6638 = ORIENTED_EDGE('',*,*,#6639,.T.);
#6639 = EDGE_CURVE('',#6640,#6640,#6642,.T.);
#6640 = VERTEX_POINT('',#6641);
#6641 = CARTESIAN_POINT('',(244.25,195.5,0.));
#6642 = SURFACE_CURVE('',#6643,(#6648,#6659),.PCURVE_S1.);
#6643 = CIRCLE('',#6644,1.25);
#6644 = AXIS2_PLACEMENT_3D('',#6645,#6646,#6647);
#6645 = CARTESIAN_POINT('',(245.5,195.5,0.));
#6646 = DIRECTION('',(0.,0.,-1.));
#6647 = DIRECTION('',(-1.,0.,0.));
#6648 = PCURVE('',#100,#6649);
#6649 = DEFINITIONAL_REPRESENTATION('',(#6650),#6658);
#6650 = ( BOUNDED_CURVE() B_SPLINE_CURVE(2,(#6651,#6652,#6653,#6654,
#6655,#6656,#6657),.UNSPECIFIED.,.T.,.F.) B_SPLINE_CURVE_WITH_KNOTS((1,2
    ,2,2,2,1),(-2.094395102393,0.,2.094395102393,4.188790204786,
6.28318530718,8.377580409573),.UNSPECIFIED.) CURVE() 
GEOMETRIC_REPRESENTATION_ITEM() RATIONAL_B_SPLINE_CURVE((1.,0.5,1.,0.5,
1.,0.5,1.)) REPRESENTATION_ITEM('') );
#6651 = CARTESIAN_POINT('',(264.25,215.5));
#6652 = CARTESIAN_POINT('',(264.25,217.66506350946));
#6653 = CARTESIAN_POINT('',(266.125,216.58253175473));
#6654 = CARTESIAN_POINT('',(268.,215.5));
#6655 = CARTESIAN_POINT('',(266.125,214.41746824526));
#6656 = CARTESIAN_POINT('',(264.25,213.33493649053));
#6657 = CARTESIAN_POINT('',(264.25,215.5));
#6658 = ( GEOMETRIC_REPRESENTATION_CONTEXT(2) 
PARAMETRIC_REPRESENTATION_CONTEXT() REPRESENTATION_CONTEXT('2D SPACE',''
  ) );
#6659 = PCURVE('',#2216,#6660);
#6660 = DEFINITIONAL_REPRESENTATION('',(#6661),#6665);
#6661 = LINE('',#6662,#6663);
#6662 = CARTESIAN_POINT('',(0.,3.));
#6663 = VECTOR('',#6664,1.);
#6664 = DIRECTION('',(1.,0.));
#6665 = ( GEOMETRIC_REPRESENTATION_CONTEXT(2) 
PARAMETRIC_REPRESENTATION_CONTEXT() REPRESENTATION_CONTEXT('2D SPACE',''
  ) );
#6666 = FACE_BOUND('',#6667,.F.);
#6667 = EDGE_LOOP('',(#6668));
#6668 = ORIENTED_EDGE('',*,*,#6669,.T.);
#6669 = EDGE_CURVE('',#6670,#6670,#6672,.T.);
#6670 = VERTEX_POINT('',#6671);
#6671 = CARTESIAN_POINT('',(253.25,154.5,0.));
#6672 = SURFACE_CURVE('',#6673,(#6678,#6689),.PCURVE_S1.);
#6673 = CIRCLE('',#6674,1.25);
#6674 = AXIS2_PLACEMENT_3D('',#6675,#6676,#6677);
#6675 = CARTESIAN_POINT('',(254.5,154.5,0.));
#6676 = DIRECTION('',(0.,0.,-1.));
#6677 = DIRECTION('',(-1.,0.,0.));
#6678 = PCURVE('',#100,#6679);
#6679 = DEFINITIONAL_REPRESENTATION('',(#6680),#6688);
#6680 = ( BOUNDED_CURVE() B_SPLINE_CURVE(2,(#6681,#6682,#6683,#6684,
#6685,#6686,#6687),.UNSPECIFIED.,.T.,.F.) B_SPLINE_CURVE_WITH_KNOTS((1,2
    ,2,2,2,1),(-2.094395102393,0.,2.094395102393,4.188790204786,
6.28318530718,8.377580409573),.UNSPECIFIED.) CURVE() 
GEOMETRIC_REPRESENTATION_ITEM() RATIONAL_B_SPLINE_CURVE((1.,0.5,1.,0.5,
1.,0.5,1.)) REPRESENTATION_ITEM('') );
#6681 = CARTESIAN_POINT('',(273.25,174.5));
#6682 = CARTESIAN_POINT('',(273.25,176.66506350946));
#6683 = CARTESIAN_POINT('',(275.125,175.58253175473));
#6684 = CARTESIAN_POINT('',(277.,174.5));
#6685 = CARTESIAN_POINT('',(275.125,173.41746824526));
#6686 = CARTESIAN_POINT('',(273.25,172.33493649053));
#6687 = CARTESIAN_POINT('',(273.25,174.5));
#6688 = ( GEOMETRIC_REPRESENTATION_CONTEXT(2) 
PARAMETRIC_REPRESENTATION_CONTEXT() REPRESENTATION_CONTEXT('2D SPACE',''
  ) );
#6689 = PCURVE('',#2251,#6690);
#6690 = DEFINITIONAL_REPRESENTATION('',(#6691),#6695);
#6691 = LINE('',#6692,#6693);
#6692 = CARTESIAN_POINT('',(0.,3.));
#6693 = VECTOR('',#6694,1.);
#6694 = DIRECTION('',(1.,0.));
#6695 = ( GEOMETRIC_REPRESENTATION_CONTEXT(2) 
PARAMETRIC_REPRESENTATION_CONTEXT() REPRESENTATION_CONTEXT('2D SPACE',''
  ) );
#6696 = FACE_BOUND('',#6697,.F.);
#6697 = EDGE_LOOP('',(#6698));
#6698 = ORIENTED_EDGE('',*,*,#6699,.T.);
#6699 = EDGE_CURVE('',#6700,#6700,#6702,.T.);
#6700 = VERTEX_POINT('',#6701);
#6701 = CARTESIAN_POINT('',(294.25,195.5,0.));
#6702 = SURFACE_CURVE('',#6703,(#6708,#6719),.PCURVE_S1.);
#6703 = CIRCLE('',#6704,1.25);
#6704 = AXIS2_PLACEMENT_3D('',#6705,#6706,#6707);
#6705 = CARTESIAN_POINT('',(295.5,195.5,0.));
#6706 = DIRECTION('',(0.,0.,-1.));
#6707 = DIRECTION('',(-1.,0.,0.));
#6708 = PCURVE('',#100,#6709);
#6709 = DEFINITIONAL_REPRESENTATION('',(#6710),#6718);
#6710 = ( BOUNDED_CURVE() B_SPLINE_CURVE(2,(#6711,#6712,#6713,#6714,
#6715,#6716,#6717),.UNSPECIFIED.,.T.,.F.) B_SPLINE_CURVE_WITH_KNOTS((1,2
    ,2,2,2,1),(-2.094395102393,0.,2.094395102393,4.188790204786,
6.28318530718,8.377580409573),.UNSPECIFIED.) CURVE() 
GEOMETRIC_REPRESENTATION_ITEM() RATIONAL_B_SPLINE_CURVE((1.,0.5,1.,0.5,
1.,0.5,1.)) REPRESENTATION_ITEM('') );
#6711 = CARTESIAN_POINT('',(314.25,215.5));
#6712 = CARTESIAN_POINT('',(314.25,217.66506350946));
#6713 = CARTESIAN_POINT('',(316.125,216.58253175473));
#6714 = CARTESIAN_POINT('',(318.,215.5));
#6715 = CARTESIAN_POINT('',(316.125,214.41746824526));
#6716 = CARTESIAN_POINT('',(314.25,213.33493649053));
#6717 = CARTESIAN_POINT('',(314.25,215.5));
#6718 = ( GEOMETRIC_REPRESENTATION_CONTEXT(2) 
PARAMETRIC_REPRESENTATION_CONTEXT() REPRESENTATION_CONTEXT('2D SPACE',''
  ) );
#6719 = PCURVE('',#2286,#6720);
#6720 = DEFINITIONAL_REPRESENTATION('',(#6721),#6725);
#6721 = LINE('',#6722,#6723);
#6722 = CARTESIAN_POINT('',(0.,3.));
#6723 = VECTOR('',#6724,1.);
#6724 = DIRECTION('',(1.,0.));
#6725 = ( GEOMETRIC_REPRESENTATION_CONTEXT(2) 
PARAMETRIC_REPRESENTATION_CONTEXT() REPRESENTATION_CONTEXT('2D SPACE',''
  ) );
#6726 = FACE_BOUND('',#6727,.F.);
#6727 = EDGE_LOOP('',(#6728));
#6728 = ORIENTED_EDGE('',*,*,#6729,.T.);
#6729 = EDGE_CURVE('',#6730,#6730,#6732,.T.);
#6730 = VERTEX_POINT('',#6731);
#6731 = CARTESIAN_POINT('',(303.25,104.5,0.));
#6732 = SURFACE_CURVE('',#6733,(#6738,#6749),.PCURVE_S1.);
#6733 = CIRCLE('',#6734,1.25);
#6734 = AXIS2_PLACEMENT_3D('',#6735,#6736,#6737);
#6735 = CARTESIAN_POINT('',(304.5,104.5,0.));
#6736 = DIRECTION('',(0.,0.,-1.));
#6737 = DIRECTION('',(-1.,0.,0.));
#6738 = PCURVE('',#100,#6739);
#6739 = DEFINITIONAL_REPRESENTATION('',(#6740),#6748);
#6740 = ( BOUNDED_CURVE() B_SPLINE_CURVE(2,(#6741,#6742,#6743,#6744,
#6745,#6746,#6747),.UNSPECIFIED.,.T.,.F.) B_SPLINE_CURVE_WITH_KNOTS((1,2
    ,2,2,2,1),(-2.094395102393,0.,2.094395102393,4.188790204786,
6.28318530718,8.377580409573),.UNSPECIFIED.) CURVE() 
GEOMETRIC_REPRESENTATION_ITEM() RATIONAL_B_SPLINE_CURVE((1.,0.5,1.,0.5,
1.,0.5,1.)) REPRESENTATION_ITEM('') );
#6741 = CARTESIAN_POINT('',(323.25,124.5));
#6742 = CARTESIAN_POINT('',(323.25,126.66506350946));
#6743 = CARTESIAN_POINT('',(325.125,125.58253175473));
#6744 = CARTESIAN_POINT('',(327.,124.5));
#6745 = CARTESIAN_POINT('',(325.125,123.41746824526));
#6746 = CARTESIAN_POINT('',(323.25,122.33493649053));
#6747 = CARTESIAN_POINT('',(323.25,124.5));
#6748 = ( GEOMETRIC_REPRESENTATION_CONTEXT(2) 
PARAMETRIC_REPRESENTATION_CONTEXT() REPRESENTATION_CONTEXT('2D SPACE',''
  ) );
#6749 = PCURVE('',#2321,#6750);
#6750 = DEFINITIONAL_REPRESENTATION('',(#6751),#6755);
#6751 = LINE('',#6752,#6753);
#6752 = CARTESIAN_POINT('',(0.,3.));
#6753 = VECTOR('',#6754,1.);
#6754 = DIRECTION('',(1.,0.));
#6755 = ( GEOMETRIC_REPRESENTATION_CONTEXT(2) 
PARAMETRIC_REPRESENTATION_CONTEXT() REPRESENTATION_CONTEXT('2D SPACE',''
  ) );
#6756 = FACE_BOUND('',#6757,.F.);
#6757 = EDGE_LOOP('',(#6758));
#6758 = ORIENTED_EDGE('',*,*,#6759,.T.);
#6759 = EDGE_CURVE('',#6760,#6760,#6762,.T.);
#6760 = VERTEX_POINT('',#6761);
#6761 = CARTESIAN_POINT('',(344.25,145.5,0.));
#6762 = SURFACE_CURVE('',#6763,(#6768,#6779),.PCURVE_S1.);
#6763 = CIRCLE('',#6764,1.25);
#6764 = AXIS2_PLACEMENT_3D('',#6765,#6766,#6767);
#6765 = CARTESIAN_POINT('',(345.5,145.5,0.));
#6766 = DIRECTION('',(0.,0.,-1.));
#6767 = DIRECTION('',(-1.,0.,0.));
#6768 = PCURVE('',#100,#6769);
#6769 = DEFINITIONAL_REPRESENTATION('',(#6770),#6778);
#6770 = ( BOUNDED_CURVE() B_SPLINE_CURVE(2,(#6771,#6772,#6773,#6774,
#6775,#6776,#6777),.UNSPECIFIED.,.T.,.F.) B_SPLINE_CURVE_WITH_KNOTS((1,2
    ,2,2,2,1),(-2.094395102393,0.,2.094395102393,4.188790204786,
6.28318530718,8.377580409573),.UNSPECIFIED.) CURVE() 
GEOMETRIC_REPRESENTATION_ITEM() RATIONAL_B_SPLINE_CURVE((1.,0.5,1.,0.5,
1.,0.5,1.)) REPRESENTATION_ITEM('') );
#6771 = CARTESIAN_POINT('',(364.25,165.5));
#6772 = CARTESIAN_POINT('',(364.25,167.66506350946));
#6773 = CARTESIAN_POINT('',(366.125,166.58253175473));
#6774 = CARTESIAN_POINT('',(368.,165.5));
#6775 = CARTESIAN_POINT('',(366.125,164.41746824526));
#6776 = CARTESIAN_POINT('',(364.25,163.33493649053));
#6777 = CARTESIAN_POINT('',(364.25,165.5));
#6778 = ( GEOMETRIC_REPRESENTATION_CONTEXT(2) 
PARAMETRIC_REPRESENTATION_CONTEXT() REPRESENTATION_CONTEXT('2D SPACE',''
  ) );
#6779 = PCURVE('',#2356,#6780);
#6780 = DEFINITIONAL_REPRESENTATION('',(#6781),#6785);
#6781 = LINE('',#6782,#6783);
#6782 = CARTESIAN_POINT('',(0.,3.));
#6783 = VECTOR('',#6784,1.);
#6784 = DIRECTION('',(1.,0.));
#6785 = ( GEOMETRIC_REPRESENTATION_CONTEXT(2) 
PARAMETRIC_REPRESENTATION_CONTEXT() REPRESENTATION_CONTEXT('2D SPACE',''
  ) );
#6786 = FACE_BOUND('',#6787,.F.);
#6787 = EDGE_LOOP('',(#6788));
#6788 = ORIENTED_EDGE('',*,*,#6789,.T.);
#6789 = EDGE_CURVE('',#6790,#6790,#6792,.T.);
#6790 = VERTEX_POINT('',#6791);
#6791 = CARTESIAN_POINT('',(353.25,104.5,0.));
#6792 = SURFACE_CURVE('',#6793,(#6798,#6809),.PCURVE_S1.);
#6793 = CIRCLE('',#6794,1.25);
#6794 = AXIS2_PLACEMENT_3D('',#6795,#6796,#6797);
#6795 = CARTESIAN_POINT('',(354.5,104.5,0.));
#6796 = DIRECTION('',(0.,0.,-1.));
#6797 = DIRECTION('',(-1.,0.,0.));
#6798 = PCURVE('',#100,#6799);
#6799 = DEFINITIONAL_REPRESENTATION('',(#6800),#6808);
#6800 = ( BOUNDED_CURVE() B_SPLINE_CURVE(2,(#6801,#6802,#6803,#6804,
#6805,#6806,#6807),.UNSPECIFIED.,.T.,.F.) B_SPLINE_CURVE_WITH_KNOTS((1,2
    ,2,2,2,1),(-2.094395102393,0.,2.094395102393,4.188790204786,
6.28318530718,8.377580409573),.UNSPECIFIED.) CURVE() 
GEOMETRIC_REPRESENTATION_ITEM() RATIONAL_B_SPLINE_CURVE((1.,0.5,1.,0.5,
1.,0.5,1.)) REPRESENTATION_ITEM('') );
#6801 = CARTESIAN_POINT('',(373.25,124.5));
#6802 = CARTESIAN_POINT('',(373.25,126.66506350946));
#6803 = CARTESIAN_POINT('',(375.125,125.58253175473));
#6804 = CARTESIAN_POINT('',(377.,124.5));
#6805 = CARTESIAN_POINT('',(375.125,123.41746824526));
#6806 = CARTESIAN_POINT('',(373.25,122.33493649053));
#6807 = CARTESIAN_POINT('',(373.25,124.5));
#6808 = ( GEOMETRIC_REPRESENTATION_CONTEXT(2) 
PARAMETRIC_REPRESENTATION_CONTEXT() REPRESENTATION_CONTEXT('2D SPACE',''
  ) );
#6809 = PCURVE('',#2391,#6810);
#6810 = DEFINITIONAL_REPRESENTATION('',(#6811),#6815);
#6811 = LINE('',#6812,#6813);
#6812 = CARTESIAN_POINT('',(0.,3.));
#6813 = VECTOR('',#6814,1.);
#6814 = DIRECTION('',(1.,0.));
#6815 = ( GEOMETRIC_REPRESENTATION_CONTEXT(2) 
PARAMETRIC_REPRESENTATION_CONTEXT() REPRESENTATION_CONTEXT('2D SPACE',''
  ) );
#6816 = FACE_BOUND('',#6817,.F.);
#6817 = EDGE_LOOP('',(#6818));
#6818 = ORIENTED_EDGE('',*,*,#6819,.T.);
#6819 = EDGE_CURVE('',#6820,#6820,#6822,.T.);
#6820 = VERTEX_POINT('',#6821);
#6821 = CARTESIAN_POINT('',(394.25,145.5,0.));
#6822 = SURFACE_CURVE('',#6823,(#6828,#6839),.PCURVE_S1.);
#6823 = CIRCLE('',#6824,1.25);
#6824 = AXIS2_PLACEMENT_3D('',#6825,#6826,#6827);
#6825 = CARTESIAN_POINT('',(395.5,145.5,0.));
#6826 = DIRECTION('',(0.,0.,-1.));
#6827 = DIRECTION('',(-1.,0.,0.));
#6828 = PCURVE('',#100,#6829);
#6829 = DEFINITIONAL_REPRESENTATION('',(#6830),#6838);
#6830 = ( BOUNDED_CURVE() B_SPLINE_CURVE(2,(#6831,#6832,#6833,#6834,
#6835,#6836,#6837),.UNSPECIFIED.,.T.,.F.) B_SPLINE_CURVE_WITH_KNOTS((1,2
    ,2,2,2,1),(-2.094395102393,0.,2.094395102393,4.188790204786,
6.28318530718,8.377580409573),.UNSPECIFIED.) CURVE() 
GEOMETRIC_REPRESENTATION_ITEM() RATIONAL_B_SPLINE_CURVE((1.,0.5,1.,0.5,
1.,0.5,1.)) REPRESENTATION_ITEM('') );
#6831 = CARTESIAN_POINT('',(414.25,165.5));
#6832 = CARTESIAN_POINT('',(414.25,167.66506350946));
#6833 = CARTESIAN_POINT('',(416.125,166.58253175473));
#6834 = CARTESIAN_POINT('',(418.,165.5));
#6835 = CARTESIAN_POINT('',(416.125,164.41746824526));
#6836 = CARTESIAN_POINT('',(414.25,163.33493649053));
#6837 = CARTESIAN_POINT('',(414.25,165.5));
#6838 = ( GEOMETRIC_REPRESENTATION_CONTEXT(2) 
PARAMETRIC_REPRESENTATION_CONTEXT() REPRESENTATION_CONTEXT('2D SPACE',''
  ) );
#6839 = PCURVE('',#2426,#6840);
#6840 = DEFINITIONAL_REPRESENTATION('',(#6841),#6845);
#6841 = LINE('',#6842,#6843);
#6842 = CARTESIAN_POINT('',(0.,3.));
#6843 = VECTOR('',#6844,1.);
#6844 = DIRECTION('',(1.,0.));
#6845 = ( GEOMETRIC_REPRESENTATION_CONTEXT(2) 
PARAMETRIC_REPRESENTATION_CONTEXT() REPRESENTATION_CONTEXT('2D SPACE',''
  ) );
#6846 = FACE_BOUND('',#6847,.F.);
#6847 = EDGE_LOOP('',(#6848));
#6848 = ORIENTED_EDGE('',*,*,#6849,.T.);
#6849 = EDGE_CURVE('',#6850,#6850,#6852,.T.);
#6850 = VERTEX_POINT('',#6851);
#6851 = CARTESIAN_POINT('',(303.25,154.5,0.));
#6852 = SURFACE_CURVE('',#6853,(#6858,#6869),.PCURVE_S1.);
#6853 = CIRCLE('',#6854,1.25);
#6854 = AXIS2_PLACEMENT_3D('',#6855,#6856,#6857);
#6855 = CARTESIAN_POINT('',(304.5,154.5,0.));
#6856 = DIRECTION('',(0.,0.,-1.));
#6857 = DIRECTION('',(-1.,0.,0.));
#6858 = PCURVE('',#100,#6859);
#6859 = DEFINITIONAL_REPRESENTATION('',(#6860),#6868);
#6860 = ( BOUNDED_CURVE() B_SPLINE_CURVE(2,(#6861,#6862,#6863,#6864,
#6865,#6866,#6867),.UNSPECIFIED.,.T.,.F.) B_SPLINE_CURVE_WITH_KNOTS((1,2
    ,2,2,2,1),(-2.094395102393,0.,2.094395102393,4.188790204786,
6.28318530718,8.377580409573),.UNSPECIFIED.) CURVE() 
GEOMETRIC_REPRESENTATION_ITEM() RATIONAL_B_SPLINE_CURVE((1.,0.5,1.,0.5,
1.,0.5,1.)) REPRESENTATION_ITEM('') );
#6861 = CARTESIAN_POINT('',(323.25,174.5));
#6862 = CARTESIAN_POINT('',(323.25,176.66506350946));
#6863 = CARTESIAN_POINT('',(325.125,175.58253175473));
#6864 = CARTESIAN_POINT('',(327.,174.5));
#6865 = CARTESIAN_POINT('',(325.125,173.41746824526));
#6866 = CARTESIAN_POINT('',(323.25,172.33493649053));
#6867 = CARTESIAN_POINT('',(323.25,174.5));
#6868 = ( GEOMETRIC_REPRESENTATION_CONTEXT(2) 
PARAMETRIC_REPRESENTATION_CONTEXT() REPRESENTATION_CONTEXT('2D SPACE',''
  ) );
#6869 = PCURVE('',#2461,#6870);
#6870 = DEFINITIONAL_REPRESENTATION('',(#6871),#6875);
#6871 = LINE('',#6872,#6873);
#6872 = CARTESIAN_POINT('',(0.,3.));
#6873 = VECTOR('',#6874,1.);
#6874 = DIRECTION('',(1.,0.));
#6875 = ( GEOMETRIC_REPRESENTATION_CONTEXT(2) 
PARAMETRIC_REPRESENTATION_CONTEXT() REPRESENTATION_CONTEXT('2D SPACE',''
  ) );
#6876 = FACE_BOUND('',#6877,.F.);
#6877 = EDGE_LOOP('',(#6878));
#6878 = ORIENTED_EDGE('',*,*,#6879,.T.);
#6879 = EDGE_CURVE('',#6880,#6880,#6882,.T.);
#6880 = VERTEX_POINT('',#6881);
#6881 = CARTESIAN_POINT('',(344.25,195.5,0.));
#6882 = SURFACE_CURVE('',#6883,(#6888,#6899),.PCURVE_S1.);
#6883 = CIRCLE('',#6884,1.25);
#6884 = AXIS2_PLACEMENT_3D('',#6885,#6886,#6887);
#6885 = CARTESIAN_POINT('',(345.5,195.5,0.));
#6886 = DIRECTION('',(0.,0.,-1.));
#6887 = DIRECTION('',(-1.,0.,0.));
#6888 = PCURVE('',#100,#6889);
#6889 = DEFINITIONAL_REPRESENTATION('',(#6890),#6898);
#6890 = ( BOUNDED_CURVE() B_SPLINE_CURVE(2,(#6891,#6892,#6893,#6894,
#6895,#6896,#6897),.UNSPECIFIED.,.T.,.F.) B_SPLINE_CURVE_WITH_KNOTS((1,2
    ,2,2,2,1),(-2.094395102393,0.,2.094395102393,4.188790204786,
6.28318530718,8.377580409573),.UNSPECIFIED.) CURVE() 
GEOMETRIC_REPRESENTATION_ITEM() RATIONAL_B_SPLINE_CURVE((1.,0.5,1.,0.5,
1.,0.5,1.)) REPRESENTATION_ITEM('') );
#6891 = CARTESIAN_POINT('',(364.25,215.5));
#6892 = CARTESIAN_POINT('',(364.25,217.66506350946));
#6893 = CARTESIAN_POINT('',(366.125,216.58253175473));
#6894 = CARTESIAN_POINT('',(368.,215.5));
#6895 = CARTESIAN_POINT('',(366.125,214.41746824526));
#6896 = CARTESIAN_POINT('',(364.25,213.33493649053));
#6897 = CARTESIAN_POINT('',(364.25,215.5));
#6898 = ( GEOMETRIC_REPRESENTATION_CONTEXT(2) 
PARAMETRIC_REPRESENTATION_CONTEXT() REPRESENTATION_CONTEXT('2D SPACE',''
  ) );
#6899 = PCURVE('',#2496,#6900);
#6900 = DEFINITIONAL_REPRESENTATION('',(#6901),#6905);
#6901 = LINE('',#6902,#6903);
#6902 = CARTESIAN_POINT('',(0.,3.));
#6903 = VECTOR('',#6904,1.);
#6904 = DIRECTION('',(1.,0.));
#6905 = ( GEOMETRIC_REPRESENTATION_CONTEXT(2) 
PARAMETRIC_REPRESENTATION_CONTEXT() REPRESENTATION_CONTEXT('2D SPACE',''
  ) );
#6906 = FACE_BOUND('',#6907,.F.);
#6907 = EDGE_LOOP('',(#6908));
#6908 = ORIENTED_EDGE('',*,*,#6909,.T.);
#6909 = EDGE_CURVE('',#6910,#6910,#6912,.T.);
#6910 = VERTEX_POINT('',#6911);
#6911 = CARTESIAN_POINT('',(353.25,154.5,0.));
#6912 = SURFACE_CURVE('',#6913,(#6918,#6929),.PCURVE_S1.);
#6913 = CIRCLE('',#6914,1.25);
#6914 = AXIS2_PLACEMENT_3D('',#6915,#6916,#6917);
#6915 = CARTESIAN_POINT('',(354.5,154.5,0.));
#6916 = DIRECTION('',(0.,0.,-1.));
#6917 = DIRECTION('',(-1.,0.,0.));
#6918 = PCURVE('',#100,#6919);
#6919 = DEFINITIONAL_REPRESENTATION('',(#6920),#6928);
#6920 = ( BOUNDED_CURVE() B_SPLINE_CURVE(2,(#6921,#6922,#6923,#6924,
#6925,#6926,#6927),.UNSPECIFIED.,.T.,.F.) B_SPLINE_CURVE_WITH_KNOTS((1,2
    ,2,2,2,1),(-2.094395102393,0.,2.094395102393,4.188790204786,
6.28318530718,8.377580409573),.UNSPECIFIED.) CURVE() 
GEOMETRIC_REPRESENTATION_ITEM() RATIONAL_B_SPLINE_CURVE((1.,0.5,1.,0.5,
1.,0.5,1.)) REPRESENTATION_ITEM('') );
#6921 = CARTESIAN_POINT('',(373.25,174.5));
#6922 = CARTESIAN_POINT('',(373.25,176.66506350946));
#6923 = CARTESIAN_POINT('',(375.125,175.58253175473));
#6924 = CARTESIAN_POINT('',(377.,174.5));
#6925 = CARTESIAN_POINT('',(375.125,173.41746824526));
#6926 = CARTESIAN_POINT('',(373.25,172.33493649053));
#6927 = CARTESIAN_POINT('',(373.25,174.5));
#6928 = ( GEOMETRIC_REPRESENTATION_CONTEXT(2) 
PARAMETRIC_REPRESENTATION_CONTEXT() REPRESENTATION_CONTEXT('2D SPACE',''
  ) );
#6929 = PCURVE('',#2531,#6930);
#6930 = DEFINITIONAL_REPRESENTATION('',(#6931),#6935);
#6931 = LINE('',#6932,#6933);
#6932 = CARTESIAN_POINT('',(0.,3.));
#6933 = VECTOR('',#6934,1.);
#6934 = DIRECTION('',(1.,0.));
#6935 = ( GEOMETRIC_REPRESENTATION_CONTEXT(2) 
PARAMETRIC_REPRESENTATION_CONTEXT() REPRESENTATION_CONTEXT('2D SPACE',''
  ) );
#6936 = FACE_BOUND('',#6937,.F.);
#6937 = EDGE_LOOP('',(#6938));
#6938 = ORIENTED_EDGE('',*,*,#6939,.T.);
#6939 = EDGE_CURVE('',#6940,#6940,#6942,.T.);
#6940 = VERTEX_POINT('',#6941);
#6941 = CARTESIAN_POINT('',(394.25,195.5,0.));
#6942 = SURFACE_CURVE('',#6943,(#6948,#6959),.PCURVE_S1.);
#6943 = CIRCLE('',#6944,1.25);
#6944 = AXIS2_PLACEMENT_3D('',#6945,#6946,#6947);
#6945 = CARTESIAN_POINT('',(395.5,195.5,0.));
#6946 = DIRECTION('',(0.,0.,-1.));
#6947 = DIRECTION('',(-1.,0.,0.));
#6948 = PCURVE('',#100,#6949);
#6949 = DEFINITIONAL_REPRESENTATION('',(#6950),#6958);
#6950 = ( BOUNDED_CURVE() B_SPLINE_CURVE(2,(#6951,#6952,#6953,#6954,
#6955,#6956,#6957),.UNSPECIFIED.,.T.,.F.) B_SPLINE_CURVE_WITH_KNOTS((1,2
    ,2,2,2,1),(-2.094395102393,0.,2.094395102393,4.188790204786,
6.28318530718,8.377580409573),.UNSPECIFIED.) CURVE() 
GEOMETRIC_REPRESENTATION_ITEM() RATIONAL_B_SPLINE_CURVE((1.,0.5,1.,0.5,
1.,0.5,1.)) REPRESENTATION_ITEM('') );
#6951 = CARTESIAN_POINT('',(414.25,215.5));
#6952 = CARTESIAN_POINT('',(414.25,217.66506350946));
#6953 = CARTESIAN_POINT('',(416.125,216.58253175473));
#6954 = CARTESIAN_POINT('',(418.,215.5));
#6955 = CARTESIAN_POINT('',(416.125,214.41746824526));
#6956 = CARTESIAN_POINT('',(414.25,213.33493649053));
#6957 = CARTESIAN_POINT('',(414.25,215.5));
#6958 = ( GEOMETRIC_REPRESENTATION_CONTEXT(2) 
PARAMETRIC_REPRESENTATION_CONTEXT() REPRESENTATION_CONTEXT('2D SPACE',''
  ) );
#6959 = PCURVE('',#2566,#6960);
#6960 = DEFINITIONAL_REPRESENTATION('',(#6961),#6965);
#6961 = LINE('',#6962,#6963);
#6962 = CARTESIAN_POINT('',(0.,3.));
#6963 = VECTOR('',#6964,1.);
#6964 = DIRECTION('',(1.,0.));
#6965 = ( GEOMETRIC_REPRESENTATION_CONTEXT(2) 
PARAMETRIC_REPRESENTATION_CONTEXT() REPRESENTATION_CONTEXT('2D SPACE',''
  ) );
#6966 = FACE_BOUND('',#6967,.F.);
#6967 = EDGE_LOOP('',(#6968));
#6968 = ORIENTED_EDGE('',*,*,#6969,.T.);
#6969 = EDGE_CURVE('',#6970,#6970,#6972,.T.);
#6970 = VERTEX_POINT('',#6971);
#6971 = CARTESIAN_POINT('',(3.25,204.5,0.));
#6972 = SURFACE_CURVE('',#6973,(#6978,#6989),.PCURVE_S1.);
#6973 = CIRCLE('',#6974,1.25);
#6974 = AXIS2_PLACEMENT_3D('',#6975,#6976,#6977);
#6975 = CARTESIAN_POINT('',(4.5,204.5,0.));
#6976 = DIRECTION('',(0.,0.,-1.));
#6977 = DIRECTION('',(-1.,0.,0.));
#6978 = PCURVE('',#100,#6979);
#6979 = DEFINITIONAL_REPRESENTATION('',(#6980),#6988);
#6980 = ( BOUNDED_CURVE() B_SPLINE_CURVE(2,(#6981,#6982,#6983,#6984,
#6985,#6986,#6987),.UNSPECIFIED.,.T.,.F.) B_SPLINE_CURVE_WITH_KNOTS((1,2
    ,2,2,2,1),(-2.094395102393,0.,2.094395102393,4.188790204786,
6.28318530718,8.377580409573),.UNSPECIFIED.) CURVE() 
GEOMETRIC_REPRESENTATION_ITEM() RATIONAL_B_SPLINE_CURVE((1.,0.5,1.,0.5,
1.,0.5,1.)) REPRESENTATION_ITEM('') );
#6981 = CARTESIAN_POINT('',(23.25,224.5));
#6982 = CARTESIAN_POINT('',(23.25,226.66506350946));
#6983 = CARTESIAN_POINT('',(25.125,225.58253175473));
#6984 = CARTESIAN_POINT('',(27.,224.5));
#6985 = CARTESIAN_POINT('',(25.125,223.41746824526));
#6986 = CARTESIAN_POINT('',(23.25,222.33493649053));
#6987 = CARTESIAN_POINT('',(23.25,224.5));
#6988 = ( GEOMETRIC_REPRESENTATION_CONTEXT(2) 
PARAMETRIC_REPRESENTATION_CONTEXT() REPRESENTATION_CONTEXT('2D SPACE',''
  ) );
#6989 = PCURVE('',#2601,#6990);
#6990 = DEFINITIONAL_REPRESENTATION('',(#6991),#6995);
#6991 = LINE('',#6992,#6993);
#6992 = CARTESIAN_POINT('',(0.,3.));
#6993 = VECTOR('',#6994,1.);
#6994 = DIRECTION('',(1.,0.));
#6995 = ( GEOMETRIC_REPRESENTATION_CONTEXT(2) 
PARAMETRIC_REPRESENTATION_CONTEXT() REPRESENTATION_CONTEXT('2D SPACE',''
  ) );
#6996 = FACE_BOUND('',#6997,.F.);
#6997 = EDGE_LOOP('',(#6998));
#6998 = ORIENTED_EDGE('',*,*,#6999,.T.);
#6999 = EDGE_CURVE('',#7000,#7000,#7002,.T.);
#7000 = VERTEX_POINT('',#7001);
#7001 = CARTESIAN_POINT('',(44.25,245.5,0.));
#7002 = SURFACE_CURVE('',#7003,(#7008,#7019),.PCURVE_S1.);
#7003 = CIRCLE('',#7004,1.25);
#7004 = AXIS2_PLACEMENT_3D('',#7005,#7006,#7007);
#7005 = CARTESIAN_POINT('',(45.5,245.5,0.));
#7006 = DIRECTION('',(0.,0.,-1.));
#7007 = DIRECTION('',(-1.,0.,0.));
#7008 = PCURVE('',#100,#7009);
#7009 = DEFINITIONAL_REPRESENTATION('',(#7010),#7018);
#7010 = ( BOUNDED_CURVE() B_SPLINE_CURVE(2,(#7011,#7012,#7013,#7014,
#7015,#7016,#7017),.UNSPECIFIED.,.T.,.F.) B_SPLINE_CURVE_WITH_KNOTS((1,2
    ,2,2,2,1),(-2.094395102393,0.,2.094395102393,4.188790204786,
6.28318530718,8.377580409573),.UNSPECIFIED.) CURVE() 
GEOMETRIC_REPRESENTATION_ITEM() RATIONAL_B_SPLINE_CURVE((1.,0.5,1.,0.5,
1.,0.5,1.)) REPRESENTATION_ITEM('') );
#7011 = CARTESIAN_POINT('',(64.25,265.5));
#7012 = CARTESIAN_POINT('',(64.25,267.66506350946));
#7013 = CARTESIAN_POINT('',(66.125,266.58253175473));
#7014 = CARTESIAN_POINT('',(68.,265.5));
#7015 = CARTESIAN_POINT('',(66.125,264.41746824526));
#7016 = CARTESIAN_POINT('',(64.25,263.33493649053));
#7017 = CARTESIAN_POINT('',(64.25,265.5));
#7018 = ( GEOMETRIC_REPRESENTATION_CONTEXT(2) 
PARAMETRIC_REPRESENTATION_CONTEXT() REPRESENTATION_CONTEXT('2D SPACE',''
  ) );
#7019 = PCURVE('',#2636,#7020);
#7020 = DEFINITIONAL_REPRESENTATION('',(#7021),#7025);
#7021 = LINE('',#7022,#7023);
#7022 = CARTESIAN_POINT('',(0.,3.));
#7023 = VECTOR('',#7024,1.);
#7024 = DIRECTION('',(1.,0.));
#7025 = ( GEOMETRIC_REPRESENTATION_CONTEXT(2) 
PARAMETRIC_REPRESENTATION_CONTEXT() REPRESENTATION_CONTEXT('2D SPACE',''
  ) );
#7026 = FACE_BOUND('',#7027,.F.);
#7027 = EDGE_LOOP('',(#7028));
#7028 = ORIENTED_EDGE('',*,*,#7029,.T.);
#7029 = EDGE_CURVE('',#7030,#7030,#7032,.T.);
#7030 = VERTEX_POINT('',#7031);
#7031 = CARTESIAN_POINT('',(53.25,204.5,0.));
#7032 = SURFACE_CURVE('',#7033,(#7038,#7049),.PCURVE_S1.);
#7033 = CIRCLE('',#7034,1.25);
#7034 = AXIS2_PLACEMENT_3D('',#7035,#7036,#7037);
#7035 = CARTESIAN_POINT('',(54.5,204.5,0.));
#7036 = DIRECTION('',(0.,0.,-1.));
#7037 = DIRECTION('',(-1.,0.,0.));
#7038 = PCURVE('',#100,#7039);
#7039 = DEFINITIONAL_REPRESENTATION('',(#7040),#7048);
#7040 = ( BOUNDED_CURVE() B_SPLINE_CURVE(2,(#7041,#7042,#7043,#7044,
#7045,#7046,#7047),.UNSPECIFIED.,.T.,.F.) B_SPLINE_CURVE_WITH_KNOTS((1,2
    ,2,2,2,1),(-2.094395102393,0.,2.094395102393,4.188790204786,
6.28318530718,8.377580409573),.UNSPECIFIED.) CURVE() 
GEOMETRIC_REPRESENTATION_ITEM() RATIONAL_B_SPLINE_CURVE((1.,0.5,1.,0.5,
1.,0.5,1.)) REPRESENTATION_ITEM('') );
#7041 = CARTESIAN_POINT('',(73.25,224.5));
#7042 = CARTESIAN_POINT('',(73.25,226.66506350946));
#7043 = CARTESIAN_POINT('',(75.125,225.58253175473));
#7044 = CARTESIAN_POINT('',(77.,224.5));
#7045 = CARTESIAN_POINT('',(75.125,223.41746824526));
#7046 = CARTESIAN_POINT('',(73.25,222.33493649053));
#7047 = CARTESIAN_POINT('',(73.25,224.5));
#7048 = ( GEOMETRIC_REPRESENTATION_CONTEXT(2) 
PARAMETRIC_REPRESENTATION_CONTEXT() REPRESENTATION_CONTEXT('2D SPACE',''
  ) );
#7049 = PCURVE('',#2671,#7050);
#7050 = DEFINITIONAL_REPRESENTATION('',(#7051),#7055);
#7051 = LINE('',#7052,#7053);
#7052 = CARTESIAN_POINT('',(0.,3.));
#7053 = VECTOR('',#7054,1.);
#7054 = DIRECTION('',(1.,0.));
#7055 = ( GEOMETRIC_REPRESENTATION_CONTEXT(2) 
PARAMETRIC_REPRESENTATION_CONTEXT() REPRESENTATION_CONTEXT('2D SPACE',''
  ) );
#7056 = FACE_BOUND('',#7057,.F.);
#7057 = EDGE_LOOP('',(#7058));
#7058 = ORIENTED_EDGE('',*,*,#7059,.T.);
#7059 = EDGE_CURVE('',#7060,#7060,#7062,.T.);
#7060 = VERTEX_POINT('',#7061);
#7061 = CARTESIAN_POINT('',(94.25,245.5,0.));
#7062 = SURFACE_CURVE('',#7063,(#7068,#7079),.PCURVE_S1.);
#7063 = CIRCLE('',#7064,1.25);
#7064 = AXIS2_PLACEMENT_3D('',#7065,#7066,#7067);
#7065 = CARTESIAN_POINT('',(95.5,245.5,0.));
#7066 = DIRECTION('',(0.,0.,-1.));
#7067 = DIRECTION('',(-1.,0.,0.));
#7068 = PCURVE('',#100,#7069);
#7069 = DEFINITIONAL_REPRESENTATION('',(#7070),#7078);
#7070 = ( BOUNDED_CURVE() B_SPLINE_CURVE(2,(#7071,#7072,#7073,#7074,
#7075,#7076,#7077),.UNSPECIFIED.,.T.,.F.) B_SPLINE_CURVE_WITH_KNOTS((1,2
    ,2,2,2,1),(-2.094395102393,0.,2.094395102393,4.188790204786,
6.28318530718,8.377580409573),.UNSPECIFIED.) CURVE() 
GEOMETRIC_REPRESENTATION_ITEM() RATIONAL_B_SPLINE_CURVE((1.,0.5,1.,0.5,
1.,0.5,1.)) REPRESENTATION_ITEM('') );
#7071 = CARTESIAN_POINT('',(114.25,265.5));
#7072 = CARTESIAN_POINT('',(114.25,267.66506350946));
#7073 = CARTESIAN_POINT('',(116.125,266.58253175473));
#7074 = CARTESIAN_POINT('',(118.,265.5));
#7075 = CARTESIAN_POINT('',(116.125,264.41746824526));
#7076 = CARTESIAN_POINT('',(114.25,263.33493649053));
#7077 = CARTESIAN_POINT('',(114.25,265.5));
#7078 = ( GEOMETRIC_REPRESENTATION_CONTEXT(2) 
PARAMETRIC_REPRESENTATION_CONTEXT() REPRESENTATION_CONTEXT('2D SPACE',''
  ) );
#7079 = PCURVE('',#2706,#7080);
#7080 = DEFINITIONAL_REPRESENTATION('',(#7081),#7085);
#7081 = LINE('',#7082,#7083);
#7082 = CARTESIAN_POINT('',(0.,3.));
#7083 = VECTOR('',#7084,1.);
#7084 = DIRECTION('',(1.,0.));
#7085 = ( GEOMETRIC_REPRESENTATION_CONTEXT(2) 
PARAMETRIC_REPRESENTATION_CONTEXT() REPRESENTATION_CONTEXT('2D SPACE',''
  ) );
#7086 = FACE_BOUND('',#7087,.F.);
#7087 = EDGE_LOOP('',(#7088));
#7088 = ORIENTED_EDGE('',*,*,#7089,.T.);
#7089 = EDGE_CURVE('',#7090,#7090,#7092,.T.);
#7090 = VERTEX_POINT('',#7091);
#7091 = CARTESIAN_POINT('',(3.25,254.5,0.));
#7092 = SURFACE_CURVE('',#7093,(#7098,#7109),.PCURVE_S1.);
#7093 = CIRCLE('',#7094,1.25);
#7094 = AXIS2_PLACEMENT_3D('',#7095,#7096,#7097);
#7095 = CARTESIAN_POINT('',(4.5,254.5,0.));
#7096 = DIRECTION('',(0.,0.,-1.));
#7097 = DIRECTION('',(-1.,0.,0.));
#7098 = PCURVE('',#100,#7099);
#7099 = DEFINITIONAL_REPRESENTATION('',(#7100),#7108);
#7100 = ( BOUNDED_CURVE() B_SPLINE_CURVE(2,(#7101,#7102,#7103,#7104,
#7105,#7106,#7107),.UNSPECIFIED.,.T.,.F.) B_SPLINE_CURVE_WITH_KNOTS((1,2
    ,2,2,2,1),(-2.094395102393,0.,2.094395102393,4.188790204786,
6.28318530718,8.377580409573),.UNSPECIFIED.) CURVE() 
GEOMETRIC_REPRESENTATION_ITEM() RATIONAL_B_SPLINE_CURVE((1.,0.5,1.,0.5,
1.,0.5,1.)) REPRESENTATION_ITEM('') );
#7101 = CARTESIAN_POINT('',(23.25,274.5));
#7102 = CARTESIAN_POINT('',(23.25,276.66506350946));
#7103 = CARTESIAN_POINT('',(25.125,275.58253175473));
#7104 = CARTESIAN_POINT('',(27.,274.5));
#7105 = CARTESIAN_POINT('',(25.125,273.41746824526));
#7106 = CARTESIAN_POINT('',(23.25,272.33493649053));
#7107 = CARTESIAN_POINT('',(23.25,274.5));
#7108 = ( GEOMETRIC_REPRESENTATION_CONTEXT(2) 
PARAMETRIC_REPRESENTATION_CONTEXT() REPRESENTATION_CONTEXT('2D SPACE',''
  ) );
#7109 = PCURVE('',#2741,#7110);
#7110 = DEFINITIONAL_REPRESENTATION('',(#7111),#7115);
#7111 = LINE('',#7112,#7113);
#7112 = CARTESIAN_POINT('',(0.,3.));
#7113 = VECTOR('',#7114,1.);
#7114 = DIRECTION('',(1.,0.));
#7115 = ( GEOMETRIC_REPRESENTATION_CONTEXT(2) 
PARAMETRIC_REPRESENTATION_CONTEXT() REPRESENTATION_CONTEXT('2D SPACE',''
  ) );
#7116 = FACE_BOUND('',#7117,.F.);
#7117 = EDGE_LOOP('',(#7118));
#7118 = ORIENTED_EDGE('',*,*,#7119,.T.);
#7119 = EDGE_CURVE('',#7120,#7120,#7122,.T.);
#7120 = VERTEX_POINT('',#7121);
#7121 = CARTESIAN_POINT('',(44.25,295.5,0.));
#7122 = SURFACE_CURVE('',#7123,(#7128,#7139),.PCURVE_S1.);
#7123 = CIRCLE('',#7124,1.25);
#7124 = AXIS2_PLACEMENT_3D('',#7125,#7126,#7127);
#7125 = CARTESIAN_POINT('',(45.5,295.5,0.));
#7126 = DIRECTION('',(0.,0.,-1.));
#7127 = DIRECTION('',(-1.,0.,0.));
#7128 = PCURVE('',#100,#7129);
#7129 = DEFINITIONAL_REPRESENTATION('',(#7130),#7138);
#7130 = ( BOUNDED_CURVE() B_SPLINE_CURVE(2,(#7131,#7132,#7133,#7134,
#7135,#7136,#7137),.UNSPECIFIED.,.T.,.F.) B_SPLINE_CURVE_WITH_KNOTS((1,2
    ,2,2,2,1),(-2.094395102393,0.,2.094395102393,4.188790204786,
6.28318530718,8.377580409573),.UNSPECIFIED.) CURVE() 
GEOMETRIC_REPRESENTATION_ITEM() RATIONAL_B_SPLINE_CURVE((1.,0.5,1.,0.5,
1.,0.5,1.)) REPRESENTATION_ITEM('') );
#7131 = CARTESIAN_POINT('',(64.25,315.5));
#7132 = CARTESIAN_POINT('',(64.25,317.66506350946));
#7133 = CARTESIAN_POINT('',(66.125,316.58253175473));
#7134 = CARTESIAN_POINT('',(68.,315.5));
#7135 = CARTESIAN_POINT('',(66.125,314.41746824526));
#7136 = CARTESIAN_POINT('',(64.25,313.33493649053));
#7137 = CARTESIAN_POINT('',(64.25,315.5));
#7138 = ( GEOMETRIC_REPRESENTATION_CONTEXT(2) 
PARAMETRIC_REPRESENTATION_CONTEXT() REPRESENTATION_CONTEXT('2D SPACE',''
  ) );
#7139 = PCURVE('',#2776,#7140);
#7140 = DEFINITIONAL_REPRESENTATION('',(#7141),#7145);
#7141 = LINE('',#7142,#7143);
#7142 = CARTESIAN_POINT('',(0.,3.));
#7143 = VECTOR('',#7144,1.);
#7144 = DIRECTION('',(1.,0.));
#7145 = ( GEOMETRIC_REPRESENTATION_CONTEXT(2) 
PARAMETRIC_REPRESENTATION_CONTEXT() REPRESENTATION_CONTEXT('2D SPACE',''
  ) );
#7146 = FACE_BOUND('',#7147,.F.);
#7147 = EDGE_LOOP('',(#7148));
#7148 = ORIENTED_EDGE('',*,*,#7149,.T.);
#7149 = EDGE_CURVE('',#7150,#7150,#7152,.T.);
#7150 = VERTEX_POINT('',#7151);
#7151 = CARTESIAN_POINT('',(53.25,254.5,0.));
#7152 = SURFACE_CURVE('',#7153,(#7158,#7169),.PCURVE_S1.);
#7153 = CIRCLE('',#7154,1.25);
#7154 = AXIS2_PLACEMENT_3D('',#7155,#7156,#7157);
#7155 = CARTESIAN_POINT('',(54.5,254.5,0.));
#7156 = DIRECTION('',(0.,0.,-1.));
#7157 = DIRECTION('',(-1.,0.,0.));
#7158 = PCURVE('',#100,#7159);
#7159 = DEFINITIONAL_REPRESENTATION('',(#7160),#7168);
#7160 = ( BOUNDED_CURVE() B_SPLINE_CURVE(2,(#7161,#7162,#7163,#7164,
#7165,#7166,#7167),.UNSPECIFIED.,.T.,.F.) B_SPLINE_CURVE_WITH_KNOTS((1,2
    ,2,2,2,1),(-2.094395102393,0.,2.094395102393,4.188790204786,
6.28318530718,8.377580409573),.UNSPECIFIED.) CURVE() 
GEOMETRIC_REPRESENTATION_ITEM() RATIONAL_B_SPLINE_CURVE((1.,0.5,1.,0.5,
1.,0.5,1.)) REPRESENTATION_ITEM('') );
#7161 = CARTESIAN_POINT('',(73.25,274.5));
#7162 = CARTESIAN_POINT('',(73.25,276.66506350946));
#7163 = CARTESIAN_POINT('',(75.125,275.58253175473));
#7164 = CARTESIAN_POINT('',(77.,274.5));
#7165 = CARTESIAN_POINT('',(75.125,273.41746824526));
#7166 = CARTESIAN_POINT('',(73.25,272.33493649053));
#7167 = CARTESIAN_POINT('',(73.25,274.5));
#7168 = ( GEOMETRIC_REPRESENTATION_CONTEXT(2) 
PARAMETRIC_REPRESENTATION_CONTEXT() REPRESENTATION_CONTEXT('2D SPACE',''
  ) );
#7169 = PCURVE('',#2811,#7170);
#7170 = DEFINITIONAL_REPRESENTATION('',(#7171),#7175);
#7171 = LINE('',#7172,#7173);
#7172 = CARTESIAN_POINT('',(0.,3.));
#7173 = VECTOR('',#7174,1.);
#7174 = DIRECTION('',(1.,0.));
#7175 = ( GEOMETRIC_REPRESENTATION_CONTEXT(2) 
PARAMETRIC_REPRESENTATION_CONTEXT() REPRESENTATION_CONTEXT('2D SPACE',''
  ) );
#7176 = FACE_BOUND('',#7177,.F.);
#7177 = EDGE_LOOP('',(#7178));
#7178 = ORIENTED_EDGE('',*,*,#7179,.T.);
#7179 = EDGE_CURVE('',#7180,#7180,#7182,.T.);
#7180 = VERTEX_POINT('',#7181);
#7181 = CARTESIAN_POINT('',(94.25,295.5,0.));
#7182 = SURFACE_CURVE('',#7183,(#7188,#7199),.PCURVE_S1.);
#7183 = CIRCLE('',#7184,1.25);
#7184 = AXIS2_PLACEMENT_3D('',#7185,#7186,#7187);
#7185 = CARTESIAN_POINT('',(95.5,295.5,0.));
#7186 = DIRECTION('',(0.,0.,-1.));
#7187 = DIRECTION('',(-1.,0.,0.));
#7188 = PCURVE('',#100,#7189);
#7189 = DEFINITIONAL_REPRESENTATION('',(#7190),#7198);
#7190 = ( BOUNDED_CURVE() B_SPLINE_CURVE(2,(#7191,#7192,#7193,#7194,
#7195,#7196,#7197),.UNSPECIFIED.,.T.,.F.) B_SPLINE_CURVE_WITH_KNOTS((1,2
    ,2,2,2,1),(-2.094395102393,0.,2.094395102393,4.188790204786,
6.28318530718,8.377580409573),.UNSPECIFIED.) CURVE() 
GEOMETRIC_REPRESENTATION_ITEM() RATIONAL_B_SPLINE_CURVE((1.,0.5,1.,0.5,
1.,0.5,1.)) REPRESENTATION_ITEM('') );
#7191 = CARTESIAN_POINT('',(114.25,315.5));
#7192 = CARTESIAN_POINT('',(114.25,317.66506350946));
#7193 = CARTESIAN_POINT('',(116.125,316.58253175473));
#7194 = CARTESIAN_POINT('',(118.,315.5));
#7195 = CARTESIAN_POINT('',(116.125,314.41746824526));
#7196 = CARTESIAN_POINT('',(114.25,313.33493649053));
#7197 = CARTESIAN_POINT('',(114.25,315.5));
#7198 = ( GEOMETRIC_REPRESENTATION_CONTEXT(2) 
PARAMETRIC_REPRESENTATION_CONTEXT() REPRESENTATION_CONTEXT('2D SPACE',''
  ) );
#7199 = PCURVE('',#2846,#7200);
#7200 = DEFINITIONAL_REPRESENTATION('',(#7201),#7205);
#7201 = LINE('',#7202,#7203);
#7202 = CARTESIAN_POINT('',(0.,3.));
#7203 = VECTOR('',#7204,1.);
#7204 = DIRECTION('',(1.,0.));
#7205 = ( GEOMETRIC_REPRESENTATION_CONTEXT(2) 
PARAMETRIC_REPRESENTATION_CONTEXT() REPRESENTATION_CONTEXT('2D SPACE',''
  ) );
#7206 = FACE_BOUND('',#7207,.F.);
#7207 = EDGE_LOOP('',(#7208));
#7208 = ORIENTED_EDGE('',*,*,#7209,.T.);
#7209 = EDGE_CURVE('',#7210,#7210,#7212,.T.);
#7210 = VERTEX_POINT('',#7211);
#7211 = CARTESIAN_POINT('',(103.25,204.5,0.));
#7212 = SURFACE_CURVE('',#7213,(#7218,#7229),.PCURVE_S1.);
#7213 = CIRCLE('',#7214,1.25);
#7214 = AXIS2_PLACEMENT_3D('',#7215,#7216,#7217);
#7215 = CARTESIAN_POINT('',(104.5,204.5,0.));
#7216 = DIRECTION('',(0.,0.,-1.));
#7217 = DIRECTION('',(-1.,0.,0.));
#7218 = PCURVE('',#100,#7219);
#7219 = DEFINITIONAL_REPRESENTATION('',(#7220),#7228);
#7220 = ( BOUNDED_CURVE() B_SPLINE_CURVE(2,(#7221,#7222,#7223,#7224,
#7225,#7226,#7227),.UNSPECIFIED.,.T.,.F.) B_SPLINE_CURVE_WITH_KNOTS((1,2
    ,2,2,2,1),(-2.094395102393,0.,2.094395102393,4.188790204786,
6.28318530718,8.377580409573),.UNSPECIFIED.) CURVE() 
GEOMETRIC_REPRESENTATION_ITEM() RATIONAL_B_SPLINE_CURVE((1.,0.5,1.,0.5,
1.,0.5,1.)) REPRESENTATION_ITEM('') );
#7221 = CARTESIAN_POINT('',(123.25,224.5));
#7222 = CARTESIAN_POINT('',(123.25,226.66506350946));
#7223 = CARTESIAN_POINT('',(125.125,225.58253175473));
#7224 = CARTESIAN_POINT('',(127.,224.5));
#7225 = CARTESIAN_POINT('',(125.125,223.41746824526));
#7226 = CARTESIAN_POINT('',(123.25,222.33493649053));
#7227 = CARTESIAN_POINT('',(123.25,224.5));
#7228 = ( GEOMETRIC_REPRESENTATION_CONTEXT(2) 
PARAMETRIC_REPRESENTATION_CONTEXT() REPRESENTATION_CONTEXT('2D SPACE',''
  ) );
#7229 = PCURVE('',#2881,#7230);
#7230 = DEFINITIONAL_REPRESENTATION('',(#7231),#7235);
#7231 = LINE('',#7232,#7233);
#7232 = CARTESIAN_POINT('',(0.,3.));
#7233 = VECTOR('',#7234,1.);
#7234 = DIRECTION('',(1.,0.));
#7235 = ( GEOMETRIC_REPRESENTATION_CONTEXT(2) 
PARAMETRIC_REPRESENTATION_CONTEXT() REPRESENTATION_CONTEXT('2D SPACE',''
  ) );
#7236 = FACE_BOUND('',#7237,.F.);
#7237 = EDGE_LOOP('',(#7238));
#7238 = ORIENTED_EDGE('',*,*,#7239,.T.);
#7239 = EDGE_CURVE('',#7240,#7240,#7242,.T.);
#7240 = VERTEX_POINT('',#7241);
#7241 = CARTESIAN_POINT('',(144.25,245.5,0.));
#7242 = SURFACE_CURVE('',#7243,(#7248,#7259),.PCURVE_S1.);
#7243 = CIRCLE('',#7244,1.25);
#7244 = AXIS2_PLACEMENT_3D('',#7245,#7246,#7247);
#7245 = CARTESIAN_POINT('',(145.5,245.5,0.));
#7246 = DIRECTION('',(0.,0.,-1.));
#7247 = DIRECTION('',(-1.,0.,0.));
#7248 = PCURVE('',#100,#7249);
#7249 = DEFINITIONAL_REPRESENTATION('',(#7250),#7258);
#7250 = ( BOUNDED_CURVE() B_SPLINE_CURVE(2,(#7251,#7252,#7253,#7254,
#7255,#7256,#7257),.UNSPECIFIED.,.T.,.F.) B_SPLINE_CURVE_WITH_KNOTS((1,2
    ,2,2,2,1),(-2.094395102393,0.,2.094395102393,4.188790204786,
6.28318530718,8.377580409573),.UNSPECIFIED.) CURVE() 
GEOMETRIC_REPRESENTATION_ITEM() RATIONAL_B_SPLINE_CURVE((1.,0.5,1.,0.5,
1.,0.5,1.)) REPRESENTATION_ITEM('') );
#7251 = CARTESIAN_POINT('',(164.25,265.5));
#7252 = CARTESIAN_POINT('',(164.25,267.66506350946));
#7253 = CARTESIAN_POINT('',(166.125,266.58253175473));
#7254 = CARTESIAN_POINT('',(168.,265.5));
#7255 = CARTESIAN_POINT('',(166.125,264.41746824526));
#7256 = CARTESIAN_POINT('',(164.25,263.33493649053));
#7257 = CARTESIAN_POINT('',(164.25,265.5));
#7258 = ( GEOMETRIC_REPRESENTATION_CONTEXT(2) 
PARAMETRIC_REPRESENTATION_CONTEXT() REPRESENTATION_CONTEXT('2D SPACE',''
  ) );
#7259 = PCURVE('',#2916,#7260);
#7260 = DEFINITIONAL_REPRESENTATION('',(#7261),#7265);
#7261 = LINE('',#7262,#7263);
#7262 = CARTESIAN_POINT('',(0.,3.));
#7263 = VECTOR('',#7264,1.);
#7264 = DIRECTION('',(1.,0.));
#7265 = ( GEOMETRIC_REPRESENTATION_CONTEXT(2) 
PARAMETRIC_REPRESENTATION_CONTEXT() REPRESENTATION_CONTEXT('2D SPACE',''
  ) );
#7266 = FACE_BOUND('',#7267,.F.);
#7267 = EDGE_LOOP('',(#7268));
#7268 = ORIENTED_EDGE('',*,*,#7269,.T.);
#7269 = EDGE_CURVE('',#7270,#7270,#7272,.T.);
#7270 = VERTEX_POINT('',#7271);
#7271 = CARTESIAN_POINT('',(153.25,204.5,0.));
#7272 = SURFACE_CURVE('',#7273,(#7278,#7289),.PCURVE_S1.);
#7273 = CIRCLE('',#7274,1.25);
#7274 = AXIS2_PLACEMENT_3D('',#7275,#7276,#7277);
#7275 = CARTESIAN_POINT('',(154.5,204.5,0.));
#7276 = DIRECTION('',(0.,0.,-1.));
#7277 = DIRECTION('',(-1.,0.,0.));
#7278 = PCURVE('',#100,#7279);
#7279 = DEFINITIONAL_REPRESENTATION('',(#7280),#7288);
#7280 = ( BOUNDED_CURVE() B_SPLINE_CURVE(2,(#7281,#7282,#7283,#7284,
#7285,#7286,#7287),.UNSPECIFIED.,.T.,.F.) B_SPLINE_CURVE_WITH_KNOTS((1,2
    ,2,2,2,1),(-2.094395102393,0.,2.094395102393,4.188790204786,
6.28318530718,8.377580409573),.UNSPECIFIED.) CURVE() 
GEOMETRIC_REPRESENTATION_ITEM() RATIONAL_B_SPLINE_CURVE((1.,0.5,1.,0.5,
1.,0.5,1.)) REPRESENTATION_ITEM('') );
#7281 = CARTESIAN_POINT('',(173.25,224.5));
#7282 = CARTESIAN_POINT('',(173.25,226.66506350946));
#7283 = CARTESIAN_POINT('',(175.125,225.58253175473));
#7284 = CARTESIAN_POINT('',(177.,224.5));
#7285 = CARTESIAN_POINT('',(175.125,223.41746824526));
#7286 = CARTESIAN_POINT('',(173.25,222.33493649053));
#7287 = CARTESIAN_POINT('',(173.25,224.5));
#7288 = ( GEOMETRIC_REPRESENTATION_CONTEXT(2) 
PARAMETRIC_REPRESENTATION_CONTEXT() REPRESENTATION_CONTEXT('2D SPACE',''
  ) );
#7289 = PCURVE('',#2951,#7290);
#7290 = DEFINITIONAL_REPRESENTATION('',(#7291),#7295);
#7291 = LINE('',#7292,#7293);
#7292 = CARTESIAN_POINT('',(0.,3.));
#7293 = VECTOR('',#7294,1.);
#7294 = DIRECTION('',(1.,0.));
#7295 = ( GEOMETRIC_REPRESENTATION_CONTEXT(2) 
PARAMETRIC_REPRESENTATION_CONTEXT() REPRESENTATION_CONTEXT('2D SPACE',''
  ) );
#7296 = FACE_BOUND('',#7297,.F.);
#7297 = EDGE_LOOP('',(#7298));
#7298 = ORIENTED_EDGE('',*,*,#7299,.T.);
#7299 = EDGE_CURVE('',#7300,#7300,#7302,.T.);
#7300 = VERTEX_POINT('',#7301);
#7301 = CARTESIAN_POINT('',(194.25,245.5,0.));
#7302 = SURFACE_CURVE('',#7303,(#7308,#7319),.PCURVE_S1.);
#7303 = CIRCLE('',#7304,1.25);
#7304 = AXIS2_PLACEMENT_3D('',#7305,#7306,#7307);
#7305 = CARTESIAN_POINT('',(195.5,245.5,0.));
#7306 = DIRECTION('',(0.,0.,-1.));
#7307 = DIRECTION('',(-1.,0.,0.));
#7308 = PCURVE('',#100,#7309);
#7309 = DEFINITIONAL_REPRESENTATION('',(#7310),#7318);
#7310 = ( BOUNDED_CURVE() B_SPLINE_CURVE(2,(#7311,#7312,#7313,#7314,
#7315,#7316,#7317),.UNSPECIFIED.,.T.,.F.) B_SPLINE_CURVE_WITH_KNOTS((1,2
    ,2,2,2,1),(-2.094395102393,0.,2.094395102393,4.188790204786,
6.28318530718,8.377580409573),.UNSPECIFIED.) CURVE() 
GEOMETRIC_REPRESENTATION_ITEM() RATIONAL_B_SPLINE_CURVE((1.,0.5,1.,0.5,
1.,0.5,1.)) REPRESENTATION_ITEM('') );
#7311 = CARTESIAN_POINT('',(214.25,265.5));
#7312 = CARTESIAN_POINT('',(214.25,267.66506350946));
#7313 = CARTESIAN_POINT('',(216.125,266.58253175473));
#7314 = CARTESIAN_POINT('',(218.,265.5));
#7315 = CARTESIAN_POINT('',(216.125,264.41746824526));
#7316 = CARTESIAN_POINT('',(214.25,263.33493649053));
#7317 = CARTESIAN_POINT('',(214.25,265.5));
#7318 = ( GEOMETRIC_REPRESENTATION_CONTEXT(2) 
PARAMETRIC_REPRESENTATION_CONTEXT() REPRESENTATION_CONTEXT('2D SPACE',''
  ) );
#7319 = PCURVE('',#2986,#7320);
#7320 = DEFINITIONAL_REPRESENTATION('',(#7321),#7325);
#7321 = LINE('',#7322,#7323);
#7322 = CARTESIAN_POINT('',(0.,3.));
#7323 = VECTOR('',#7324,1.);
#7324 = DIRECTION('',(1.,0.));
#7325 = ( GEOMETRIC_REPRESENTATION_CONTEXT(2) 
PARAMETRIC_REPRESENTATION_CONTEXT() REPRESENTATION_CONTEXT('2D SPACE',''
  ) );
#7326 = FACE_BOUND('',#7327,.F.);
#7327 = EDGE_LOOP('',(#7328));
#7328 = ORIENTED_EDGE('',*,*,#7329,.T.);
#7329 = EDGE_CURVE('',#7330,#7330,#7332,.T.);
#7330 = VERTEX_POINT('',#7331);
#7331 = CARTESIAN_POINT('',(103.25,254.5,0.));
#7332 = SURFACE_CURVE('',#7333,(#7338,#7349),.PCURVE_S1.);
#7333 = CIRCLE('',#7334,1.25);
#7334 = AXIS2_PLACEMENT_3D('',#7335,#7336,#7337);
#7335 = CARTESIAN_POINT('',(104.5,254.5,0.));
#7336 = DIRECTION('',(0.,0.,-1.));
#7337 = DIRECTION('',(-1.,0.,0.));
#7338 = PCURVE('',#100,#7339);
#7339 = DEFINITIONAL_REPRESENTATION('',(#7340),#7348);
#7340 = ( BOUNDED_CURVE() B_SPLINE_CURVE(2,(#7341,#7342,#7343,#7344,
#7345,#7346,#7347),.UNSPECIFIED.,.T.,.F.) B_SPLINE_CURVE_WITH_KNOTS((1,2
    ,2,2,2,1),(-2.094395102393,0.,2.094395102393,4.188790204786,
6.28318530718,8.377580409573),.UNSPECIFIED.) CURVE() 
GEOMETRIC_REPRESENTATION_ITEM() RATIONAL_B_SPLINE_CURVE((1.,0.5,1.,0.5,
1.,0.5,1.)) REPRESENTATION_ITEM('') );
#7341 = CARTESIAN_POINT('',(123.25,274.5));
#7342 = CARTESIAN_POINT('',(123.25,276.66506350946));
#7343 = CARTESIAN_POINT('',(125.125,275.58253175473));
#7344 = CARTESIAN_POINT('',(127.,274.5));
#7345 = CARTESIAN_POINT('',(125.125,273.41746824526));
#7346 = CARTESIAN_POINT('',(123.25,272.33493649053));
#7347 = CARTESIAN_POINT('',(123.25,274.5));
#7348 = ( GEOMETRIC_REPRESENTATION_CONTEXT(2) 
PARAMETRIC_REPRESENTATION_CONTEXT() REPRESENTATION_CONTEXT('2D SPACE',''
  ) );
#7349 = PCURVE('',#3021,#7350);
#7350 = DEFINITIONAL_REPRESENTATION('',(#7351),#7355);
#7351 = LINE('',#7352,#7353);
#7352 = CARTESIAN_POINT('',(0.,3.));
#7353 = VECTOR('',#7354,1.);
#7354 = DIRECTION('',(1.,0.));
#7355 = ( GEOMETRIC_REPRESENTATION_CONTEXT(2) 
PARAMETRIC_REPRESENTATION_CONTEXT() REPRESENTATION_CONTEXT('2D SPACE',''
  ) );
#7356 = FACE_BOUND('',#7357,.F.);
#7357 = EDGE_LOOP('',(#7358));
#7358 = ORIENTED_EDGE('',*,*,#7359,.T.);
#7359 = EDGE_CURVE('',#7360,#7360,#7362,.T.);
#7360 = VERTEX_POINT('',#7361);
#7361 = CARTESIAN_POINT('',(144.25,295.5,0.));
#7362 = SURFACE_CURVE('',#7363,(#7368,#7379),.PCURVE_S1.);
#7363 = CIRCLE('',#7364,1.25);
#7364 = AXIS2_PLACEMENT_3D('',#7365,#7366,#7367);
#7365 = CARTESIAN_POINT('',(145.5,295.5,0.));
#7366 = DIRECTION('',(0.,0.,-1.));
#7367 = DIRECTION('',(-1.,0.,0.));
#7368 = PCURVE('',#100,#7369);
#7369 = DEFINITIONAL_REPRESENTATION('',(#7370),#7378);
#7370 = ( BOUNDED_CURVE() B_SPLINE_CURVE(2,(#7371,#7372,#7373,#7374,
#7375,#7376,#7377),.UNSPECIFIED.,.T.,.F.) B_SPLINE_CURVE_WITH_KNOTS((1,2
    ,2,2,2,1),(-2.094395102393,0.,2.094395102393,4.188790204786,
6.28318530718,8.377580409573),.UNSPECIFIED.) CURVE() 
GEOMETRIC_REPRESENTATION_ITEM() RATIONAL_B_SPLINE_CURVE((1.,0.5,1.,0.5,
1.,0.5,1.)) REPRESENTATION_ITEM('') );
#7371 = CARTESIAN_POINT('',(164.25,315.5));
#7372 = CARTESIAN_POINT('',(164.25,317.66506350946));
#7373 = CARTESIAN_POINT('',(166.125,316.58253175473));
#7374 = CARTESIAN_POINT('',(168.,315.5));
#7375 = CARTESIAN_POINT('',(166.125,314.41746824526));
#7376 = CARTESIAN_POINT('',(164.25,313.33493649053));
#7377 = CARTESIAN_POINT('',(164.25,315.5));
#7378 = ( GEOMETRIC_REPRESENTATION_CONTEXT(2) 
PARAMETRIC_REPRESENTATION_CONTEXT() REPRESENTATION_CONTEXT('2D SPACE',''
  ) );
#7379 = PCURVE('',#3056,#7380);
#7380 = DEFINITIONAL_REPRESENTATION('',(#7381),#7385);
#7381 = LINE('',#7382,#7383);
#7382 = CARTESIAN_POINT('',(0.,3.));
#7383 = VECTOR('',#7384,1.);
#7384 = DIRECTION('',(1.,0.));
#7385 = ( GEOMETRIC_REPRESENTATION_CONTEXT(2) 
PARAMETRIC_REPRESENTATION_CONTEXT() REPRESENTATION_CONTEXT('2D SPACE',''
  ) );
#7386 = FACE_BOUND('',#7387,.F.);
#7387 = EDGE_LOOP('',(#7388));
#7388 = ORIENTED_EDGE('',*,*,#7389,.T.);
#7389 = EDGE_CURVE('',#7390,#7390,#7392,.T.);
#7390 = VERTEX_POINT('',#7391);
#7391 = CARTESIAN_POINT('',(153.25,254.5,0.));
#7392 = SURFACE_CURVE('',#7393,(#7398,#7409),.PCURVE_S1.);
#7393 = CIRCLE('',#7394,1.25);
#7394 = AXIS2_PLACEMENT_3D('',#7395,#7396,#7397);
#7395 = CARTESIAN_POINT('',(154.5,254.5,0.));
#7396 = DIRECTION('',(0.,0.,-1.));
#7397 = DIRECTION('',(-1.,0.,0.));
#7398 = PCURVE('',#100,#7399);
#7399 = DEFINITIONAL_REPRESENTATION('',(#7400),#7408);
#7400 = ( BOUNDED_CURVE() B_SPLINE_CURVE(2,(#7401,#7402,#7403,#7404,
#7405,#7406,#7407),.UNSPECIFIED.,.T.,.F.) B_SPLINE_CURVE_WITH_KNOTS((1,2
    ,2,2,2,1),(-2.094395102393,0.,2.094395102393,4.188790204786,
6.28318530718,8.377580409573),.UNSPECIFIED.) CURVE() 
GEOMETRIC_REPRESENTATION_ITEM() RATIONAL_B_SPLINE_CURVE((1.,0.5,1.,0.5,
1.,0.5,1.)) REPRESENTATION_ITEM('') );
#7401 = CARTESIAN_POINT('',(173.25,274.5));
#7402 = CARTESIAN_POINT('',(173.25,276.66506350946));
#7403 = CARTESIAN_POINT('',(175.125,275.58253175473));
#7404 = CARTESIAN_POINT('',(177.,274.5));
#7405 = CARTESIAN_POINT('',(175.125,273.41746824526));
#7406 = CARTESIAN_POINT('',(173.25,272.33493649053));
#7407 = CARTESIAN_POINT('',(173.25,274.5));
#7408 = ( GEOMETRIC_REPRESENTATION_CONTEXT(2) 
PARAMETRIC_REPRESENTATION_CONTEXT() REPRESENTATION_CONTEXT('2D SPACE',''
  ) );
#7409 = PCURVE('',#3091,#7410);
#7410 = DEFINITIONAL_REPRESENTATION('',(#7411),#7415);
#7411 = LINE('',#7412,#7413);
#7412 = CARTESIAN_POINT('',(0.,3.));
#7413 = VECTOR('',#7414,1.);
#7414 = DIRECTION('',(1.,0.));
#7415 = ( GEOMETRIC_REPRESENTATION_CONTEXT(2) 
PARAMETRIC_REPRESENTATION_CONTEXT() REPRESENTATION_CONTEXT('2D SPACE',''
  ) );
#7416 = FACE_BOUND('',#7417,.F.);
#7417 = EDGE_LOOP('',(#7418));
#7418 = ORIENTED_EDGE('',*,*,#7419,.T.);
#7419 = EDGE_CURVE('',#7420,#7420,#7422,.T.);
#7420 = VERTEX_POINT('',#7421);
#7421 = CARTESIAN_POINT('',(194.25,295.5,0.));
#7422 = SURFACE_CURVE('',#7423,(#7428,#7439),.PCURVE_S1.);
#7423 = CIRCLE('',#7424,1.25);
#7424 = AXIS2_PLACEMENT_3D('',#7425,#7426,#7427);
#7425 = CARTESIAN_POINT('',(195.5,295.5,0.));
#7426 = DIRECTION('',(0.,0.,-1.));
#7427 = DIRECTION('',(-1.,0.,0.));
#7428 = PCURVE('',#100,#7429);
#7429 = DEFINITIONAL_REPRESENTATION('',(#7430),#7438);
#7430 = ( BOUNDED_CURVE() B_SPLINE_CURVE(2,(#7431,#7432,#7433,#7434,
#7435,#7436,#7437),.UNSPECIFIED.,.T.,.F.) B_SPLINE_CURVE_WITH_KNOTS((1,2
    ,2,2,2,1),(-2.094395102393,0.,2.094395102393,4.188790204786,
6.28318530718,8.377580409573),.UNSPECIFIED.) CURVE() 
GEOMETRIC_REPRESENTATION_ITEM() RATIONAL_B_SPLINE_CURVE((1.,0.5,1.,0.5,
1.,0.5,1.)) REPRESENTATION_ITEM('') );
#7431 = CARTESIAN_POINT('',(214.25,315.5));
#7432 = CARTESIAN_POINT('',(214.25,317.66506350946));
#7433 = CARTESIAN_POINT('',(216.125,316.58253175473));
#7434 = CARTESIAN_POINT('',(218.,315.5));
#7435 = CARTESIAN_POINT('',(216.125,314.41746824526));
#7436 = CARTESIAN_POINT('',(214.25,313.33493649053));
#7437 = CARTESIAN_POINT('',(214.25,315.5));
#7438 = ( GEOMETRIC_REPRESENTATION_CONTEXT(2) 
PARAMETRIC_REPRESENTATION_CONTEXT() REPRESENTATION_CONTEXT('2D SPACE',''
  ) );
#7439 = PCURVE('',#3126,#7440);
#7440 = DEFINITIONAL_REPRESENTATION('',(#7441),#7445);
#7441 = LINE('',#7442,#7443);
#7442 = CARTESIAN_POINT('',(0.,3.));
#7443 = VECTOR('',#7444,1.);
#7444 = DIRECTION('',(1.,0.));
#7445 = ( GEOMETRIC_REPRESENTATION_CONTEXT(2) 
PARAMETRIC_REPRESENTATION_CONTEXT() REPRESENTATION_CONTEXT('2D SPACE',''
  ) );
#7446 = FACE_BOUND('',#7447,.F.);
#7447 = EDGE_LOOP('',(#7448));
#7448 = ORIENTED_EDGE('',*,*,#7449,.T.);
#7449 = EDGE_CURVE('',#7450,#7450,#7452,.T.);
#7450 = VERTEX_POINT('',#7451);
#7451 = CARTESIAN_POINT('',(3.25,304.5,0.));
#7452 = SURFACE_CURVE('',#7453,(#7458,#7469),.PCURVE_S1.);
#7453 = CIRCLE('',#7454,1.25);
#7454 = AXIS2_PLACEMENT_3D('',#7455,#7456,#7457);
#7455 = CARTESIAN_POINT('',(4.5,304.5,0.));
#7456 = DIRECTION('',(0.,0.,-1.));
#7457 = DIRECTION('',(-1.,0.,0.));
#7458 = PCURVE('',#100,#7459);
#7459 = DEFINITIONAL_REPRESENTATION('',(#7460),#7468);
#7460 = ( BOUNDED_CURVE() B_SPLINE_CURVE(2,(#7461,#7462,#7463,#7464,
#7465,#7466,#7467),.UNSPECIFIED.,.T.,.F.) B_SPLINE_CURVE_WITH_KNOTS((1,2
    ,2,2,2,1),(-2.094395102393,0.,2.094395102393,4.188790204786,
6.28318530718,8.377580409573),.UNSPECIFIED.) CURVE() 
GEOMETRIC_REPRESENTATION_ITEM() RATIONAL_B_SPLINE_CURVE((1.,0.5,1.,0.5,
1.,0.5,1.)) REPRESENTATION_ITEM('') );
#7461 = CARTESIAN_POINT('',(23.25,324.5));
#7462 = CARTESIAN_POINT('',(23.25,326.66506350946));
#7463 = CARTESIAN_POINT('',(25.125,325.58253175473));
#7464 = CARTESIAN_POINT('',(27.,324.5));
#7465 = CARTESIAN_POINT('',(25.125,323.41746824526));
#7466 = CARTESIAN_POINT('',(23.25,322.33493649053));
#7467 = CARTESIAN_POINT('',(23.25,324.5));
#7468 = ( GEOMETRIC_REPRESENTATION_CONTEXT(2) 
PARAMETRIC_REPRESENTATION_CONTEXT() REPRESENTATION_CONTEXT('2D SPACE',''
  ) );
#7469 = PCURVE('',#3161,#7470);
#7470 = DEFINITIONAL_REPRESENTATION('',(#7471),#7475);
#7471 = LINE('',#7472,#7473);
#7472 = CARTESIAN_POINT('',(0.,3.));
#7473 = VECTOR('',#7474,1.);
#7474 = DIRECTION('',(1.,0.));
#7475 = ( GEOMETRIC_REPRESENTATION_CONTEXT(2) 
PARAMETRIC_REPRESENTATION_CONTEXT() REPRESENTATION_CONTEXT('2D SPACE',''
  ) );
#7476 = FACE_BOUND('',#7477,.F.);
#7477 = EDGE_LOOP('',(#7478));
#7478 = ORIENTED_EDGE('',*,*,#7479,.T.);
#7479 = EDGE_CURVE('',#7480,#7480,#7482,.T.);
#7480 = VERTEX_POINT('',#7481);
#7481 = CARTESIAN_POINT('',(44.25,345.5,0.));
#7482 = SURFACE_CURVE('',#7483,(#7488,#7499),.PCURVE_S1.);
#7483 = CIRCLE('',#7484,1.25);
#7484 = AXIS2_PLACEMENT_3D('',#7485,#7486,#7487);
#7485 = CARTESIAN_POINT('',(45.5,345.5,0.));
#7486 = DIRECTION('',(0.,0.,-1.));
#7487 = DIRECTION('',(-1.,0.,0.));
#7488 = PCURVE('',#100,#7489);
#7489 = DEFINITIONAL_REPRESENTATION('',(#7490),#7498);
#7490 = ( BOUNDED_CURVE() B_SPLINE_CURVE(2,(#7491,#7492,#7493,#7494,
#7495,#7496,#7497),.UNSPECIFIED.,.T.,.F.) B_SPLINE_CURVE_WITH_KNOTS((1,2
    ,2,2,2,1),(-2.094395102393,0.,2.094395102393,4.188790204786,
6.28318530718,8.377580409573),.UNSPECIFIED.) CURVE() 
GEOMETRIC_REPRESENTATION_ITEM() RATIONAL_B_SPLINE_CURVE((1.,0.5,1.,0.5,
1.,0.5,1.)) REPRESENTATION_ITEM('') );
#7491 = CARTESIAN_POINT('',(64.25,365.5));
#7492 = CARTESIAN_POINT('',(64.25,367.66506350946));
#7493 = CARTESIAN_POINT('',(66.125,366.58253175473));
#7494 = CARTESIAN_POINT('',(68.,365.5));
#7495 = CARTESIAN_POINT('',(66.125,364.41746824526));
#7496 = CARTESIAN_POINT('',(64.25,363.33493649053));
#7497 = CARTESIAN_POINT('',(64.25,365.5));
#7498 = ( GEOMETRIC_REPRESENTATION_CONTEXT(2) 
PARAMETRIC_REPRESENTATION_CONTEXT() REPRESENTATION_CONTEXT('2D SPACE',''
  ) );
#7499 = PCURVE('',#3196,#7500);
#7500 = DEFINITIONAL_REPRESENTATION('',(#7501),#7505);
#7501 = LINE('',#7502,#7503);
#7502 = CARTESIAN_POINT('',(0.,3.));
#7503 = VECTOR('',#7504,1.);
#7504 = DIRECTION('',(1.,0.));
#7505 = ( GEOMETRIC_REPRESENTATION_CONTEXT(2) 
PARAMETRIC_REPRESENTATION_CONTEXT() REPRESENTATION_CONTEXT('2D SPACE',''
  ) );
#7506 = FACE_BOUND('',#7507,.F.);
#7507 = EDGE_LOOP('',(#7508));
#7508 = ORIENTED_EDGE('',*,*,#7509,.T.);
#7509 = EDGE_CURVE('',#7510,#7510,#7512,.T.);
#7510 = VERTEX_POINT('',#7511);
#7511 = CARTESIAN_POINT('',(53.25,304.5,0.));
#7512 = SURFACE_CURVE('',#7513,(#7518,#7529),.PCURVE_S1.);
#7513 = CIRCLE('',#7514,1.25);
#7514 = AXIS2_PLACEMENT_3D('',#7515,#7516,#7517);
#7515 = CARTESIAN_POINT('',(54.5,304.5,0.));
#7516 = DIRECTION('',(0.,0.,-1.));
#7517 = DIRECTION('',(-1.,0.,0.));
#7518 = PCURVE('',#100,#7519);
#7519 = DEFINITIONAL_REPRESENTATION('',(#7520),#7528);
#7520 = ( BOUNDED_CURVE() B_SPLINE_CURVE(2,(#7521,#7522,#7523,#7524,
#7525,#7526,#7527),.UNSPECIFIED.,.T.,.F.) B_SPLINE_CURVE_WITH_KNOTS((1,2
    ,2,2,2,1),(-2.094395102393,0.,2.094395102393,4.188790204786,
6.28318530718,8.377580409573),.UNSPECIFIED.) CURVE() 
GEOMETRIC_REPRESENTATION_ITEM() RATIONAL_B_SPLINE_CURVE((1.,0.5,1.,0.5,
1.,0.5,1.)) REPRESENTATION_ITEM('') );
#7521 = CARTESIAN_POINT('',(73.25,324.5));
#7522 = CARTESIAN_POINT('',(73.25,326.66506350946));
#7523 = CARTESIAN_POINT('',(75.125,325.58253175473));
#7524 = CARTESIAN_POINT('',(77.,324.5));
#7525 = CARTESIAN_POINT('',(75.125,323.41746824526));
#7526 = CARTESIAN_POINT('',(73.25,322.33493649053));
#7527 = CARTESIAN_POINT('',(73.25,324.5));
#7528 = ( GEOMETRIC_REPRESENTATION_CONTEXT(2) 
PARAMETRIC_REPRESENTATION_CONTEXT() REPRESENTATION_CONTEXT('2D SPACE',''
  ) );
#7529 = PCURVE('',#3231,#7530);
#7530 = DEFINITIONAL_REPRESENTATION('',(#7531),#7535);
#7531 = LINE('',#7532,#7533);
#7532 = CARTESIAN_POINT('',(0.,3.));
#7533 = VECTOR('',#7534,1.);
#7534 = DIRECTION('',(1.,0.));
#7535 = ( GEOMETRIC_REPRESENTATION_CONTEXT(2) 
PARAMETRIC_REPRESENTATION_CONTEXT() REPRESENTATION_CONTEXT('2D SPACE',''
  ) );
#7536 = FACE_BOUND('',#7537,.F.);
#7537 = EDGE_LOOP('',(#7538));
#7538 = ORIENTED_EDGE('',*,*,#7539,.T.);
#7539 = EDGE_CURVE('',#7540,#7540,#7542,.T.);
#7540 = VERTEX_POINT('',#7541);
#7541 = CARTESIAN_POINT('',(94.25,345.5,0.));
#7542 = SURFACE_CURVE('',#7543,(#7548,#7559),.PCURVE_S1.);
#7543 = CIRCLE('',#7544,1.25);
#7544 = AXIS2_PLACEMENT_3D('',#7545,#7546,#7547);
#7545 = CARTESIAN_POINT('',(95.5,345.5,0.));
#7546 = DIRECTION('',(0.,0.,-1.));
#7547 = DIRECTION('',(-1.,0.,0.));
#7548 = PCURVE('',#100,#7549);
#7549 = DEFINITIONAL_REPRESENTATION('',(#7550),#7558);
#7550 = ( BOUNDED_CURVE() B_SPLINE_CURVE(2,(#7551,#7552,#7553,#7554,
#7555,#7556,#7557),.UNSPECIFIED.,.T.,.F.) B_SPLINE_CURVE_WITH_KNOTS((1,2
    ,2,2,2,1),(-2.094395102393,0.,2.094395102393,4.188790204786,
6.28318530718,8.377580409573),.UNSPECIFIED.) CURVE() 
GEOMETRIC_REPRESENTATION_ITEM() RATIONAL_B_SPLINE_CURVE((1.,0.5,1.,0.5,
1.,0.5,1.)) REPRESENTATION_ITEM('') );
#7551 = CARTESIAN_POINT('',(114.25,365.5));
#7552 = CARTESIAN_POINT('',(114.25,367.66506350946));
#7553 = CARTESIAN_POINT('',(116.125,366.58253175473));
#7554 = CARTESIAN_POINT('',(118.,365.5));
#7555 = CARTESIAN_POINT('',(116.125,364.41746824526));
#7556 = CARTESIAN_POINT('',(114.25,363.33493649053));
#7557 = CARTESIAN_POINT('',(114.25,365.5));
#7558 = ( GEOMETRIC_REPRESENTATION_CONTEXT(2) 
PARAMETRIC_REPRESENTATION_CONTEXT() REPRESENTATION_CONTEXT('2D SPACE',''
  ) );
#7559 = PCURVE('',#3266,#7560);
#7560 = DEFINITIONAL_REPRESENTATION('',(#7561),#7565);
#7561 = LINE('',#7562,#7563);
#7562 = CARTESIAN_POINT('',(0.,3.));
#7563 = VECTOR('',#7564,1.);
#7564 = DIRECTION('',(1.,0.));
#7565 = ( GEOMETRIC_REPRESENTATION_CONTEXT(2) 
PARAMETRIC_REPRESENTATION_CONTEXT() REPRESENTATION_CONTEXT('2D SPACE',''
  ) );
#7566 = FACE_BOUND('',#7567,.F.);
#7567 = EDGE_LOOP('',(#7568));
#7568 = ORIENTED_EDGE('',*,*,#7569,.T.);
#7569 = EDGE_CURVE('',#7570,#7570,#7572,.T.);
#7570 = VERTEX_POINT('',#7571);
#7571 = CARTESIAN_POINT('',(3.25,354.5,0.));
#7572 = SURFACE_CURVE('',#7573,(#7578,#7589),.PCURVE_S1.);
#7573 = CIRCLE('',#7574,1.25);
#7574 = AXIS2_PLACEMENT_3D('',#7575,#7576,#7577);
#7575 = CARTESIAN_POINT('',(4.5,354.5,0.));
#7576 = DIRECTION('',(0.,0.,-1.));
#7577 = DIRECTION('',(-1.,0.,0.));
#7578 = PCURVE('',#100,#7579);
#7579 = DEFINITIONAL_REPRESENTATION('',(#7580),#7588);
#7580 = ( BOUNDED_CURVE() B_SPLINE_CURVE(2,(#7581,#7582,#7583,#7584,
#7585,#7586,#7587),.UNSPECIFIED.,.T.,.F.) B_SPLINE_CURVE_WITH_KNOTS((1,2
    ,2,2,2,1),(-2.094395102393,0.,2.094395102393,4.188790204786,
6.28318530718,8.377580409573),.UNSPECIFIED.) CURVE() 
GEOMETRIC_REPRESENTATION_ITEM() RATIONAL_B_SPLINE_CURVE((1.,0.5,1.,0.5,
1.,0.5,1.)) REPRESENTATION_ITEM('') );
#7581 = CARTESIAN_POINT('',(23.25,374.5));
#7582 = CARTESIAN_POINT('',(23.25,376.66506350946));
#7583 = CARTESIAN_POINT('',(25.125,375.58253175473));
#7584 = CARTESIAN_POINT('',(27.,374.5));
#7585 = CARTESIAN_POINT('',(25.125,373.41746824526));
#7586 = CARTESIAN_POINT('',(23.25,372.33493649053));
#7587 = CARTESIAN_POINT('',(23.25,374.5));
#7588 = ( GEOMETRIC_REPRESENTATION_CONTEXT(2) 
PARAMETRIC_REPRESENTATION_CONTEXT() REPRESENTATION_CONTEXT('2D SPACE',''
  ) );
#7589 = PCURVE('',#3301,#7590);
#7590 = DEFINITIONAL_REPRESENTATION('',(#7591),#7595);
#7591 = LINE('',#7592,#7593);
#7592 = CARTESIAN_POINT('',(0.,3.));
#7593 = VECTOR('',#7594,1.);
#7594 = DIRECTION('',(1.,0.));
#7595 = ( GEOMETRIC_REPRESENTATION_CONTEXT(2) 
PARAMETRIC_REPRESENTATION_CONTEXT() REPRESENTATION_CONTEXT('2D SPACE',''
  ) );
#7596 = FACE_BOUND('',#7597,.F.);
#7597 = EDGE_LOOP('',(#7598));
#7598 = ORIENTED_EDGE('',*,*,#7599,.T.);
#7599 = EDGE_CURVE('',#7600,#7600,#7602,.T.);
#7600 = VERTEX_POINT('',#7601);
#7601 = CARTESIAN_POINT('',(44.25,395.5,0.));
#7602 = SURFACE_CURVE('',#7603,(#7608,#7619),.PCURVE_S1.);
#7603 = CIRCLE('',#7604,1.25);
#7604 = AXIS2_PLACEMENT_3D('',#7605,#7606,#7607);
#7605 = CARTESIAN_POINT('',(45.5,395.5,0.));
#7606 = DIRECTION('',(0.,0.,-1.));
#7607 = DIRECTION('',(-1.,0.,0.));
#7608 = PCURVE('',#100,#7609);
#7609 = DEFINITIONAL_REPRESENTATION('',(#7610),#7618);
#7610 = ( BOUNDED_CURVE() B_SPLINE_CURVE(2,(#7611,#7612,#7613,#7614,
#7615,#7616,#7617),.UNSPECIFIED.,.T.,.F.) B_SPLINE_CURVE_WITH_KNOTS((1,2
    ,2,2,2,1),(-2.094395102393,0.,2.094395102393,4.188790204786,
6.28318530718,8.377580409573),.UNSPECIFIED.) CURVE() 
GEOMETRIC_REPRESENTATION_ITEM() RATIONAL_B_SPLINE_CURVE((1.,0.5,1.,0.5,
1.,0.5,1.)) REPRESENTATION_ITEM('') );
#7611 = CARTESIAN_POINT('',(64.25,415.5));
#7612 = CARTESIAN_POINT('',(64.25,417.66506350946));
#7613 = CARTESIAN_POINT('',(66.125,416.58253175473));
#7614 = CARTESIAN_POINT('',(68.,415.5));
#7615 = CARTESIAN_POINT('',(66.125,414.41746824526));
#7616 = CARTESIAN_POINT('',(64.25,413.33493649053));
#7617 = CARTESIAN_POINT('',(64.25,415.5));
#7618 = ( GEOMETRIC_REPRESENTATION_CONTEXT(2) 
PARAMETRIC_REPRESENTATION_CONTEXT() REPRESENTATION_CONTEXT('2D SPACE',''
  ) );
#7619 = PCURVE('',#3336,#7620);
#7620 = DEFINITIONAL_REPRESENTATION('',(#7621),#7625);
#7621 = LINE('',#7622,#7623);
#7622 = CARTESIAN_POINT('',(0.,3.));
#7623 = VECTOR('',#7624,1.);
#7624 = DIRECTION('',(1.,0.));
#7625 = ( GEOMETRIC_REPRESENTATION_CONTEXT(2) 
PARAMETRIC_REPRESENTATION_CONTEXT() REPRESENTATION_CONTEXT('2D SPACE',''
  ) );
#7626 = FACE_BOUND('',#7627,.F.);
#7627 = EDGE_LOOP('',(#7628));
#7628 = ORIENTED_EDGE('',*,*,#7629,.T.);
#7629 = EDGE_CURVE('',#7630,#7630,#7632,.T.);
#7630 = VERTEX_POINT('',#7631);
#7631 = CARTESIAN_POINT('',(53.25,354.5,0.));
#7632 = SURFACE_CURVE('',#7633,(#7638,#7649),.PCURVE_S1.);
#7633 = CIRCLE('',#7634,1.25);
#7634 = AXIS2_PLACEMENT_3D('',#7635,#7636,#7637);
#7635 = CARTESIAN_POINT('',(54.5,354.5,0.));
#7636 = DIRECTION('',(0.,0.,-1.));
#7637 = DIRECTION('',(-1.,0.,0.));
#7638 = PCURVE('',#100,#7639);
#7639 = DEFINITIONAL_REPRESENTATION('',(#7640),#7648);
#7640 = ( BOUNDED_CURVE() B_SPLINE_CURVE(2,(#7641,#7642,#7643,#7644,
#7645,#7646,#7647),.UNSPECIFIED.,.T.,.F.) B_SPLINE_CURVE_WITH_KNOTS((1,2
    ,2,2,2,1),(-2.094395102393,0.,2.094395102393,4.188790204786,
6.28318530718,8.377580409573),.UNSPECIFIED.) CURVE() 
GEOMETRIC_REPRESENTATION_ITEM() RATIONAL_B_SPLINE_CURVE((1.,0.5,1.,0.5,
1.,0.5,1.)) REPRESENTATION_ITEM('') );
#7641 = CARTESIAN_POINT('',(73.25,374.5));
#7642 = CARTESIAN_POINT('',(73.25,376.66506350946));
#7643 = CARTESIAN_POINT('',(75.125,375.58253175473));
#7644 = CARTESIAN_POINT('',(77.,374.5));
#7645 = CARTESIAN_POINT('',(75.125,373.41746824526));
#7646 = CARTESIAN_POINT('',(73.25,372.33493649053));
#7647 = CARTESIAN_POINT('',(73.25,374.5));
#7648 = ( GEOMETRIC_REPRESENTATION_CONTEXT(2) 
PARAMETRIC_REPRESENTATION_CONTEXT() REPRESENTATION_CONTEXT('2D SPACE',''
  ) );
#7649 = PCURVE('',#3371,#7650);
#7650 = DEFINITIONAL_REPRESENTATION('',(#7651),#7655);
#7651 = LINE('',#7652,#7653);
#7652 = CARTESIAN_POINT('',(0.,3.));
#7653 = VECTOR('',#7654,1.);
#7654 = DIRECTION('',(1.,0.));
#7655 = ( GEOMETRIC_REPRESENTATION_CONTEXT(2) 
PARAMETRIC_REPRESENTATION_CONTEXT() REPRESENTATION_CONTEXT('2D SPACE',''
  ) );
#7656 = FACE_BOUND('',#7657,.F.);
#7657 = EDGE_LOOP('',(#7658));
#7658 = ORIENTED_EDGE('',*,*,#7659,.T.);
#7659 = EDGE_CURVE('',#7660,#7660,#7662,.T.);
#7660 = VERTEX_POINT('',#7661);
#7661 = CARTESIAN_POINT('',(94.25,395.5,0.));
#7662 = SURFACE_CURVE('',#7663,(#7668,#7679),.PCURVE_S1.);
#7663 = CIRCLE('',#7664,1.25);
#7664 = AXIS2_PLACEMENT_3D('',#7665,#7666,#7667);
#7665 = CARTESIAN_POINT('',(95.5,395.5,0.));
#7666 = DIRECTION('',(0.,0.,-1.));
#7667 = DIRECTION('',(-1.,0.,0.));
#7668 = PCURVE('',#100,#7669);
#7669 = DEFINITIONAL_REPRESENTATION('',(#7670),#7678);
#7670 = ( BOUNDED_CURVE() B_SPLINE_CURVE(2,(#7671,#7672,#7673,#7674,
#7675,#7676,#7677),.UNSPECIFIED.,.T.,.F.) B_SPLINE_CURVE_WITH_KNOTS((1,2
    ,2,2,2,1),(-2.094395102393,0.,2.094395102393,4.188790204786,
6.28318530718,8.377580409573),.UNSPECIFIED.) CURVE() 
GEOMETRIC_REPRESENTATION_ITEM() RATIONAL_B_SPLINE_CURVE((1.,0.5,1.,0.5,
1.,0.5,1.)) REPRESENTATION_ITEM('') );
#7671 = CARTESIAN_POINT('',(114.25,415.5));
#7672 = CARTESIAN_POINT('',(114.25,417.66506350946));
#7673 = CARTESIAN_POINT('',(116.125,416.58253175473));
#7674 = CARTESIAN_POINT('',(118.,415.5));
#7675 = CARTESIAN_POINT('',(116.125,414.41746824526));
#7676 = CARTESIAN_POINT('',(114.25,413.33493649053));
#7677 = CARTESIAN_POINT('',(114.25,415.5));
#7678 = ( GEOMETRIC_REPRESENTATION_CONTEXT(2) 
PARAMETRIC_REPRESENTATION_CONTEXT() REPRESENTATION_CONTEXT('2D SPACE',''
  ) );
#7679 = PCURVE('',#3406,#7680);
#7680 = DEFINITIONAL_REPRESENTATION('',(#7681),#7685);
#7681 = LINE('',#7682,#7683);
#7682 = CARTESIAN_POINT('',(0.,3.));
#7683 = VECTOR('',#7684,1.);
#7684 = DIRECTION('',(1.,0.));
#7685 = ( GEOMETRIC_REPRESENTATION_CONTEXT(2) 
PARAMETRIC_REPRESENTATION_CONTEXT() REPRESENTATION_CONTEXT('2D SPACE',''
  ) );
#7686 = FACE_BOUND('',#7687,.F.);
#7687 = EDGE_LOOP('',(#7688));
#7688 = ORIENTED_EDGE('',*,*,#7689,.T.);
#7689 = EDGE_CURVE('',#7690,#7690,#7692,.T.);
#7690 = VERTEX_POINT('',#7691);
#7691 = CARTESIAN_POINT('',(103.25,304.5,0.));
#7692 = SURFACE_CURVE('',#7693,(#7698,#7709),.PCURVE_S1.);
#7693 = CIRCLE('',#7694,1.25);
#7694 = AXIS2_PLACEMENT_3D('',#7695,#7696,#7697);
#7695 = CARTESIAN_POINT('',(104.5,304.5,0.));
#7696 = DIRECTION('',(0.,0.,-1.));
#7697 = DIRECTION('',(-1.,0.,0.));
#7698 = PCURVE('',#100,#7699);
#7699 = DEFINITIONAL_REPRESENTATION('',(#7700),#7708);
#7700 = ( BOUNDED_CURVE() B_SPLINE_CURVE(2,(#7701,#7702,#7703,#7704,
#7705,#7706,#7707),.UNSPECIFIED.,.T.,.F.) B_SPLINE_CURVE_WITH_KNOTS((1,2
    ,2,2,2,1),(-2.094395102393,0.,2.094395102393,4.188790204786,
6.28318530718,8.377580409573),.UNSPECIFIED.) CURVE() 
GEOMETRIC_REPRESENTATION_ITEM() RATIONAL_B_SPLINE_CURVE((1.,0.5,1.,0.5,
1.,0.5,1.)) REPRESENTATION_ITEM('') );
#7701 = CARTESIAN_POINT('',(123.25,324.5));
#7702 = CARTESIAN_POINT('',(123.25,326.66506350946));
#7703 = CARTESIAN_POINT('',(125.125,325.58253175473));
#7704 = CARTESIAN_POINT('',(127.,324.5));
#7705 = CARTESIAN_POINT('',(125.125,323.41746824526));
#7706 = CARTESIAN_POINT('',(123.25,322.33493649053));
#7707 = CARTESIAN_POINT('',(123.25,324.5));
#7708 = ( GEOMETRIC_REPRESENTATION_CONTEXT(2) 
PARAMETRIC_REPRESENTATION_CONTEXT() REPRESENTATION_CONTEXT('2D SPACE',''
  ) );
#7709 = PCURVE('',#3441,#7710);
#7710 = DEFINITIONAL_REPRESENTATION('',(#7711),#7715);
#7711 = LINE('',#7712,#7713);
#7712 = CARTESIAN_POINT('',(0.,3.));
#7713 = VECTOR('',#7714,1.);
#7714 = DIRECTION('',(1.,0.));
#7715 = ( GEOMETRIC_REPRESENTATION_CONTEXT(2) 
PARAMETRIC_REPRESENTATION_CONTEXT() REPRESENTATION_CONTEXT('2D SPACE',''
  ) );
#7716 = FACE_BOUND('',#7717,.F.);
#7717 = EDGE_LOOP('',(#7718));
#7718 = ORIENTED_EDGE('',*,*,#7719,.T.);
#7719 = EDGE_CURVE('',#7720,#7720,#7722,.T.);
#7720 = VERTEX_POINT('',#7721);
#7721 = CARTESIAN_POINT('',(144.25,345.5,0.));
#7722 = SURFACE_CURVE('',#7723,(#7728,#7739),.PCURVE_S1.);
#7723 = CIRCLE('',#7724,1.25);
#7724 = AXIS2_PLACEMENT_3D('',#7725,#7726,#7727);
#7725 = CARTESIAN_POINT('',(145.5,345.5,0.));
#7726 = DIRECTION('',(0.,0.,-1.));
#7727 = DIRECTION('',(-1.,0.,0.));
#7728 = PCURVE('',#100,#7729);
#7729 = DEFINITIONAL_REPRESENTATION('',(#7730),#7738);
#7730 = ( BOUNDED_CURVE() B_SPLINE_CURVE(2,(#7731,#7732,#7733,#7734,
#7735,#7736,#7737),.UNSPECIFIED.,.T.,.F.) B_SPLINE_CURVE_WITH_KNOTS((1,2
    ,2,2,2,1),(-2.094395102393,0.,2.094395102393,4.188790204786,
6.28318530718,8.377580409573),.UNSPECIFIED.) CURVE() 
GEOMETRIC_REPRESENTATION_ITEM() RATIONAL_B_SPLINE_CURVE((1.,0.5,1.,0.5,
1.,0.5,1.)) REPRESENTATION_ITEM('') );
#7731 = CARTESIAN_POINT('',(164.25,365.5));
#7732 = CARTESIAN_POINT('',(164.25,367.66506350946));
#7733 = CARTESIAN_POINT('',(166.125,366.58253175473));
#7734 = CARTESIAN_POINT('',(168.,365.5));
#7735 = CARTESIAN_POINT('',(166.125,364.41746824526));
#7736 = CARTESIAN_POINT('',(164.25,363.33493649053));
#7737 = CARTESIAN_POINT('',(164.25,365.5));
#7738 = ( GEOMETRIC_REPRESENTATION_CONTEXT(2) 
PARAMETRIC_REPRESENTATION_CONTEXT() REPRESENTATION_CONTEXT('2D SPACE',''
  ) );
#7739 = PCURVE('',#3476,#7740);
#7740 = DEFINITIONAL_REPRESENTATION('',(#7741),#7745);
#7741 = LINE('',#7742,#7743);
#7742 = CARTESIAN_POINT('',(0.,3.));
#7743 = VECTOR('',#7744,1.);
#7744 = DIRECTION('',(1.,0.));
#7745 = ( GEOMETRIC_REPRESENTATION_CONTEXT(2) 
PARAMETRIC_REPRESENTATION_CONTEXT() REPRESENTATION_CONTEXT('2D SPACE',''
  ) );
#7746 = FACE_BOUND('',#7747,.F.);
#7747 = EDGE_LOOP('',(#7748));
#7748 = ORIENTED_EDGE('',*,*,#7749,.T.);
#7749 = EDGE_CURVE('',#7750,#7750,#7752,.T.);
#7750 = VERTEX_POINT('',#7751);
#7751 = CARTESIAN_POINT('',(153.25,304.5,0.));
#7752 = SURFACE_CURVE('',#7753,(#7758,#7769),.PCURVE_S1.);
#7753 = CIRCLE('',#7754,1.25);
#7754 = AXIS2_PLACEMENT_3D('',#7755,#7756,#7757);
#7755 = CARTESIAN_POINT('',(154.5,304.5,0.));
#7756 = DIRECTION('',(0.,0.,-1.));
#7757 = DIRECTION('',(-1.,0.,0.));
#7758 = PCURVE('',#100,#7759);
#7759 = DEFINITIONAL_REPRESENTATION('',(#7760),#7768);
#7760 = ( BOUNDED_CURVE() B_SPLINE_CURVE(2,(#7761,#7762,#7763,#7764,
#7765,#7766,#7767),.UNSPECIFIED.,.T.,.F.) B_SPLINE_CURVE_WITH_KNOTS((1,2
    ,2,2,2,1),(-2.094395102393,0.,2.094395102393,4.188790204786,
6.28318530718,8.377580409573),.UNSPECIFIED.) CURVE() 
GEOMETRIC_REPRESENTATION_ITEM() RATIONAL_B_SPLINE_CURVE((1.,0.5,1.,0.5,
1.,0.5,1.)) REPRESENTATION_ITEM('') );
#7761 = CARTESIAN_POINT('',(173.25,324.5));
#7762 = CARTESIAN_POINT('',(173.25,326.66506350946));
#7763 = CARTESIAN_POINT('',(175.125,325.58253175473));
#7764 = CARTESIAN_POINT('',(177.,324.5));
#7765 = CARTESIAN_POINT('',(175.125,323.41746824526));
#7766 = CARTESIAN_POINT('',(173.25,322.33493649053));
#7767 = CARTESIAN_POINT('',(173.25,324.5));
#7768 = ( GEOMETRIC_REPRESENTATION_CONTEXT(2) 
PARAMETRIC_REPRESENTATION_CONTEXT() REPRESENTATION_CONTEXT('2D SPACE',''
  ) );
#7769 = PCURVE('',#3511,#7770);
#7770 = DEFINITIONAL_REPRESENTATION('',(#7771),#7775);
#7771 = LINE('',#7772,#7773);
#7772 = CARTESIAN_POINT('',(0.,3.));
#7773 = VECTOR('',#7774,1.);
#7774 = DIRECTION('',(1.,0.));
#7775 = ( GEOMETRIC_REPRESENTATION_CONTEXT(2) 
PARAMETRIC_REPRESENTATION_CONTEXT() REPRESENTATION_CONTEXT('2D SPACE',''
  ) );
#7776 = FACE_BOUND('',#7777,.F.);
#7777 = EDGE_LOOP('',(#7778));
#7778 = ORIENTED_EDGE('',*,*,#7779,.T.);
#7779 = EDGE_CURVE('',#7780,#7780,#7782,.T.);
#7780 = VERTEX_POINT('',#7781);
#7781 = CARTESIAN_POINT('',(194.25,345.5,0.));
#7782 = SURFACE_CURVE('',#7783,(#7788,#7799),.PCURVE_S1.);
#7783 = CIRCLE('',#7784,1.25);
#7784 = AXIS2_PLACEMENT_3D('',#7785,#7786,#7787);
#7785 = CARTESIAN_POINT('',(195.5,345.5,0.));
#7786 = DIRECTION('',(0.,0.,-1.));
#7787 = DIRECTION('',(-1.,0.,0.));
#7788 = PCURVE('',#100,#7789);
#7789 = DEFINITIONAL_REPRESENTATION('',(#7790),#7798);
#7790 = ( BOUNDED_CURVE() B_SPLINE_CURVE(2,(#7791,#7792,#7793,#7794,
#7795,#7796,#7797),.UNSPECIFIED.,.T.,.F.) B_SPLINE_CURVE_WITH_KNOTS((1,2
    ,2,2,2,1),(-2.094395102393,0.,2.094395102393,4.188790204786,
6.28318530718,8.377580409573),.UNSPECIFIED.) CURVE() 
GEOMETRIC_REPRESENTATION_ITEM() RATIONAL_B_SPLINE_CURVE((1.,0.5,1.,0.5,
1.,0.5,1.)) REPRESENTATION_ITEM('') );
#7791 = CARTESIAN_POINT('',(214.25,365.5));
#7792 = CARTESIAN_POINT('',(214.25,367.66506350946));
#7793 = CARTESIAN_POINT('',(216.125,366.58253175473));
#7794 = CARTESIAN_POINT('',(218.,365.5));
#7795 = CARTESIAN_POINT('',(216.125,364.41746824526));
#7796 = CARTESIAN_POINT('',(214.25,363.33493649053));
#7797 = CARTESIAN_POINT('',(214.25,365.5));
#7798 = ( GEOMETRIC_REPRESENTATION_CONTEXT(2) 
PARAMETRIC_REPRESENTATION_CONTEXT() REPRESENTATION_CONTEXT('2D SPACE',''
  ) );
#7799 = PCURVE('',#3546,#7800);
#7800 = DEFINITIONAL_REPRESENTATION('',(#7801),#7805);
#7801 = LINE('',#7802,#7803);
#7802 = CARTESIAN_POINT('',(0.,3.));
#7803 = VECTOR('',#7804,1.);
#7804 = DIRECTION('',(1.,0.));
#7805 = ( GEOMETRIC_REPRESENTATION_CONTEXT(2) 
PARAMETRIC_REPRESENTATION_CONTEXT() REPRESENTATION_CONTEXT('2D SPACE',''
  ) );
#7806 = FACE_BOUND('',#7807,.F.);
#7807 = EDGE_LOOP('',(#7808));
#7808 = ORIENTED_EDGE('',*,*,#7809,.T.);
#7809 = EDGE_CURVE('',#7810,#7810,#7812,.T.);
#7810 = VERTEX_POINT('',#7811);
#7811 = CARTESIAN_POINT('',(103.25,354.5,0.));
#7812 = SURFACE_CURVE('',#7813,(#7818,#7829),.PCURVE_S1.);
#7813 = CIRCLE('',#7814,1.25);
#7814 = AXIS2_PLACEMENT_3D('',#7815,#7816,#7817);
#7815 = CARTESIAN_POINT('',(104.5,354.5,0.));
#7816 = DIRECTION('',(0.,0.,-1.));
#7817 = DIRECTION('',(-1.,0.,0.));
#7818 = PCURVE('',#100,#7819);
#7819 = DEFINITIONAL_REPRESENTATION('',(#7820),#7828);
#7820 = ( BOUNDED_CURVE() B_SPLINE_CURVE(2,(#7821,#7822,#7823,#7824,
#7825,#7826,#7827),.UNSPECIFIED.,.T.,.F.) B_SPLINE_CURVE_WITH_KNOTS((1,2
    ,2,2,2,1),(-2.094395102393,0.,2.094395102393,4.188790204786,
6.28318530718,8.377580409573),.UNSPECIFIED.) CURVE() 
GEOMETRIC_REPRESENTATION_ITEM() RATIONAL_B_SPLINE_CURVE((1.,0.5,1.,0.5,
1.,0.5,1.)) REPRESENTATION_ITEM('') );
#7821 = CARTESIAN_POINT('',(123.25,374.5));
#7822 = CARTESIAN_POINT('',(123.25,376.66506350946));
#7823 = CARTESIAN_POINT('',(125.125,375.58253175473));
#7824 = CARTESIAN_POINT('',(127.,374.5));
#7825 = CARTESIAN_POINT('',(125.125,373.41746824526));
#7826 = CARTESIAN_POINT('',(123.25,372.33493649053));
#7827 = CARTESIAN_POINT('',(123.25,374.5));
#7828 = ( GEOMETRIC_REPRESENTATION_CONTEXT(2) 
PARAMETRIC_REPRESENTATION_CONTEXT() REPRESENTATION_CONTEXT('2D SPACE',''
  ) );
#7829 = PCURVE('',#3581,#7830);
#7830 = DEFINITIONAL_REPRESENTATION('',(#7831),#7835);
#7831 = LINE('',#7832,#7833);
#7832 = CARTESIAN_POINT('',(0.,3.));
#7833 = VECTOR('',#7834,1.);
#7834 = DIRECTION('',(1.,0.));
#7835 = ( GEOMETRIC_REPRESENTATION_CONTEXT(2) 
PARAMETRIC_REPRESENTATION_CONTEXT() REPRESENTATION_CONTEXT('2D SPACE',''
  ) );
#7836 = FACE_BOUND('',#7837,.F.);
#7837 = EDGE_LOOP('',(#7838));
#7838 = ORIENTED_EDGE('',*,*,#7839,.T.);
#7839 = EDGE_CURVE('',#7840,#7840,#7842,.T.);
#7840 = VERTEX_POINT('',#7841);
#7841 = CARTESIAN_POINT('',(144.25,395.5,0.));
#7842 = SURFACE_CURVE('',#7843,(#7848,#7859),.PCURVE_S1.);
#7843 = CIRCLE('',#7844,1.25);
#7844 = AXIS2_PLACEMENT_3D('',#7845,#7846,#7847);
#7845 = CARTESIAN_POINT('',(145.5,395.5,0.));
#7846 = DIRECTION('',(0.,0.,-1.));
#7847 = DIRECTION('',(-1.,0.,0.));
#7848 = PCURVE('',#100,#7849);
#7849 = DEFINITIONAL_REPRESENTATION('',(#7850),#7858);
#7850 = ( BOUNDED_CURVE() B_SPLINE_CURVE(2,(#7851,#7852,#7853,#7854,
#7855,#7856,#7857),.UNSPECIFIED.,.T.,.F.) B_SPLINE_CURVE_WITH_KNOTS((1,2
    ,2,2,2,1),(-2.094395102393,0.,2.094395102393,4.188790204786,
6.28318530718,8.377580409573),.UNSPECIFIED.) CURVE() 
GEOMETRIC_REPRESENTATION_ITEM() RATIONAL_B_SPLINE_CURVE((1.,0.5,1.,0.5,
1.,0.5,1.)) REPRESENTATION_ITEM('') );
#7851 = CARTESIAN_POINT('',(164.25,415.5));
#7852 = CARTESIAN_POINT('',(164.25,417.66506350946));
#7853 = CARTESIAN_POINT('',(166.125,416.58253175473));
#7854 = CARTESIAN_POINT('',(168.,415.5));
#7855 = CARTESIAN_POINT('',(166.125,414.41746824526));
#7856 = CARTESIAN_POINT('',(164.25,413.33493649053));
#7857 = CARTESIAN_POINT('',(164.25,415.5));
#7858 = ( GEOMETRIC_REPRESENTATION_CONTEXT(2) 
PARAMETRIC_REPRESENTATION_CONTEXT() REPRESENTATION_CONTEXT('2D SPACE',''
  ) );
#7859 = PCURVE('',#3616,#7860);
#7860 = DEFINITIONAL_REPRESENTATION('',(#7861),#7865);
#7861 = LINE('',#7862,#7863);
#7862 = CARTESIAN_POINT('',(0.,3.));
#7863 = VECTOR('',#7864,1.);
#7864 = DIRECTION('',(1.,0.));
#7865 = ( GEOMETRIC_REPRESENTATION_CONTEXT(2) 
PARAMETRIC_REPRESENTATION_CONTEXT() REPRESENTATION_CONTEXT('2D SPACE',''
  ) );
#7866 = FACE_BOUND('',#7867,.F.);
#7867 = EDGE_LOOP('',(#7868));
#7868 = ORIENTED_EDGE('',*,*,#7869,.T.);
#7869 = EDGE_CURVE('',#7870,#7870,#7872,.T.);
#7870 = VERTEX_POINT('',#7871);
#7871 = CARTESIAN_POINT('',(153.25,354.5,0.));
#7872 = SURFACE_CURVE('',#7873,(#7878,#7889),.PCURVE_S1.);
#7873 = CIRCLE('',#7874,1.25);
#7874 = AXIS2_PLACEMENT_3D('',#7875,#7876,#7877);
#7875 = CARTESIAN_POINT('',(154.5,354.5,0.));
#7876 = DIRECTION('',(0.,0.,-1.));
#7877 = DIRECTION('',(-1.,0.,0.));
#7878 = PCURVE('',#100,#7879);
#7879 = DEFINITIONAL_REPRESENTATION('',(#7880),#7888);
#7880 = ( BOUNDED_CURVE() B_SPLINE_CURVE(2,(#7881,#7882,#7883,#7884,
#7885,#7886,#7887),.UNSPECIFIED.,.T.,.F.) B_SPLINE_CURVE_WITH_KNOTS((1,2
    ,2,2,2,1),(-2.094395102393,0.,2.094395102393,4.188790204786,
6.28318530718,8.377580409573),.UNSPECIFIED.) CURVE() 
GEOMETRIC_REPRESENTATION_ITEM() RATIONAL_B_SPLINE_CURVE((1.,0.5,1.,0.5,
1.,0.5,1.)) REPRESENTATION_ITEM('') );
#7881 = CARTESIAN_POINT('',(173.25,374.5));
#7882 = CARTESIAN_POINT('',(173.25,376.66506350946));
#7883 = CARTESIAN_POINT('',(175.125,375.58253175473));
#7884 = CARTESIAN_POINT('',(177.,374.5));
#7885 = CARTESIAN_POINT('',(175.125,373.41746824526));
#7886 = CARTESIAN_POINT('',(173.25,372.33493649053));
#7887 = CARTESIAN_POINT('',(173.25,374.5));
#7888 = ( GEOMETRIC_REPRESENTATION_CONTEXT(2) 
PARAMETRIC_REPRESENTATION_CONTEXT() REPRESENTATION_CONTEXT('2D SPACE',''
  ) );
#7889 = PCURVE('',#3651,#7890);
#7890 = DEFINITIONAL_REPRESENTATION('',(#7891),#7895);
#7891 = LINE('',#7892,#7893);
#7892 = CARTESIAN_POINT('',(0.,3.));
#7893 = VECTOR('',#7894,1.);
#7894 = DIRECTION('',(1.,0.));
#7895 = ( GEOMETRIC_REPRESENTATION_CONTEXT(2) 
PARAMETRIC_REPRESENTATION_CONTEXT() REPRESENTATION_CONTEXT('2D SPACE',''
  ) );
#7896 = FACE_BOUND('',#7897,.F.);
#7897 = EDGE_LOOP('',(#7898));
#7898 = ORIENTED_EDGE('',*,*,#7899,.T.);
#7899 = EDGE_CURVE('',#7900,#7900,#7902,.T.);
#7900 = VERTEX_POINT('',#7901);
#7901 = CARTESIAN_POINT('',(194.25,395.5,0.));
#7902 = SURFACE_CURVE('',#7903,(#7908,#7919),.PCURVE_S1.);
#7903 = CIRCLE('',#7904,1.25);
#7904 = AXIS2_PLACEMENT_3D('',#7905,#7906,#7907);
#7905 = CARTESIAN_POINT('',(195.5,395.5,0.));
#7906 = DIRECTION('',(0.,0.,-1.));
#7907 = DIRECTION('',(-1.,0.,0.));
#7908 = PCURVE('',#100,#7909);
#7909 = DEFINITIONAL_REPRESENTATION('',(#7910),#7918);
#7910 = ( BOUNDED_CURVE() B_SPLINE_CURVE(2,(#7911,#7912,#7913,#7914,
#7915,#7916,#7917),.UNSPECIFIED.,.T.,.F.) B_SPLINE_CURVE_WITH_KNOTS((1,2
    ,2,2,2,1),(-2.094395102393,0.,2.094395102393,4.188790204786,
6.28318530718,8.377580409573),.UNSPECIFIED.) CURVE() 
GEOMETRIC_REPRESENTATION_ITEM() RATIONAL_B_SPLINE_CURVE((1.,0.5,1.,0.5,
1.,0.5,1.)) REPRESENTATION_ITEM('') );
#7911 = CARTESIAN_POINT('',(214.25,415.5));
#7912 = CARTESIAN_POINT('',(214.25,417.66506350946));
#7913 = CARTESIAN_POINT('',(216.125,416.58253175473));
#7914 = CARTESIAN_POINT('',(218.,415.5));
#7915 = CARTESIAN_POINT('',(216.125,414.41746824526));
#7916 = CARTESIAN_POINT('',(214.25,413.33493649053));
#7917 = CARTESIAN_POINT('',(214.25,415.5));
#7918 = ( GEOMETRIC_REPRESENTATION_CONTEXT(2) 
PARAMETRIC_REPRESENTATION_CONTEXT() REPRESENTATION_CONTEXT('2D SPACE',''
  ) );
#7919 = PCURVE('',#3686,#7920);
#7920 = DEFINITIONAL_REPRESENTATION('',(#7921),#7925);
#7921 = LINE('',#7922,#7923);
#7922 = CARTESIAN_POINT('',(0.,3.));
#7923 = VECTOR('',#7924,1.);
#7924 = DIRECTION('',(1.,0.));
#7925 = ( GEOMETRIC_REPRESENTATION_CONTEXT(2) 
PARAMETRIC_REPRESENTATION_CONTEXT() REPRESENTATION_CONTEXT('2D SPACE',''
  ) );
#7926 = FACE_BOUND('',#7927,.F.);
#7927 = EDGE_LOOP('',(#7928));
#7928 = ORIENTED_EDGE('',*,*,#7929,.T.);
#7929 = EDGE_CURVE('',#7930,#7930,#7932,.T.);
#7930 = VERTEX_POINT('',#7931);
#7931 = CARTESIAN_POINT('',(203.25,204.5,0.));
#7932 = SURFACE_CURVE('',#7933,(#7938,#7949),.PCURVE_S1.);
#7933 = CIRCLE('',#7934,1.25);
#7934 = AXIS2_PLACEMENT_3D('',#7935,#7936,#7937);
#7935 = CARTESIAN_POINT('',(204.5,204.5,0.));
#7936 = DIRECTION('',(0.,0.,-1.));
#7937 = DIRECTION('',(-1.,0.,0.));
#7938 = PCURVE('',#100,#7939);
#7939 = DEFINITIONAL_REPRESENTATION('',(#7940),#7948);
#7940 = ( BOUNDED_CURVE() B_SPLINE_CURVE(2,(#7941,#7942,#7943,#7944,
#7945,#7946,#7947),.UNSPECIFIED.,.T.,.F.) B_SPLINE_CURVE_WITH_KNOTS((1,2
    ,2,2,2,1),(-2.094395102393,0.,2.094395102393,4.188790204786,
6.28318530718,8.377580409573),.UNSPECIFIED.) CURVE() 
GEOMETRIC_REPRESENTATION_ITEM() RATIONAL_B_SPLINE_CURVE((1.,0.5,1.,0.5,
1.,0.5,1.)) REPRESENTATION_ITEM('') );
#7941 = CARTESIAN_POINT('',(223.25,224.5));
#7942 = CARTESIAN_POINT('',(223.25,226.66506350946));
#7943 = CARTESIAN_POINT('',(225.125,225.58253175473));
#7944 = CARTESIAN_POINT('',(227.,224.5));
#7945 = CARTESIAN_POINT('',(225.125,223.41746824526));
#7946 = CARTESIAN_POINT('',(223.25,222.33493649053));
#7947 = CARTESIAN_POINT('',(223.25,224.5));
#7948 = ( GEOMETRIC_REPRESENTATION_CONTEXT(2) 
PARAMETRIC_REPRESENTATION_CONTEXT() REPRESENTATION_CONTEXT('2D SPACE',''
  ) );
#7949 = PCURVE('',#3721,#7950);
#7950 = DEFINITIONAL_REPRESENTATION('',(#7951),#7955);
#7951 = LINE('',#7952,#7953);
#7952 = CARTESIAN_POINT('',(0.,3.));
#7953 = VECTOR('',#7954,1.);
#7954 = DIRECTION('',(1.,0.));
#7955 = ( GEOMETRIC_REPRESENTATION_CONTEXT(2) 
PARAMETRIC_REPRESENTATION_CONTEXT() REPRESENTATION_CONTEXT('2D SPACE',''
  ) );
#7956 = FACE_BOUND('',#7957,.F.);
#7957 = EDGE_LOOP('',(#7958));
#7958 = ORIENTED_EDGE('',*,*,#7959,.T.);
#7959 = EDGE_CURVE('',#7960,#7960,#7962,.T.);
#7960 = VERTEX_POINT('',#7961);
#7961 = CARTESIAN_POINT('',(244.25,245.5,0.));
#7962 = SURFACE_CURVE('',#7963,(#7968,#7979),.PCURVE_S1.);
#7963 = CIRCLE('',#7964,1.25);
#7964 = AXIS2_PLACEMENT_3D('',#7965,#7966,#7967);
#7965 = CARTESIAN_POINT('',(245.5,245.5,0.));
#7966 = DIRECTION('',(0.,0.,-1.));
#7967 = DIRECTION('',(-1.,0.,0.));
#7968 = PCURVE('',#100,#7969);
#7969 = DEFINITIONAL_REPRESENTATION('',(#7970),#7978);
#7970 = ( BOUNDED_CURVE() B_SPLINE_CURVE(2,(#7971,#7972,#7973,#7974,
#7975,#7976,#7977),.UNSPECIFIED.,.T.,.F.) B_SPLINE_CURVE_WITH_KNOTS((1,2
    ,2,2,2,1),(-2.094395102393,0.,2.094395102393,4.188790204786,
6.28318530718,8.377580409573),.UNSPECIFIED.) CURVE() 
GEOMETRIC_REPRESENTATION_ITEM() RATIONAL_B_SPLINE_CURVE((1.,0.5,1.,0.5,
1.,0.5,1.)) REPRESENTATION_ITEM('') );
#7971 = CARTESIAN_POINT('',(264.25,265.5));
#7972 = CARTESIAN_POINT('',(264.25,267.66506350946));
#7973 = CARTESIAN_POINT('',(266.125,266.58253175473));
#7974 = CARTESIAN_POINT('',(268.,265.5));
#7975 = CARTESIAN_POINT('',(266.125,264.41746824526));
#7976 = CARTESIAN_POINT('',(264.25,263.33493649053));
#7977 = CARTESIAN_POINT('',(264.25,265.5));
#7978 = ( GEOMETRIC_REPRESENTATION_CONTEXT(2) 
PARAMETRIC_REPRESENTATION_CONTEXT() REPRESENTATION_CONTEXT('2D SPACE',''
  ) );
#7979 = PCURVE('',#3756,#7980);
#7980 = DEFINITIONAL_REPRESENTATION('',(#7981),#7985);
#7981 = LINE('',#7982,#7983);
#7982 = CARTESIAN_POINT('',(0.,3.));
#7983 = VECTOR('',#7984,1.);
#7984 = DIRECTION('',(1.,0.));
#7985 = ( GEOMETRIC_REPRESENTATION_CONTEXT(2) 
PARAMETRIC_REPRESENTATION_CONTEXT() REPRESENTATION_CONTEXT('2D SPACE',''
  ) );
#7986 = FACE_BOUND('',#7987,.F.);
#7987 = EDGE_LOOP('',(#7988));
#7988 = ORIENTED_EDGE('',*,*,#7989,.T.);
#7989 = EDGE_CURVE('',#7990,#7990,#7992,.T.);
#7990 = VERTEX_POINT('',#7991);
#7991 = CARTESIAN_POINT('',(253.25,204.5,0.));
#7992 = SURFACE_CURVE('',#7993,(#7998,#8009),.PCURVE_S1.);
#7993 = CIRCLE('',#7994,1.25);
#7994 = AXIS2_PLACEMENT_3D('',#7995,#7996,#7997);
#7995 = CARTESIAN_POINT('',(254.5,204.5,0.));
#7996 = DIRECTION('',(0.,0.,-1.));
#7997 = DIRECTION('',(-1.,0.,0.));
#7998 = PCURVE('',#100,#7999);
#7999 = DEFINITIONAL_REPRESENTATION('',(#8000),#8008);
#8000 = ( BOUNDED_CURVE() B_SPLINE_CURVE(2,(#8001,#8002,#8003,#8004,
#8005,#8006,#8007),.UNSPECIFIED.,.T.,.F.) B_SPLINE_CURVE_WITH_KNOTS((1,2
    ,2,2,2,1),(-2.094395102393,0.,2.094395102393,4.188790204786,
6.28318530718,8.377580409573),.UNSPECIFIED.) CURVE() 
GEOMETRIC_REPRESENTATION_ITEM() RATIONAL_B_SPLINE_CURVE((1.,0.5,1.,0.5,
1.,0.5,1.)) REPRESENTATION_ITEM('') );
#8001 = CARTESIAN_POINT('',(273.25,224.5));
#8002 = CARTESIAN_POINT('',(273.25,226.66506350946));
#8003 = CARTESIAN_POINT('',(275.125,225.58253175473));
#8004 = CARTESIAN_POINT('',(277.,224.5));
#8005 = CARTESIAN_POINT('',(275.125,223.41746824526));
#8006 = CARTESIAN_POINT('',(273.25,222.33493649053));
#8007 = CARTESIAN_POINT('',(273.25,224.5));
#8008 = ( GEOMETRIC_REPRESENTATION_CONTEXT(2) 
PARAMETRIC_REPRESENTATION_CONTEXT() REPRESENTATION_CONTEXT('2D SPACE',''
  ) );
#8009 = PCURVE('',#3791,#8010);
#8010 = DEFINITIONAL_REPRESENTATION('',(#8011),#8015);
#8011 = LINE('',#8012,#8013);
#8012 = CARTESIAN_POINT('',(0.,3.));
#8013 = VECTOR('',#8014,1.);
#8014 = DIRECTION('',(1.,0.));
#8015 = ( GEOMETRIC_REPRESENTATION_CONTEXT(2) 
PARAMETRIC_REPRESENTATION_CONTEXT() REPRESENTATION_CONTEXT('2D SPACE',''
  ) );
#8016 = FACE_BOUND('',#8017,.F.);
#8017 = EDGE_LOOP('',(#8018));
#8018 = ORIENTED_EDGE('',*,*,#8019,.T.);
#8019 = EDGE_CURVE('',#8020,#8020,#8022,.T.);
#8020 = VERTEX_POINT('',#8021);
#8021 = CARTESIAN_POINT('',(294.25,245.5,0.));
#8022 = SURFACE_CURVE('',#8023,(#8028,#8039),.PCURVE_S1.);
#8023 = CIRCLE('',#8024,1.25);
#8024 = AXIS2_PLACEMENT_3D('',#8025,#8026,#8027);
#8025 = CARTESIAN_POINT('',(295.5,245.5,0.));
#8026 = DIRECTION('',(0.,0.,-1.));
#8027 = DIRECTION('',(-1.,0.,0.));
#8028 = PCURVE('',#100,#8029);
#8029 = DEFINITIONAL_REPRESENTATION('',(#8030),#8038);
#8030 = ( BOUNDED_CURVE() B_SPLINE_CURVE(2,(#8031,#8032,#8033,#8034,
#8035,#8036,#8037),.UNSPECIFIED.,.T.,.F.) B_SPLINE_CURVE_WITH_KNOTS((1,2
    ,2,2,2,1),(-2.094395102393,0.,2.094395102393,4.188790204786,
6.28318530718,8.377580409573),.UNSPECIFIED.) CURVE() 
GEOMETRIC_REPRESENTATION_ITEM() RATIONAL_B_SPLINE_CURVE((1.,0.5,1.,0.5,
1.,0.5,1.)) REPRESENTATION_ITEM('') );
#8031 = CARTESIAN_POINT('',(314.25,265.5));
#8032 = CARTESIAN_POINT('',(314.25,267.66506350946));
#8033 = CARTESIAN_POINT('',(316.125,266.58253175473));
#8034 = CARTESIAN_POINT('',(318.,265.5));
#8035 = CARTESIAN_POINT('',(316.125,264.41746824526));
#8036 = CARTESIAN_POINT('',(314.25,263.33493649053));
#8037 = CARTESIAN_POINT('',(314.25,265.5));
#8038 = ( GEOMETRIC_REPRESENTATION_CONTEXT(2) 
PARAMETRIC_REPRESENTATION_CONTEXT() REPRESENTATION_CONTEXT('2D SPACE',''
  ) );
#8039 = PCURVE('',#3826,#8040);
#8040 = DEFINITIONAL_REPRESENTATION('',(#8041),#8045);
#8041 = LINE('',#8042,#8043);
#8042 = CARTESIAN_POINT('',(0.,3.));
#8043 = VECTOR('',#8044,1.);
#8044 = DIRECTION('',(1.,0.));
#8045 = ( GEOMETRIC_REPRESENTATION_CONTEXT(2) 
PARAMETRIC_REPRESENTATION_CONTEXT() REPRESENTATION_CONTEXT('2D SPACE',''
  ) );
#8046 = FACE_BOUND('',#8047,.F.);
#8047 = EDGE_LOOP('',(#8048));
#8048 = ORIENTED_EDGE('',*,*,#8049,.T.);
#8049 = EDGE_CURVE('',#8050,#8050,#8052,.T.);
#8050 = VERTEX_POINT('',#8051);
#8051 = CARTESIAN_POINT('',(203.25,254.5,0.));
#8052 = SURFACE_CURVE('',#8053,(#8058,#8069),.PCURVE_S1.);
#8053 = CIRCLE('',#8054,1.25);
#8054 = AXIS2_PLACEMENT_3D('',#8055,#8056,#8057);
#8055 = CARTESIAN_POINT('',(204.5,254.5,0.));
#8056 = DIRECTION('',(0.,0.,-1.));
#8057 = DIRECTION('',(-1.,0.,0.));
#8058 = PCURVE('',#100,#8059);
#8059 = DEFINITIONAL_REPRESENTATION('',(#8060),#8068);
#8060 = ( BOUNDED_CURVE() B_SPLINE_CURVE(2,(#8061,#8062,#8063,#8064,
#8065,#8066,#8067),.UNSPECIFIED.,.T.,.F.) B_SPLINE_CURVE_WITH_KNOTS((1,2
    ,2,2,2,1),(-2.094395102393,0.,2.094395102393,4.188790204786,
6.28318530718,8.377580409573),.UNSPECIFIED.) CURVE() 
GEOMETRIC_REPRESENTATION_ITEM() RATIONAL_B_SPLINE_CURVE((1.,0.5,1.,0.5,
1.,0.5,1.)) REPRESENTATION_ITEM('') );
#8061 = CARTESIAN_POINT('',(223.25,274.5));
#8062 = CARTESIAN_POINT('',(223.25,276.66506350946));
#8063 = CARTESIAN_POINT('',(225.125,275.58253175473));
#8064 = CARTESIAN_POINT('',(227.,274.5));
#8065 = CARTESIAN_POINT('',(225.125,273.41746824526));
#8066 = CARTESIAN_POINT('',(223.25,272.33493649053));
#8067 = CARTESIAN_POINT('',(223.25,274.5));
#8068 = ( GEOMETRIC_REPRESENTATION_CONTEXT(2) 
PARAMETRIC_REPRESENTATION_CONTEXT() REPRESENTATION_CONTEXT('2D SPACE',''
  ) );
#8069 = PCURVE('',#3861,#8070);
#8070 = DEFINITIONAL_REPRESENTATION('',(#8071),#8075);
#8071 = LINE('',#8072,#8073);
#8072 = CARTESIAN_POINT('',(0.,3.));
#8073 = VECTOR('',#8074,1.);
#8074 = DIRECTION('',(1.,0.));
#8075 = ( GEOMETRIC_REPRESENTATION_CONTEXT(2) 
PARAMETRIC_REPRESENTATION_CONTEXT() REPRESENTATION_CONTEXT('2D SPACE',''
  ) );
#8076 = FACE_BOUND('',#8077,.F.);
#8077 = EDGE_LOOP('',(#8078));
#8078 = ORIENTED_EDGE('',*,*,#8079,.T.);
#8079 = EDGE_CURVE('',#8080,#8080,#8082,.T.);
#8080 = VERTEX_POINT('',#8081);
#8081 = CARTESIAN_POINT('',(244.25,295.5,0.));
#8082 = SURFACE_CURVE('',#8083,(#8088,#8099),.PCURVE_S1.);
#8083 = CIRCLE('',#8084,1.25);
#8084 = AXIS2_PLACEMENT_3D('',#8085,#8086,#8087);
#8085 = CARTESIAN_POINT('',(245.5,295.5,0.));
#8086 = DIRECTION('',(0.,0.,-1.));
#8087 = DIRECTION('',(-1.,0.,0.));
#8088 = PCURVE('',#100,#8089);
#8089 = DEFINITIONAL_REPRESENTATION('',(#8090),#8098);
#8090 = ( BOUNDED_CURVE() B_SPLINE_CURVE(2,(#8091,#8092,#8093,#8094,
#8095,#8096,#8097),.UNSPECIFIED.,.T.,.F.) B_SPLINE_CURVE_WITH_KNOTS((1,2
    ,2,2,2,1),(-2.094395102393,0.,2.094395102393,4.188790204786,
6.28318530718,8.377580409573),.UNSPECIFIED.) CURVE() 
GEOMETRIC_REPRESENTATION_ITEM() RATIONAL_B_SPLINE_CURVE((1.,0.5,1.,0.5,
1.,0.5,1.)) REPRESENTATION_ITEM('') );
#8091 = CARTESIAN_POINT('',(264.25,315.5));
#8092 = CARTESIAN_POINT('',(264.25,317.66506350946));
#8093 = CARTESIAN_POINT('',(266.125,316.58253175473));
#8094 = CARTESIAN_POINT('',(268.,315.5));
#8095 = CARTESIAN_POINT('',(266.125,314.41746824526));
#8096 = CARTESIAN_POINT('',(264.25,313.33493649053));
#8097 = CARTESIAN_POINT('',(264.25,315.5));
#8098 = ( GEOMETRIC_REPRESENTATION_CONTEXT(2) 
PARAMETRIC_REPRESENTATION_CONTEXT() REPRESENTATION_CONTEXT('2D SPACE',''
  ) );
#8099 = PCURVE('',#3896,#8100);
#8100 = DEFINITIONAL_REPRESENTATION('',(#8101),#8105);
#8101 = LINE('',#8102,#8103);
#8102 = CARTESIAN_POINT('',(0.,3.));
#8103 = VECTOR('',#8104,1.);
#8104 = DIRECTION('',(1.,0.));
#8105 = ( GEOMETRIC_REPRESENTATION_CONTEXT(2) 
PARAMETRIC_REPRESENTATION_CONTEXT() REPRESENTATION_CONTEXT('2D SPACE',''
  ) );
#8106 = FACE_BOUND('',#8107,.F.);
#8107 = EDGE_LOOP('',(#8108));
#8108 = ORIENTED_EDGE('',*,*,#8109,.T.);
#8109 = EDGE_CURVE('',#8110,#8110,#8112,.T.);
#8110 = VERTEX_POINT('',#8111);
#8111 = CARTESIAN_POINT('',(253.25,254.5,0.));
#8112 = SURFACE_CURVE('',#8113,(#8118,#8129),.PCURVE_S1.);
#8113 = CIRCLE('',#8114,1.25);
#8114 = AXIS2_PLACEMENT_3D('',#8115,#8116,#8117);
#8115 = CARTESIAN_POINT('',(254.5,254.5,0.));
#8116 = DIRECTION('',(0.,0.,-1.));
#8117 = DIRECTION('',(-1.,0.,0.));
#8118 = PCURVE('',#100,#8119);
#8119 = DEFINITIONAL_REPRESENTATION('',(#8120),#8128);
#8120 = ( BOUNDED_CURVE() B_SPLINE_CURVE(2,(#8121,#8122,#8123,#8124,
#8125,#8126,#8127),.UNSPECIFIED.,.T.,.F.) B_SPLINE_CURVE_WITH_KNOTS((1,2
    ,2,2,2,1),(-2.094395102393,0.,2.094395102393,4.188790204786,
6.28318530718,8.377580409573),.UNSPECIFIED.) CURVE() 
GEOMETRIC_REPRESENTATION_ITEM() RATIONAL_B_SPLINE_CURVE((1.,0.5,1.,0.5,
1.,0.5,1.)) REPRESENTATION_ITEM('') );
#8121 = CARTESIAN_POINT('',(273.25,274.5));
#8122 = CARTESIAN_POINT('',(273.25,276.66506350946));
#8123 = CARTESIAN_POINT('',(275.125,275.58253175473));
#8124 = CARTESIAN_POINT('',(277.,274.5));
#8125 = CARTESIAN_POINT('',(275.125,273.41746824526));
#8126 = CARTESIAN_POINT('',(273.25,272.33493649053));
#8127 = CARTESIAN_POINT('',(273.25,274.5));
#8128 = ( GEOMETRIC_REPRESENTATION_CONTEXT(2) 
PARAMETRIC_REPRESENTATION_CONTEXT() REPRESENTATION_CONTEXT('2D SPACE',''
  ) );
#8129 = PCURVE('',#3931,#8130);
#8130 = DEFINITIONAL_REPRESENTATION('',(#8131),#8135);
#8131 = LINE('',#8132,#8133);
#8132 = CARTESIAN_POINT('',(0.,3.));
#8133 = VECTOR('',#8134,1.);
#8134 = DIRECTION('',(1.,0.));
#8135 = ( GEOMETRIC_REPRESENTATION_CONTEXT(2) 
PARAMETRIC_REPRESENTATION_CONTEXT() REPRESENTATION_CONTEXT('2D SPACE',''
  ) );
#8136 = FACE_BOUND('',#8137,.F.);
#8137 = EDGE_LOOP('',(#8138));
#8138 = ORIENTED_EDGE('',*,*,#8139,.T.);
#8139 = EDGE_CURVE('',#8140,#8140,#8142,.T.);
#8140 = VERTEX_POINT('',#8141);
#8141 = CARTESIAN_POINT('',(294.25,295.5,0.));
#8142 = SURFACE_CURVE('',#8143,(#8148,#8159),.PCURVE_S1.);
#8143 = CIRCLE('',#8144,1.25);
#8144 = AXIS2_PLACEMENT_3D('',#8145,#8146,#8147);
#8145 = CARTESIAN_POINT('',(295.5,295.5,0.));
#8146 = DIRECTION('',(0.,0.,-1.));
#8147 = DIRECTION('',(-1.,0.,0.));
#8148 = PCURVE('',#100,#8149);
#8149 = DEFINITIONAL_REPRESENTATION('',(#8150),#8158);
#8150 = ( BOUNDED_CURVE() B_SPLINE_CURVE(2,(#8151,#8152,#8153,#8154,
#8155,#8156,#8157),.UNSPECIFIED.,.T.,.F.) B_SPLINE_CURVE_WITH_KNOTS((1,2
    ,2,2,2,1),(-2.094395102393,0.,2.094395102393,4.188790204786,
6.28318530718,8.377580409573),.UNSPECIFIED.) CURVE() 
GEOMETRIC_REPRESENTATION_ITEM() RATIONAL_B_SPLINE_CURVE((1.,0.5,1.,0.5,
1.,0.5,1.)) REPRESENTATION_ITEM('') );
#8151 = CARTESIAN_POINT('',(314.25,315.5));
#8152 = CARTESIAN_POINT('',(314.25,317.66506350946));
#8153 = CARTESIAN_POINT('',(316.125,316.58253175473));
#8154 = CARTESIAN_POINT('',(318.,315.5));
#8155 = CARTESIAN_POINT('',(316.125,314.41746824526));
#8156 = CARTESIAN_POINT('',(314.25,313.33493649053));
#8157 = CARTESIAN_POINT('',(314.25,315.5));
#8158 = ( GEOMETRIC_REPRESENTATION_CONTEXT(2) 
PARAMETRIC_REPRESENTATION_CONTEXT() REPRESENTATION_CONTEXT('2D SPACE',''
  ) );
#8159 = PCURVE('',#3966,#8160);
#8160 = DEFINITIONAL_REPRESENTATION('',(#8161),#8165);
#8161 = LINE('',#8162,#8163);
#8162 = CARTESIAN_POINT('',(0.,3.));
#8163 = VECTOR('',#8164,1.);
#8164 = DIRECTION('',(1.,0.));
#8165 = ( GEOMETRIC_REPRESENTATION_CONTEXT(2) 
PARAMETRIC_REPRESENTATION_CONTEXT() REPRESENTATION_CONTEXT('2D SPACE',''
  ) );
#8166 = FACE_BOUND('',#8167,.F.);
#8167 = EDGE_LOOP('',(#8168));
#8168 = ORIENTED_EDGE('',*,*,#8169,.T.);
#8169 = EDGE_CURVE('',#8170,#8170,#8172,.T.);
#8170 = VERTEX_POINT('',#8171);
#8171 = CARTESIAN_POINT('',(303.25,204.5,0.));
#8172 = SURFACE_CURVE('',#8173,(#8178,#8189),.PCURVE_S1.);
#8173 = CIRCLE('',#8174,1.25);
#8174 = AXIS2_PLACEMENT_3D('',#8175,#8176,#8177);
#8175 = CARTESIAN_POINT('',(304.5,204.5,0.));
#8176 = DIRECTION('',(0.,0.,-1.));
#8177 = DIRECTION('',(-1.,0.,0.));
#8178 = PCURVE('',#100,#8179);
#8179 = DEFINITIONAL_REPRESENTATION('',(#8180),#8188);
#8180 = ( BOUNDED_CURVE() B_SPLINE_CURVE(2,(#8181,#8182,#8183,#8184,
#8185,#8186,#8187),.UNSPECIFIED.,.T.,.F.) B_SPLINE_CURVE_WITH_KNOTS((1,2
    ,2,2,2,1),(-2.094395102393,0.,2.094395102393,4.188790204786,
6.28318530718,8.377580409573),.UNSPECIFIED.) CURVE() 
GEOMETRIC_REPRESENTATION_ITEM() RATIONAL_B_SPLINE_CURVE((1.,0.5,1.,0.5,
1.,0.5,1.)) REPRESENTATION_ITEM('') );
#8181 = CARTESIAN_POINT('',(323.25,224.5));
#8182 = CARTESIAN_POINT('',(323.25,226.66506350946));
#8183 = CARTESIAN_POINT('',(325.125,225.58253175473));
#8184 = CARTESIAN_POINT('',(327.,224.5));
#8185 = CARTESIAN_POINT('',(325.125,223.41746824526));
#8186 = CARTESIAN_POINT('',(323.25,222.33493649053));
#8187 = CARTESIAN_POINT('',(323.25,224.5));
#8188 = ( GEOMETRIC_REPRESENTATION_CONTEXT(2) 
PARAMETRIC_REPRESENTATION_CONTEXT() REPRESENTATION_CONTEXT('2D SPACE',''
  ) );
#8189 = PCURVE('',#4001,#8190);
#8190 = DEFINITIONAL_REPRESENTATION('',(#8191),#8195);
#8191 = LINE('',#8192,#8193);
#8192 = CARTESIAN_POINT('',(0.,3.));
#8193 = VECTOR('',#8194,1.);
#8194 = DIRECTION('',(1.,0.));
#8195 = ( GEOMETRIC_REPRESENTATION_CONTEXT(2) 
PARAMETRIC_REPRESENTATION_CONTEXT() REPRESENTATION_CONTEXT('2D SPACE',''
  ) );
#8196 = FACE_BOUND('',#8197,.F.);
#8197 = EDGE_LOOP('',(#8198));
#8198 = ORIENTED_EDGE('',*,*,#8199,.T.);
#8199 = EDGE_CURVE('',#8200,#8200,#8202,.T.);
#8200 = VERTEX_POINT('',#8201);
#8201 = CARTESIAN_POINT('',(344.25,245.5,0.));
#8202 = SURFACE_CURVE('',#8203,(#8208,#8219),.PCURVE_S1.);
#8203 = CIRCLE('',#8204,1.25);
#8204 = AXIS2_PLACEMENT_3D('',#8205,#8206,#8207);
#8205 = CARTESIAN_POINT('',(345.5,245.5,0.));
#8206 = DIRECTION('',(0.,0.,-1.));
#8207 = DIRECTION('',(-1.,0.,0.));
#8208 = PCURVE('',#100,#8209);
#8209 = DEFINITIONAL_REPRESENTATION('',(#8210),#8218);
#8210 = ( BOUNDED_CURVE() B_SPLINE_CURVE(2,(#8211,#8212,#8213,#8214,
#8215,#8216,#8217),.UNSPECIFIED.,.T.,.F.) B_SPLINE_CURVE_WITH_KNOTS((1,2
    ,2,2,2,1),(-2.094395102393,0.,2.094395102393,4.188790204786,
6.28318530718,8.377580409573),.UNSPECIFIED.) CURVE() 
GEOMETRIC_REPRESENTATION_ITEM() RATIONAL_B_SPLINE_CURVE((1.,0.5,1.,0.5,
1.,0.5,1.)) REPRESENTATION_ITEM('') );
#8211 = CARTESIAN_POINT('',(364.25,265.5));
#8212 = CARTESIAN_POINT('',(364.25,267.66506350946));
#8213 = CARTESIAN_POINT('',(366.125,266.58253175473));
#8214 = CARTESIAN_POINT('',(368.,265.5));
#8215 = CARTESIAN_POINT('',(366.125,264.41746824526));
#8216 = CARTESIAN_POINT('',(364.25,263.33493649053));
#8217 = CARTESIAN_POINT('',(364.25,265.5));
#8218 = ( GEOMETRIC_REPRESENTATION_CONTEXT(2) 
PARAMETRIC_REPRESENTATION_CONTEXT() REPRESENTATION_CONTEXT('2D SPACE',''
  ) );
#8219 = PCURVE('',#4036,#8220);
#8220 = DEFINITIONAL_REPRESENTATION('',(#8221),#8225);
#8221 = LINE('',#8222,#8223);
#8222 = CARTESIAN_POINT('',(0.,3.));
#8223 = VECTOR('',#8224,1.);
#8224 = DIRECTION('',(1.,0.));
#8225 = ( GEOMETRIC_REPRESENTATION_CONTEXT(2) 
PARAMETRIC_REPRESENTATION_CONTEXT() REPRESENTATION_CONTEXT('2D SPACE',''
  ) );
#8226 = FACE_BOUND('',#8227,.F.);
#8227 = EDGE_LOOP('',(#8228));
#8228 = ORIENTED_EDGE('',*,*,#8229,.T.);
#8229 = EDGE_CURVE('',#8230,#8230,#8232,.T.);
#8230 = VERTEX_POINT('',#8231);
#8231 = CARTESIAN_POINT('',(353.25,204.5,0.));
#8232 = SURFACE_CURVE('',#8233,(#8238,#8249),.PCURVE_S1.);
#8233 = CIRCLE('',#8234,1.25);
#8234 = AXIS2_PLACEMENT_3D('',#8235,#8236,#8237);
#8235 = CARTESIAN_POINT('',(354.5,204.5,0.));
#8236 = DIRECTION('',(0.,0.,-1.));
#8237 = DIRECTION('',(-1.,0.,0.));
#8238 = PCURVE('',#100,#8239);
#8239 = DEFINITIONAL_REPRESENTATION('',(#8240),#8248);
#8240 = ( BOUNDED_CURVE() B_SPLINE_CURVE(2,(#8241,#8242,#8243,#8244,
#8245,#8246,#8247),.UNSPECIFIED.,.T.,.F.) B_SPLINE_CURVE_WITH_KNOTS((1,2
    ,2,2,2,1),(-2.094395102393,0.,2.094395102393,4.188790204786,
6.28318530718,8.377580409573),.UNSPECIFIED.) CURVE() 
GEOMETRIC_REPRESENTATION_ITEM() RATIONAL_B_SPLINE_CURVE((1.,0.5,1.,0.5,
1.,0.5,1.)) REPRESENTATION_ITEM('') );
#8241 = CARTESIAN_POINT('',(373.25,224.5));
#8242 = CARTESIAN_POINT('',(373.25,226.66506350946));
#8243 = CARTESIAN_POINT('',(375.125,225.58253175473));
#8244 = CARTESIAN_POINT('',(377.,224.5));
#8245 = CARTESIAN_POINT('',(375.125,223.41746824526));
#8246 = CARTESIAN_POINT('',(373.25,222.33493649053));
#8247 = CARTESIAN_POINT('',(373.25,224.5));
#8248 = ( GEOMETRIC_REPRESENTATION_CONTEXT(2) 
PARAMETRIC_REPRESENTATION_CONTEXT() REPRESENTATION_CONTEXT('2D SPACE',''
  ) );
#8249 = PCURVE('',#4071,#8250);
#8250 = DEFINITIONAL_REPRESENTATION('',(#8251),#8255);
#8251 = LINE('',#8252,#8253);
#8252 = CARTESIAN_POINT('',(0.,3.));
#8253 = VECTOR('',#8254,1.);
#8254 = DIRECTION('',(1.,0.));
#8255 = ( GEOMETRIC_REPRESENTATION_CONTEXT(2) 
PARAMETRIC_REPRESENTATION_CONTEXT() REPRESENTATION_CONTEXT('2D SPACE',''
  ) );
#8256 = FACE_BOUND('',#8257,.F.);
#8257 = EDGE_LOOP('',(#8258));
#8258 = ORIENTED_EDGE('',*,*,#8259,.T.);
#8259 = EDGE_CURVE('',#8260,#8260,#8262,.T.);
#8260 = VERTEX_POINT('',#8261);
#8261 = CARTESIAN_POINT('',(394.25,245.5,0.));
#8262 = SURFACE_CURVE('',#8263,(#8268,#8279),.PCURVE_S1.);
#8263 = CIRCLE('',#8264,1.25);
#8264 = AXIS2_PLACEMENT_3D('',#8265,#8266,#8267);
#8265 = CARTESIAN_POINT('',(395.5,245.5,0.));
#8266 = DIRECTION('',(0.,0.,-1.));
#8267 = DIRECTION('',(-1.,0.,0.));
#8268 = PCURVE('',#100,#8269);
#8269 = DEFINITIONAL_REPRESENTATION('',(#8270),#8278);
#8270 = ( BOUNDED_CURVE() B_SPLINE_CURVE(2,(#8271,#8272,#8273,#8274,
#8275,#8276,#8277),.UNSPECIFIED.,.T.,.F.) B_SPLINE_CURVE_WITH_KNOTS((1,2
    ,2,2,2,1),(-2.094395102393,0.,2.094395102393,4.188790204786,
6.28318530718,8.377580409573),.UNSPECIFIED.) CURVE() 
GEOMETRIC_REPRESENTATION_ITEM() RATIONAL_B_SPLINE_CURVE((1.,0.5,1.,0.5,
1.,0.5,1.)) REPRESENTATION_ITEM('') );
#8271 = CARTESIAN_POINT('',(414.25,265.5));
#8272 = CARTESIAN_POINT('',(414.25,267.66506350946));
#8273 = CARTESIAN_POINT('',(416.125,266.58253175473));
#8274 = CARTESIAN_POINT('',(418.,265.5));
#8275 = CARTESIAN_POINT('',(416.125,264.41746824526));
#8276 = CARTESIAN_POINT('',(414.25,263.33493649053));
#8277 = CARTESIAN_POINT('',(414.25,265.5));
#8278 = ( GEOMETRIC_REPRESENTATION_CONTEXT(2) 
PARAMETRIC_REPRESENTATION_CONTEXT() REPRESENTATION_CONTEXT('2D SPACE',''
  ) );
#8279 = PCURVE('',#4106,#8280);
#8280 = DEFINITIONAL_REPRESENTATION('',(#8281),#8285);
#8281 = LINE('',#8282,#8283);
#8282 = CARTESIAN_POINT('',(0.,3.));
#8283 = VECTOR('',#8284,1.);
#8284 = DIRECTION('',(1.,0.));
#8285 = ( GEOMETRIC_REPRESENTATION_CONTEXT(2) 
PARAMETRIC_REPRESENTATION_CONTEXT() REPRESENTATION_CONTEXT('2D SPACE',''
  ) );
#8286 = FACE_BOUND('',#8287,.F.);
#8287 = EDGE_LOOP('',(#8288));
#8288 = ORIENTED_EDGE('',*,*,#8289,.T.);
#8289 = EDGE_CURVE('',#8290,#8290,#8292,.T.);
#8290 = VERTEX_POINT('',#8291);
#8291 = CARTESIAN_POINT('',(303.25,254.5,0.));
#8292 = SURFACE_CURVE('',#8293,(#8298,#8309),.PCURVE_S1.);
#8293 = CIRCLE('',#8294,1.25);
#8294 = AXIS2_PLACEMENT_3D('',#8295,#8296,#8297);
#8295 = CARTESIAN_POINT('',(304.5,254.5,0.));
#8296 = DIRECTION('',(0.,0.,-1.));
#8297 = DIRECTION('',(-1.,0.,0.));
#8298 = PCURVE('',#100,#8299);
#8299 = DEFINITIONAL_REPRESENTATION('',(#8300),#8308);
#8300 = ( BOUNDED_CURVE() B_SPLINE_CURVE(2,(#8301,#8302,#8303,#8304,
#8305,#8306,#8307),.UNSPECIFIED.,.T.,.F.) B_SPLINE_CURVE_WITH_KNOTS((1,2
    ,2,2,2,1),(-2.094395102393,0.,2.094395102393,4.188790204786,
6.28318530718,8.377580409573),.UNSPECIFIED.) CURVE() 
GEOMETRIC_REPRESENTATION_ITEM() RATIONAL_B_SPLINE_CURVE((1.,0.5,1.,0.5,
1.,0.5,1.)) REPRESENTATION_ITEM('') );
#8301 = CARTESIAN_POINT('',(323.25,274.5));
#8302 = CARTESIAN_POINT('',(323.25,276.66506350946));
#8303 = CARTESIAN_POINT('',(325.125,275.58253175473));
#8304 = CARTESIAN_POINT('',(327.,274.5));
#8305 = CARTESIAN_POINT('',(325.125,273.41746824526));
#8306 = CARTESIAN_POINT('',(323.25,272.33493649053));
#8307 = CARTESIAN_POINT('',(323.25,274.5));
#8308 = ( GEOMETRIC_REPRESENTATION_CONTEXT(2) 
PARAMETRIC_REPRESENTATION_CONTEXT() REPRESENTATION_CONTEXT('2D SPACE',''
  ) );
#8309 = PCURVE('',#4141,#8310);
#8310 = DEFINITIONAL_REPRESENTATION('',(#8311),#8315);
#8311 = LINE('',#8312,#8313);
#8312 = CARTESIAN_POINT('',(0.,3.));
#8313 = VECTOR('',#8314,1.);
#8314 = DIRECTION('',(1.,0.));
#8315 = ( GEOMETRIC_REPRESENTATION_CONTEXT(2) 
PARAMETRIC_REPRESENTATION_CONTEXT() REPRESENTATION_CONTEXT('2D SPACE',''
  ) );
#8316 = FACE_BOUND('',#8317,.F.);
#8317 = EDGE_LOOP('',(#8318));
#8318 = ORIENTED_EDGE('',*,*,#8319,.T.);
#8319 = EDGE_CURVE('',#8320,#8320,#8322,.T.);
#8320 = VERTEX_POINT('',#8321);
#8321 = CARTESIAN_POINT('',(344.25,295.5,0.));
#8322 = SURFACE_CURVE('',#8323,(#8328,#8339),.PCURVE_S1.);
#8323 = CIRCLE('',#8324,1.25);
#8324 = AXIS2_PLACEMENT_3D('',#8325,#8326,#8327);
#8325 = CARTESIAN_POINT('',(345.5,295.5,0.));
#8326 = DIRECTION('',(0.,0.,-1.));
#8327 = DIRECTION('',(-1.,0.,0.));
#8328 = PCURVE('',#100,#8329);
#8329 = DEFINITIONAL_REPRESENTATION('',(#8330),#8338);
#8330 = ( BOUNDED_CURVE() B_SPLINE_CURVE(2,(#8331,#8332,#8333,#8334,
#8335,#8336,#8337),.UNSPECIFIED.,.T.,.F.) B_SPLINE_CURVE_WITH_KNOTS((1,2
    ,2,2,2,1),(-2.094395102393,0.,2.094395102393,4.188790204786,
6.28318530718,8.377580409573),.UNSPECIFIED.) CURVE() 
GEOMETRIC_REPRESENTATION_ITEM() RATIONAL_B_SPLINE_CURVE((1.,0.5,1.,0.5,
1.,0.5,1.)) REPRESENTATION_ITEM('') );
#8331 = CARTESIAN_POINT('',(364.25,315.5));
#8332 = CARTESIAN_POINT('',(364.25,317.66506350946));
#8333 = CARTESIAN_POINT('',(366.125,316.58253175473));
#8334 = CARTESIAN_POINT('',(368.,315.5));
#8335 = CARTESIAN_POINT('',(366.125,314.41746824526));
#8336 = CARTESIAN_POINT('',(364.25,313.33493649053));
#8337 = CARTESIAN_POINT('',(364.25,315.5));
#8338 = ( GEOMETRIC_REPRESENTATION_CONTEXT(2) 
PARAMETRIC_REPRESENTATION_CONTEXT() REPRESENTATION_CONTEXT('2D SPACE',''
  ) );
#8339 = PCURVE('',#4176,#8340);
#8340 = DEFINITIONAL_REPRESENTATION('',(#8341),#8345);
#8341 = LINE('',#8342,#8343);
#8342 = CARTESIAN_POINT('',(0.,3.));
#8343 = VECTOR('',#8344,1.);
#8344 = DIRECTION('',(1.,0.));
#8345 = ( GEOMETRIC_REPRESENTATION_CONTEXT(2) 
PARAMETRIC_REPRESENTATION_CONTEXT() REPRESENTATION_CONTEXT('2D SPACE',''
  ) );
#8346 = FACE_BOUND('',#8347,.F.);
#8347 = EDGE_LOOP('',(#8348));
#8348 = ORIENTED_EDGE('',*,*,#8349,.T.);
#8349 = EDGE_CURVE('',#8350,#8350,#8352,.T.);
#8350 = VERTEX_POINT('',#8351);
#8351 = CARTESIAN_POINT('',(353.25,254.5,0.));
#8352 = SURFACE_CURVE('',#8353,(#8358,#8369),.PCURVE_S1.);
#8353 = CIRCLE('',#8354,1.25);
#8354 = AXIS2_PLACEMENT_3D('',#8355,#8356,#8357);
#8355 = CARTESIAN_POINT('',(354.5,254.5,0.));
#8356 = DIRECTION('',(0.,0.,-1.));
#8357 = DIRECTION('',(-1.,0.,0.));
#8358 = PCURVE('',#100,#8359);
#8359 = DEFINITIONAL_REPRESENTATION('',(#8360),#8368);
#8360 = ( BOUNDED_CURVE() B_SPLINE_CURVE(2,(#8361,#8362,#8363,#8364,
#8365,#8366,#8367),.UNSPECIFIED.,.T.,.F.) B_SPLINE_CURVE_WITH_KNOTS((1,2
    ,2,2,2,1),(-2.094395102393,0.,2.094395102393,4.188790204786,
6.28318530718,8.377580409573),.UNSPECIFIED.) CURVE() 
GEOMETRIC_REPRESENTATION_ITEM() RATIONAL_B_SPLINE_CURVE((1.,0.5,1.,0.5,
1.,0.5,1.)) REPRESENTATION_ITEM('') );
#8361 = CARTESIAN_POINT('',(373.25,274.5));
#8362 = CARTESIAN_POINT('',(373.25,276.66506350946));
#8363 = CARTESIAN_POINT('',(375.125,275.58253175473));
#8364 = CARTESIAN_POINT('',(377.,274.5));
#8365 = CARTESIAN_POINT('',(375.125,273.41746824526));
#8366 = CARTESIAN_POINT('',(373.25,272.33493649053));
#8367 = CARTESIAN_POINT('',(373.25,274.5));
#8368 = ( GEOMETRIC_REPRESENTATION_CONTEXT(2) 
PARAMETRIC_REPRESENTATION_CONTEXT() REPRESENTATION_CONTEXT('2D SPACE',''
  ) );
#8369 = PCURVE('',#4211,#8370);
#8370 = DEFINITIONAL_REPRESENTATION('',(#8371),#8375);
#8371 = LINE('',#8372,#8373);
#8372 = CARTESIAN_POINT('',(0.,3.));
#8373 = VECTOR('',#8374,1.);
#8374 = DIRECTION('',(1.,0.));
#8375 = ( GEOMETRIC_REPRESENTATION_CONTEXT(2) 
PARAMETRIC_REPRESENTATION_CONTEXT() REPRESENTATION_CONTEXT('2D SPACE',''
  ) );
#8376 = FACE_BOUND('',#8377,.F.);
#8377 = EDGE_LOOP('',(#8378));
#8378 = ORIENTED_EDGE('',*,*,#8379,.T.);
#8379 = EDGE_CURVE('',#8380,#8380,#8382,.T.);
#8380 = VERTEX_POINT('',#8381);
#8381 = CARTESIAN_POINT('',(394.25,295.5,0.));
#8382 = SURFACE_CURVE('',#8383,(#8388,#8399),.PCURVE_S1.);
#8383 = CIRCLE('',#8384,1.25);
#8384 = AXIS2_PLACEMENT_3D('',#8385,#8386,#8387);
#8385 = CARTESIAN_POINT('',(395.5,295.5,0.));
#8386 = DIRECTION('',(0.,0.,-1.));
#8387 = DIRECTION('',(-1.,0.,0.));
#8388 = PCURVE('',#100,#8389);
#8389 = DEFINITIONAL_REPRESENTATION('',(#8390),#8398);
#8390 = ( BOUNDED_CURVE() B_SPLINE_CURVE(2,(#8391,#8392,#8393,#8394,
#8395,#8396,#8397),.UNSPECIFIED.,.T.,.F.) B_SPLINE_CURVE_WITH_KNOTS((1,2
    ,2,2,2,1),(-2.094395102393,0.,2.094395102393,4.188790204786,
6.28318530718,8.377580409573),.UNSPECIFIED.) CURVE() 
GEOMETRIC_REPRESENTATION_ITEM() RATIONAL_B_SPLINE_CURVE((1.,0.5,1.,0.5,
1.,0.5,1.)) REPRESENTATION_ITEM('') );
#8391 = CARTESIAN_POINT('',(414.25,315.5));
#8392 = CARTESIAN_POINT('',(414.25,317.66506350946));
#8393 = CARTESIAN_POINT('',(416.125,316.58253175473));
#8394 = CARTESIAN_POINT('',(418.,315.5));
#8395 = CARTESIAN_POINT('',(416.125,314.41746824526));
#8396 = CARTESIAN_POINT('',(414.25,313.33493649053));
#8397 = CARTESIAN_POINT('',(414.25,315.5));
#8398 = ( GEOMETRIC_REPRESENTATION_CONTEXT(2) 
PARAMETRIC_REPRESENTATION_CONTEXT() REPRESENTATION_CONTEXT('2D SPACE',''
  ) );
#8399 = PCURVE('',#4246,#8400);
#8400 = DEFINITIONAL_REPRESENTATION('',(#8401),#8405);
#8401 = LINE('',#8402,#8403);
#8402 = CARTESIAN_POINT('',(0.,3.));
#8403 = VECTOR('',#8404,1.);
#8404 = DIRECTION('',(1.,0.));
#8405 = ( GEOMETRIC_REPRESENTATION_CONTEXT(2) 
PARAMETRIC_REPRESENTATION_CONTEXT() REPRESENTATION_CONTEXT('2D SPACE',''
  ) );
#8406 = FACE_BOUND('',#8407,.F.);
#8407 = EDGE_LOOP('',(#8408));
#8408 = ORIENTED_EDGE('',*,*,#8409,.T.);
#8409 = EDGE_CURVE('',#8410,#8410,#8412,.T.);
#8410 = VERTEX_POINT('',#8411);
#8411 = CARTESIAN_POINT('',(203.25,304.5,0.));
#8412 = SURFACE_CURVE('',#8413,(#8418,#8429),.PCURVE_S1.);
#8413 = CIRCLE('',#8414,1.25);
#8414 = AXIS2_PLACEMENT_3D('',#8415,#8416,#8417);
#8415 = CARTESIAN_POINT('',(204.5,304.5,0.));
#8416 = DIRECTION('',(0.,0.,-1.));
#8417 = DIRECTION('',(-1.,0.,0.));
#8418 = PCURVE('',#100,#8419);
#8419 = DEFINITIONAL_REPRESENTATION('',(#8420),#8428);
#8420 = ( BOUNDED_CURVE() B_SPLINE_CURVE(2,(#8421,#8422,#8423,#8424,
#8425,#8426,#8427),.UNSPECIFIED.,.T.,.F.) B_SPLINE_CURVE_WITH_KNOTS((1,2
    ,2,2,2,1),(-2.094395102393,0.,2.094395102393,4.188790204786,
6.28318530718,8.377580409573),.UNSPECIFIED.) CURVE() 
GEOMETRIC_REPRESENTATION_ITEM() RATIONAL_B_SPLINE_CURVE((1.,0.5,1.,0.5,
1.,0.5,1.)) REPRESENTATION_ITEM('') );
#8421 = CARTESIAN_POINT('',(223.25,324.5));
#8422 = CARTESIAN_POINT('',(223.25,326.66506350946));
#8423 = CARTESIAN_POINT('',(225.125,325.58253175473));
#8424 = CARTESIAN_POINT('',(227.,324.5));
#8425 = CARTESIAN_POINT('',(225.125,323.41746824526));
#8426 = CARTESIAN_POINT('',(223.25,322.33493649053));
#8427 = CARTESIAN_POINT('',(223.25,324.5));
#8428 = ( GEOMETRIC_REPRESENTATION_CONTEXT(2) 
PARAMETRIC_REPRESENTATION_CONTEXT() REPRESENTATION_CONTEXT('2D SPACE',''
  ) );
#8429 = PCURVE('',#4281,#8430);
#8430 = DEFINITIONAL_REPRESENTATION('',(#8431),#8435);
#8431 = LINE('',#8432,#8433);
#8432 = CARTESIAN_POINT('',(0.,3.));
#8433 = VECTOR('',#8434,1.);
#8434 = DIRECTION('',(1.,0.));
#8435 = ( GEOMETRIC_REPRESENTATION_CONTEXT(2) 
PARAMETRIC_REPRESENTATION_CONTEXT() REPRESENTATION_CONTEXT('2D SPACE',''
  ) );
#8436 = FACE_BOUND('',#8437,.F.);
#8437 = EDGE_LOOP('',(#8438));
#8438 = ORIENTED_EDGE('',*,*,#8439,.T.);
#8439 = EDGE_CURVE('',#8440,#8440,#8442,.T.);
#8440 = VERTEX_POINT('',#8441);
#8441 = CARTESIAN_POINT('',(244.25,345.5,0.));
#8442 = SURFACE_CURVE('',#8443,(#8448,#8459),.PCURVE_S1.);
#8443 = CIRCLE('',#8444,1.25);
#8444 = AXIS2_PLACEMENT_3D('',#8445,#8446,#8447);
#8445 = CARTESIAN_POINT('',(245.5,345.5,0.));
#8446 = DIRECTION('',(0.,0.,-1.));
#8447 = DIRECTION('',(-1.,0.,0.));
#8448 = PCURVE('',#100,#8449);
#8449 = DEFINITIONAL_REPRESENTATION('',(#8450),#8458);
#8450 = ( BOUNDED_CURVE() B_SPLINE_CURVE(2,(#8451,#8452,#8453,#8454,
#8455,#8456,#8457),.UNSPECIFIED.,.T.,.F.) B_SPLINE_CURVE_WITH_KNOTS((1,2
    ,2,2,2,1),(-2.094395102393,0.,2.094395102393,4.188790204786,
6.28318530718,8.377580409573),.UNSPECIFIED.) CURVE() 
GEOMETRIC_REPRESENTATION_ITEM() RATIONAL_B_SPLINE_CURVE((1.,0.5,1.,0.5,
1.,0.5,1.)) REPRESENTATION_ITEM('') );
#8451 = CARTESIAN_POINT('',(264.25,365.5));
#8452 = CARTESIAN_POINT('',(264.25,367.66506350946));
#8453 = CARTESIAN_POINT('',(266.125,366.58253175473));
#8454 = CARTESIAN_POINT('',(268.,365.5));
#8455 = CARTESIAN_POINT('',(266.125,364.41746824526));
#8456 = CARTESIAN_POINT('',(264.25,363.33493649053));
#8457 = CARTESIAN_POINT('',(264.25,365.5));
#8458 = ( GEOMETRIC_REPRESENTATION_CONTEXT(2) 
PARAMETRIC_REPRESENTATION_CONTEXT() REPRESENTATION_CONTEXT('2D SPACE',''
  ) );
#8459 = PCURVE('',#4316,#8460);
#8460 = DEFINITIONAL_REPRESENTATION('',(#8461),#8465);
#8461 = LINE('',#8462,#8463);
#8462 = CARTESIAN_POINT('',(0.,3.));
#8463 = VECTOR('',#8464,1.);
#8464 = DIRECTION('',(1.,0.));
#8465 = ( GEOMETRIC_REPRESENTATION_CONTEXT(2) 
PARAMETRIC_REPRESENTATION_CONTEXT() REPRESENTATION_CONTEXT('2D SPACE',''
  ) );
#8466 = FACE_BOUND('',#8467,.F.);
#8467 = EDGE_LOOP('',(#8468));
#8468 = ORIENTED_EDGE('',*,*,#8469,.T.);
#8469 = EDGE_CURVE('',#8470,#8470,#8472,.T.);
#8470 = VERTEX_POINT('',#8471);
#8471 = CARTESIAN_POINT('',(253.25,304.5,0.));
#8472 = SURFACE_CURVE('',#8473,(#8478,#8489),.PCURVE_S1.);
#8473 = CIRCLE('',#8474,1.25);
#8474 = AXIS2_PLACEMENT_3D('',#8475,#8476,#8477);
#8475 = CARTESIAN_POINT('',(254.5,304.5,0.));
#8476 = DIRECTION('',(0.,0.,-1.));
#8477 = DIRECTION('',(-1.,0.,0.));
#8478 = PCURVE('',#100,#8479);
#8479 = DEFINITIONAL_REPRESENTATION('',(#8480),#8488);
#8480 = ( BOUNDED_CURVE() B_SPLINE_CURVE(2,(#8481,#8482,#8483,#8484,
#8485,#8486,#8487),.UNSPECIFIED.,.T.,.F.) B_SPLINE_CURVE_WITH_KNOTS((1,2
    ,2,2,2,1),(-2.094395102393,0.,2.094395102393,4.188790204786,
6.28318530718,8.377580409573),.UNSPECIFIED.) CURVE() 
GEOMETRIC_REPRESENTATION_ITEM() RATIONAL_B_SPLINE_CURVE((1.,0.5,1.,0.5,
1.,0.5,1.)) REPRESENTATION_ITEM('') );
#8481 = CARTESIAN_POINT('',(273.25,324.5));
#8482 = CARTESIAN_POINT('',(273.25,326.66506350946));
#8483 = CARTESIAN_POINT('',(275.125,325.58253175473));
#8484 = CARTESIAN_POINT('',(277.,324.5));
#8485 = CARTESIAN_POINT('',(275.125,323.41746824526));
#8486 = CARTESIAN_POINT('',(273.25,322.33493649053));
#8487 = CARTESIAN_POINT('',(273.25,324.5));
#8488 = ( GEOMETRIC_REPRESENTATION_CONTEXT(2) 
PARAMETRIC_REPRESENTATION_CONTEXT() REPRESENTATION_CONTEXT('2D SPACE',''
  ) );
#8489 = PCURVE('',#4351,#8490);
#8490 = DEFINITIONAL_REPRESENTATION('',(#8491),#8495);
#8491 = LINE('',#8492,#8493);
#8492 = CARTESIAN_POINT('',(0.,3.));
#8493 = VECTOR('',#8494,1.);
#8494 = DIRECTION('',(1.,0.));
#8495 = ( GEOMETRIC_REPRESENTATION_CONTEXT(2) 
PARAMETRIC_REPRESENTATION_CONTEXT() REPRESENTATION_CONTEXT('2D SPACE',''
  ) );
#8496 = FACE_BOUND('',#8497,.F.);
#8497 = EDGE_LOOP('',(#8498));
#8498 = ORIENTED_EDGE('',*,*,#8499,.T.);
#8499 = EDGE_CURVE('',#8500,#8500,#8502,.T.);
#8500 = VERTEX_POINT('',#8501);
#8501 = CARTESIAN_POINT('',(294.25,345.5,0.));
#8502 = SURFACE_CURVE('',#8503,(#8508,#8519),.PCURVE_S1.);
#8503 = CIRCLE('',#8504,1.25);
#8504 = AXIS2_PLACEMENT_3D('',#8505,#8506,#8507);
#8505 = CARTESIAN_POINT('',(295.5,345.5,0.));
#8506 = DIRECTION('',(0.,0.,-1.));
#8507 = DIRECTION('',(-1.,0.,0.));
#8508 = PCURVE('',#100,#8509);
#8509 = DEFINITIONAL_REPRESENTATION('',(#8510),#8518);
#8510 = ( BOUNDED_CURVE() B_SPLINE_CURVE(2,(#8511,#8512,#8513,#8514,
#8515,#8516,#8517),.UNSPECIFIED.,.T.,.F.) B_SPLINE_CURVE_WITH_KNOTS((1,2
    ,2,2,2,1),(-2.094395102393,0.,2.094395102393,4.188790204786,
6.28318530718,8.377580409573),.UNSPECIFIED.) CURVE() 
GEOMETRIC_REPRESENTATION_ITEM() RATIONAL_B_SPLINE_CURVE((1.,0.5,1.,0.5,
1.,0.5,1.)) REPRESENTATION_ITEM('') );
#8511 = CARTESIAN_POINT('',(314.25,365.5));
#8512 = CARTESIAN_POINT('',(314.25,367.66506350946));
#8513 = CARTESIAN_POINT('',(316.125,366.58253175473));
#8514 = CARTESIAN_POINT('',(318.,365.5));
#8515 = CARTESIAN_POINT('',(316.125,364.41746824526));
#8516 = CARTESIAN_POINT('',(314.25,363.33493649053));
#8517 = CARTESIAN_POINT('',(314.25,365.5));
#8518 = ( GEOMETRIC_REPRESENTATION_CONTEXT(2) 
PARAMETRIC_REPRESENTATION_CONTEXT() REPRESENTATION_CONTEXT('2D SPACE',''
  ) );
#8519 = PCURVE('',#4386,#8520);
#8520 = DEFINITIONAL_REPRESENTATION('',(#8521),#8525);
#8521 = LINE('',#8522,#8523);
#8522 = CARTESIAN_POINT('',(0.,3.));
#8523 = VECTOR('',#8524,1.);
#8524 = DIRECTION('',(1.,0.));
#8525 = ( GEOMETRIC_REPRESENTATION_CONTEXT(2) 
PARAMETRIC_REPRESENTATION_CONTEXT() REPRESENTATION_CONTEXT('2D SPACE',''
  ) );
#8526 = FACE_BOUND('',#8527,.F.);
#8527 = EDGE_LOOP('',(#8528));
#8528 = ORIENTED_EDGE('',*,*,#8529,.T.);
#8529 = EDGE_CURVE('',#8530,#8530,#8532,.T.);
#8530 = VERTEX_POINT('',#8531);
#8531 = CARTESIAN_POINT('',(203.25,354.5,0.));
#8532 = SURFACE_CURVE('',#8533,(#8538,#8549),.PCURVE_S1.);
#8533 = CIRCLE('',#8534,1.25);
#8534 = AXIS2_PLACEMENT_3D('',#8535,#8536,#8537);
#8535 = CARTESIAN_POINT('',(204.5,354.5,0.));
#8536 = DIRECTION('',(0.,0.,-1.));
#8537 = DIRECTION('',(-1.,0.,0.));
#8538 = PCURVE('',#100,#8539);
#8539 = DEFINITIONAL_REPRESENTATION('',(#8540),#8548);
#8540 = ( BOUNDED_CURVE() B_SPLINE_CURVE(2,(#8541,#8542,#8543,#8544,
#8545,#8546,#8547),.UNSPECIFIED.,.T.,.F.) B_SPLINE_CURVE_WITH_KNOTS((1,2
    ,2,2,2,1),(-2.094395102393,0.,2.094395102393,4.188790204786,
6.28318530718,8.377580409573),.UNSPECIFIED.) CURVE() 
GEOMETRIC_REPRESENTATION_ITEM() RATIONAL_B_SPLINE_CURVE((1.,0.5,1.,0.5,
1.,0.5,1.)) REPRESENTATION_ITEM('') );
#8541 = CARTESIAN_POINT('',(223.25,374.5));
#8542 = CARTESIAN_POINT('',(223.25,376.66506350946));
#8543 = CARTESIAN_POINT('',(225.125,375.58253175473));
#8544 = CARTESIAN_POINT('',(227.,374.5));
#8545 = CARTESIAN_POINT('',(225.125,373.41746824526));
#8546 = CARTESIAN_POINT('',(223.25,372.33493649053));
#8547 = CARTESIAN_POINT('',(223.25,374.5));
#8548 = ( GEOMETRIC_REPRESENTATION_CONTEXT(2) 
PARAMETRIC_REPRESENTATION_CONTEXT() REPRESENTATION_CONTEXT('2D SPACE',''
  ) );
#8549 = PCURVE('',#4421,#8550);
#8550 = DEFINITIONAL_REPRESENTATION('',(#8551),#8555);
#8551 = LINE('',#8552,#8553);
#8552 = CARTESIAN_POINT('',(0.,3.));
#8553 = VECTOR('',#8554,1.);
#8554 = DIRECTION('',(1.,0.));
#8555 = ( GEOMETRIC_REPRESENTATION_CONTEXT(2) 
PARAMETRIC_REPRESENTATION_CONTEXT() REPRESENTATION_CONTEXT('2D SPACE',''
  ) );
#8556 = FACE_BOUND('',#8557,.F.);
#8557 = EDGE_LOOP('',(#8558));
#8558 = ORIENTED_EDGE('',*,*,#8559,.T.);
#8559 = EDGE_CURVE('',#8560,#8560,#8562,.T.);
#8560 = VERTEX_POINT('',#8561);
#8561 = CARTESIAN_POINT('',(244.25,395.5,0.));
#8562 = SURFACE_CURVE('',#8563,(#8568,#8579),.PCURVE_S1.);
#8563 = CIRCLE('',#8564,1.25);
#8564 = AXIS2_PLACEMENT_3D('',#8565,#8566,#8567);
#8565 = CARTESIAN_POINT('',(245.5,395.5,0.));
#8566 = DIRECTION('',(0.,0.,-1.));
#8567 = DIRECTION('',(-1.,0.,0.));
#8568 = PCURVE('',#100,#8569);
#8569 = DEFINITIONAL_REPRESENTATION('',(#8570),#8578);
#8570 = ( BOUNDED_CURVE() B_SPLINE_CURVE(2,(#8571,#8572,#8573,#8574,
#8575,#8576,#8577),.UNSPECIFIED.,.T.,.F.) B_SPLINE_CURVE_WITH_KNOTS((1,2
    ,2,2,2,1),(-2.094395102393,0.,2.094395102393,4.188790204786,
6.28318530718,8.377580409573),.UNSPECIFIED.) CURVE() 
GEOMETRIC_REPRESENTATION_ITEM() RATIONAL_B_SPLINE_CURVE((1.,0.5,1.,0.5,
1.,0.5,1.)) REPRESENTATION_ITEM('') );
#8571 = CARTESIAN_POINT('',(264.25,415.5));
#8572 = CARTESIAN_POINT('',(264.25,417.66506350946));
#8573 = CARTESIAN_POINT('',(266.125,416.58253175473));
#8574 = CARTESIAN_POINT('',(268.,415.5));
#8575 = CARTESIAN_POINT('',(266.125,414.41746824526));
#8576 = CARTESIAN_POINT('',(264.25,413.33493649053));
#8577 = CARTESIAN_POINT('',(264.25,415.5));
#8578 = ( GEOMETRIC_REPRESENTATION_CONTEXT(2) 
PARAMETRIC_REPRESENTATION_CONTEXT() REPRESENTATION_CONTEXT('2D SPACE',''
  ) );
#8579 = PCURVE('',#4456,#8580);
#8580 = DEFINITIONAL_REPRESENTATION('',(#8581),#8585);
#8581 = LINE('',#8582,#8583);
#8582 = CARTESIAN_POINT('',(0.,3.));
#8583 = VECTOR('',#8584,1.);
#8584 = DIRECTION('',(1.,0.));
#8585 = ( GEOMETRIC_REPRESENTATION_CONTEXT(2) 
PARAMETRIC_REPRESENTATION_CONTEXT() REPRESENTATION_CONTEXT('2D SPACE',''
  ) );
#8586 = FACE_BOUND('',#8587,.F.);
#8587 = EDGE_LOOP('',(#8588));
#8588 = ORIENTED_EDGE('',*,*,#8589,.T.);
#8589 = EDGE_CURVE('',#8590,#8590,#8592,.T.);
#8590 = VERTEX_POINT('',#8591);
#8591 = CARTESIAN_POINT('',(253.25,354.5,0.));
#8592 = SURFACE_CURVE('',#8593,(#8598,#8609),.PCURVE_S1.);
#8593 = CIRCLE('',#8594,1.25);
#8594 = AXIS2_PLACEMENT_3D('',#8595,#8596,#8597);
#8595 = CARTESIAN_POINT('',(254.5,354.5,0.));
#8596 = DIRECTION('',(0.,0.,-1.));
#8597 = DIRECTION('',(-1.,0.,0.));
#8598 = PCURVE('',#100,#8599);
#8599 = DEFINITIONAL_REPRESENTATION('',(#8600),#8608);
#8600 = ( BOUNDED_CURVE() B_SPLINE_CURVE(2,(#8601,#8602,#8603,#8604,
#8605,#8606,#8607),.UNSPECIFIED.,.T.,.F.) B_SPLINE_CURVE_WITH_KNOTS((1,2
    ,2,2,2,1),(-2.094395102393,0.,2.094395102393,4.188790204786,
6.28318530718,8.377580409573),.UNSPECIFIED.) CURVE() 
GEOMETRIC_REPRESENTATION_ITEM() RATIONAL_B_SPLINE_CURVE((1.,0.5,1.,0.5,
1.,0.5,1.)) REPRESENTATION_ITEM('') );
#8601 = CARTESIAN_POINT('',(273.25,374.5));
#8602 = CARTESIAN_POINT('',(273.25,376.66506350946));
#8603 = CARTESIAN_POINT('',(275.125,375.58253175473));
#8604 = CARTESIAN_POINT('',(277.,374.5));
#8605 = CARTESIAN_POINT('',(275.125,373.41746824526));
#8606 = CARTESIAN_POINT('',(273.25,372.33493649053));
#8607 = CARTESIAN_POINT('',(273.25,374.5));
#8608 = ( GEOMETRIC_REPRESENTATION_CONTEXT(2) 
PARAMETRIC_REPRESENTATION_CONTEXT() REPRESENTATION_CONTEXT('2D SPACE',''
  ) );
#8609 = PCURVE('',#4491,#8610);
#8610 = DEFINITIONAL_REPRESENTATION('',(#8611),#8615);
#8611 = LINE('',#8612,#8613);
#8612 = CARTESIAN_POINT('',(0.,3.));
#8613 = VECTOR('',#8614,1.);
#8614 = DIRECTION('',(1.,0.));
#8615 = ( GEOMETRIC_REPRESENTATION_CONTEXT(2) 
PARAMETRIC_REPRESENTATION_CONTEXT() REPRESENTATION_CONTEXT('2D SPACE',''
  ) );
#8616 = FACE_BOUND('',#8617,.F.);
#8617 = EDGE_LOOP('',(#8618));
#8618 = ORIENTED_EDGE('',*,*,#8619,.T.);
#8619 = EDGE_CURVE('',#8620,#8620,#8622,.T.);
#8620 = VERTEX_POINT('',#8621);
#8621 = CARTESIAN_POINT('',(294.25,395.5,0.));
#8622 = SURFACE_CURVE('',#8623,(#8628,#8639),.PCURVE_S1.);
#8623 = CIRCLE('',#8624,1.25);
#8624 = AXIS2_PLACEMENT_3D('',#8625,#8626,#8627);
#8625 = CARTESIAN_POINT('',(295.5,395.5,0.));
#8626 = DIRECTION('',(0.,0.,-1.));
#8627 = DIRECTION('',(-1.,0.,0.));
#8628 = PCURVE('',#100,#8629);
#8629 = DEFINITIONAL_REPRESENTATION('',(#8630),#8638);
#8630 = ( BOUNDED_CURVE() B_SPLINE_CURVE(2,(#8631,#8632,#8633,#8634,
#8635,#8636,#8637),.UNSPECIFIED.,.T.,.F.) B_SPLINE_CURVE_WITH_KNOTS((1,2
    ,2,2,2,1),(-2.094395102393,0.,2.094395102393,4.188790204786,
6.28318530718,8.377580409573),.UNSPECIFIED.) CURVE() 
GEOMETRIC_REPRESENTATION_ITEM() RATIONAL_B_SPLINE_CURVE((1.,0.5,1.,0.5,
1.,0.5,1.)) REPRESENTATION_ITEM('') );
#8631 = CARTESIAN_POINT('',(314.25,415.5));
#8632 = CARTESIAN_POINT('',(314.25,417.66506350946));
#8633 = CARTESIAN_POINT('',(316.125,416.58253175473));
#8634 = CARTESIAN_POINT('',(318.,415.5));
#8635 = CARTESIAN_POINT('',(316.125,414.41746824526));
#8636 = CARTESIAN_POINT('',(314.25,413.33493649053));
#8637 = CARTESIAN_POINT('',(314.25,415.5));
#8638 = ( GEOMETRIC_REPRESENTATION_CONTEXT(2) 
PARAMETRIC_REPRESENTATION_CONTEXT() REPRESENTATION_CONTEXT('2D SPACE',''
  ) );
#8639 = PCURVE('',#4526,#8640);
#8640 = DEFINITIONAL_REPRESENTATION('',(#8641),#8645);
#8641 = LINE('',#8642,#8643);
#8642 = CARTESIAN_POINT('',(0.,3.));
#8643 = VECTOR('',#8644,1.);
#8644 = DIRECTION('',(1.,0.));
#8645 = ( GEOMETRIC_REPRESENTATION_CONTEXT(2) 
PARAMETRIC_REPRESENTATION_CONTEXT() REPRESENTATION_CONTEXT('2D SPACE',''
  ) );
#8646 = FACE_BOUND('',#8647,.F.);
#8647 = EDGE_LOOP('',(#8648));
#8648 = ORIENTED_EDGE('',*,*,#8649,.T.);
#8649 = EDGE_CURVE('',#8650,#8650,#8652,.T.);
#8650 = VERTEX_POINT('',#8651);
#8651 = CARTESIAN_POINT('',(303.25,304.5,0.));
#8652 = SURFACE_CURVE('',#8653,(#8658,#8669),.PCURVE_S1.);
#8653 = CIRCLE('',#8654,1.25);
#8654 = AXIS2_PLACEMENT_3D('',#8655,#8656,#8657);
#8655 = CARTESIAN_POINT('',(304.5,304.5,0.));
#8656 = DIRECTION('',(0.,0.,-1.));
#8657 = DIRECTION('',(-1.,0.,0.));
#8658 = PCURVE('',#100,#8659);
#8659 = DEFINITIONAL_REPRESENTATION('',(#8660),#8668);
#8660 = ( BOUNDED_CURVE() B_SPLINE_CURVE(2,(#8661,#8662,#8663,#8664,
#8665,#8666,#8667),.UNSPECIFIED.,.T.,.F.) B_SPLINE_CURVE_WITH_KNOTS((1,2
    ,2,2,2,1),(-2.094395102393,0.,2.094395102393,4.188790204786,
6.28318530718,8.377580409573),.UNSPECIFIED.) CURVE() 
GEOMETRIC_REPRESENTATION_ITEM() RATIONAL_B_SPLINE_CURVE((1.,0.5,1.,0.5,
1.,0.5,1.)) REPRESENTATION_ITEM('') );
#8661 = CARTESIAN_POINT('',(323.25,324.5));
#8662 = CARTESIAN_POINT('',(323.25,326.66506350946));
#8663 = CARTESIAN_POINT('',(325.125,325.58253175473));
#8664 = CARTESIAN_POINT('',(327.,324.5));
#8665 = CARTESIAN_POINT('',(325.125,323.41746824526));
#8666 = CARTESIAN_POINT('',(323.25,322.33493649053));
#8667 = CARTESIAN_POINT('',(323.25,324.5));
#8668 = ( GEOMETRIC_REPRESENTATION_CONTEXT(2) 
PARAMETRIC_REPRESENTATION_CONTEXT() REPRESENTATION_CONTEXT('2D SPACE',''
  ) );
#8669 = PCURVE('',#4561,#8670);
#8670 = DEFINITIONAL_REPRESENTATION('',(#8671),#8675);
#8671 = LINE('',#8672,#8673);
#8672 = CARTESIAN_POINT('',(0.,3.));
#8673 = VECTOR('',#8674,1.);
#8674 = DIRECTION('',(1.,0.));
#8675 = ( GEOMETRIC_REPRESENTATION_CONTEXT(2) 
PARAMETRIC_REPRESENTATION_CONTEXT() REPRESENTATION_CONTEXT('2D SPACE',''
  ) );
#8676 = FACE_BOUND('',#8677,.F.);
#8677 = EDGE_LOOP('',(#8678));
#8678 = ORIENTED_EDGE('',*,*,#8679,.T.);
#8679 = EDGE_CURVE('',#8680,#8680,#8682,.T.);
#8680 = VERTEX_POINT('',#8681);
#8681 = CARTESIAN_POINT('',(344.25,345.5,0.));
#8682 = SURFACE_CURVE('',#8683,(#8688,#8699),.PCURVE_S1.);
#8683 = CIRCLE('',#8684,1.25);
#8684 = AXIS2_PLACEMENT_3D('',#8685,#8686,#8687);
#8685 = CARTESIAN_POINT('',(345.5,345.5,0.));
#8686 = DIRECTION('',(0.,0.,-1.));
#8687 = DIRECTION('',(-1.,0.,0.));
#8688 = PCURVE('',#100,#8689);
#8689 = DEFINITIONAL_REPRESENTATION('',(#8690),#8698);
#8690 = ( BOUNDED_CURVE() B_SPLINE_CURVE(2,(#8691,#8692,#8693,#8694,
#8695,#8696,#8697),.UNSPECIFIED.,.T.,.F.) B_SPLINE_CURVE_WITH_KNOTS((1,2
    ,2,2,2,1),(-2.094395102393,0.,2.094395102393,4.188790204786,
6.28318530718,8.377580409573),.UNSPECIFIED.) CURVE() 
GEOMETRIC_REPRESENTATION_ITEM() RATIONAL_B_SPLINE_CURVE((1.,0.5,1.,0.5,
1.,0.5,1.)) REPRESENTATION_ITEM('') );
#8691 = CARTESIAN_POINT('',(364.25,365.5));
#8692 = CARTESIAN_POINT('',(364.25,367.66506350946));
#8693 = CARTESIAN_POINT('',(366.125,366.58253175473));
#8694 = CARTESIAN_POINT('',(368.,365.5));
#8695 = CARTESIAN_POINT('',(366.125,364.41746824526));
#8696 = CARTESIAN_POINT('',(364.25,363.33493649053));
#8697 = CARTESIAN_POINT('',(364.25,365.5));
#8698 = ( GEOMETRIC_REPRESENTATION_CONTEXT(2) 
PARAMETRIC_REPRESENTATION_CONTEXT() REPRESENTATION_CONTEXT('2D SPACE',''
  ) );
#8699 = PCURVE('',#4596,#8700);
#8700 = DEFINITIONAL_REPRESENTATION('',(#8701),#8705);
#8701 = LINE('',#8702,#8703);
#8702 = CARTESIAN_POINT('',(0.,3.));
#8703 = VECTOR('',#8704,1.);
#8704 = DIRECTION('',(1.,0.));
#8705 = ( GEOMETRIC_REPRESENTATION_CONTEXT(2) 
PARAMETRIC_REPRESENTATION_CONTEXT() REPRESENTATION_CONTEXT('2D SPACE',''
  ) );
#8706 = FACE_BOUND('',#8707,.F.);
#8707 = EDGE_LOOP('',(#8708));
#8708 = ORIENTED_EDGE('',*,*,#8709,.T.);
#8709 = EDGE_CURVE('',#8710,#8710,#8712,.T.);
#8710 = VERTEX_POINT('',#8711);
#8711 = CARTESIAN_POINT('',(353.25,304.5,0.));
#8712 = SURFACE_CURVE('',#8713,(#8718,#8729),.PCURVE_S1.);
#8713 = CIRCLE('',#8714,1.25);
#8714 = AXIS2_PLACEMENT_3D('',#8715,#8716,#8717);
#8715 = CARTESIAN_POINT('',(354.5,304.5,0.));
#8716 = DIRECTION('',(0.,0.,-1.));
#8717 = DIRECTION('',(-1.,0.,0.));
#8718 = PCURVE('',#100,#8719);
#8719 = DEFINITIONAL_REPRESENTATION('',(#8720),#8728);
#8720 = ( BOUNDED_CURVE() B_SPLINE_CURVE(2,(#8721,#8722,#8723,#8724,
#8725,#8726,#8727),.UNSPECIFIED.,.T.,.F.) B_SPLINE_CURVE_WITH_KNOTS((1,2
    ,2,2,2,1),(-2.094395102393,0.,2.094395102393,4.188790204786,
6.28318530718,8.377580409573),.UNSPECIFIED.) CURVE() 
GEOMETRIC_REPRESENTATION_ITEM() RATIONAL_B_SPLINE_CURVE((1.,0.5,1.,0.5,
1.,0.5,1.)) REPRESENTATION_ITEM('') );
#8721 = CARTESIAN_POINT('',(373.25,324.5));
#8722 = CARTESIAN_POINT('',(373.25,326.66506350946));
#8723 = CARTESIAN_POINT('',(375.125,325.58253175473));
#8724 = CARTESIAN_POINT('',(377.,324.5));
#8725 = CARTESIAN_POINT('',(375.125,323.41746824526));
#8726 = CARTESIAN_POINT('',(373.25,322.33493649053));
#8727 = CARTESIAN_POINT('',(373.25,324.5));
#8728 = ( GEOMETRIC_REPRESENTATION_CONTEXT(2) 
PARAMETRIC_REPRESENTATION_CONTEXT() REPRESENTATION_CONTEXT('2D SPACE',''
  ) );
#8729 = PCURVE('',#4631,#8730);
#8730 = DEFINITIONAL_REPRESENTATION('',(#8731),#8735);
#8731 = LINE('',#8732,#8733);
#8732 = CARTESIAN_POINT('',(0.,3.));
#8733 = VECTOR('',#8734,1.);
#8734 = DIRECTION('',(1.,0.));
#8735 = ( GEOMETRIC_REPRESENTATION_CONTEXT(2) 
PARAMETRIC_REPRESENTATION_CONTEXT() REPRESENTATION_CONTEXT('2D SPACE',''
  ) );
#8736 = FACE_BOUND('',#8737,.F.);
#8737 = EDGE_LOOP('',(#8738));
#8738 = ORIENTED_EDGE('',*,*,#8739,.T.);
#8739 = EDGE_CURVE('',#8740,#8740,#8742,.T.);
#8740 = VERTEX_POINT('',#8741);
#8741 = CARTESIAN_POINT('',(394.25,345.5,0.));
#8742 = SURFACE_CURVE('',#8743,(#8748,#8759),.PCURVE_S1.);
#8743 = CIRCLE('',#8744,1.25);
#8744 = AXIS2_PLACEMENT_3D('',#8745,#8746,#8747);
#8745 = CARTESIAN_POINT('',(395.5,345.5,0.));
#8746 = DIRECTION('',(0.,0.,-1.));
#8747 = DIRECTION('',(-1.,0.,0.));
#8748 = PCURVE('',#100,#8749);
#8749 = DEFINITIONAL_REPRESENTATION('',(#8750),#8758);
#8750 = ( BOUNDED_CURVE() B_SPLINE_CURVE(2,(#8751,#8752,#8753,#8754,
#8755,#8756,#8757),.UNSPECIFIED.,.T.,.F.) B_SPLINE_CURVE_WITH_KNOTS((1,2
    ,2,2,2,1),(-2.094395102393,0.,2.094395102393,4.188790204786,
6.28318530718,8.377580409573),.UNSPECIFIED.) CURVE() 
GEOMETRIC_REPRESENTATION_ITEM() RATIONAL_B_SPLINE_CURVE((1.,0.5,1.,0.5,
1.,0.5,1.)) REPRESENTATION_ITEM('') );
#8751 = CARTESIAN_POINT('',(414.25,365.5));
#8752 = CARTESIAN_POINT('',(414.25,367.66506350946));
#8753 = CARTESIAN_POINT('',(416.125,366.58253175473));
#8754 = CARTESIAN_POINT('',(418.,365.5));
#8755 = CARTESIAN_POINT('',(416.125,364.41746824526));
#8756 = CARTESIAN_POINT('',(414.25,363.33493649053));
#8757 = CARTESIAN_POINT('',(414.25,365.5));
#8758 = ( GEOMETRIC_REPRESENTATION_CONTEXT(2) 
PARAMETRIC_REPRESENTATION_CONTEXT() REPRESENTATION_CONTEXT('2D SPACE',''
  ) );
#8759 = PCURVE('',#4666,#8760);
#8760 = DEFINITIONAL_REPRESENTATION('',(#8761),#8765);
#8761 = LINE('',#8762,#8763);
#8762 = CARTESIAN_POINT('',(0.,3.));
#8763 = VECTOR('',#8764,1.);
#8764 = DIRECTION('',(1.,0.));
#8765 = ( GEOMETRIC_REPRESENTATION_CONTEXT(2) 
PARAMETRIC_REPRESENTATION_CONTEXT() REPRESENTATION_CONTEXT('2D SPACE',''
  ) );
#8766 = FACE_BOUND('',#8767,.F.);
#8767 = EDGE_LOOP('',(#8768));
#8768 = ORIENTED_EDGE('',*,*,#8769,.T.);
#8769 = EDGE_CURVE('',#8770,#8770,#8772,.T.);
#8770 = VERTEX_POINT('',#8771);
#8771 = CARTESIAN_POINT('',(303.25,354.5,0.));
#8772 = SURFACE_CURVE('',#8773,(#8778,#8789),.PCURVE_S1.);
#8773 = CIRCLE('',#8774,1.25);
#8774 = AXIS2_PLACEMENT_3D('',#8775,#8776,#8777);
#8775 = CARTESIAN_POINT('',(304.5,354.5,0.));
#8776 = DIRECTION('',(0.,0.,-1.));
#8777 = DIRECTION('',(-1.,0.,0.));
#8778 = PCURVE('',#100,#8779);
#8779 = DEFINITIONAL_REPRESENTATION('',(#8780),#8788);
#8780 = ( BOUNDED_CURVE() B_SPLINE_CURVE(2,(#8781,#8782,#8783,#8784,
#8785,#8786,#8787),.UNSPECIFIED.,.T.,.F.) B_SPLINE_CURVE_WITH_KNOTS((1,2
    ,2,2,2,1),(-2.094395102393,0.,2.094395102393,4.188790204786,
6.28318530718,8.377580409573),.UNSPECIFIED.) CURVE() 
GEOMETRIC_REPRESENTATION_ITEM() RATIONAL_B_SPLINE_CURVE((1.,0.5,1.,0.5,
1.,0.5,1.)) REPRESENTATION_ITEM('') );
#8781 = CARTESIAN_POINT('',(323.25,374.5));
#8782 = CARTESIAN_POINT('',(323.25,376.66506350946));
#8783 = CARTESIAN_POINT('',(325.125,375.58253175473));
#8784 = CARTESIAN_POINT('',(327.,374.5));
#8785 = CARTESIAN_POINT('',(325.125,373.41746824526));
#8786 = CARTESIAN_POINT('',(323.25,372.33493649053));
#8787 = CARTESIAN_POINT('',(323.25,374.5));
#8788 = ( GEOMETRIC_REPRESENTATION_CONTEXT(2) 
PARAMETRIC_REPRESENTATION_CONTEXT() REPRESENTATION_CONTEXT('2D SPACE',''
  ) );
#8789 = PCURVE('',#4701,#8790);
#8790 = DEFINITIONAL_REPRESENTATION('',(#8791),#8795);
#8791 = LINE('',#8792,#8793);
#8792 = CARTESIAN_POINT('',(0.,3.));
#8793 = VECTOR('',#8794,1.);
#8794 = DIRECTION('',(1.,0.));
#8795 = ( GEOMETRIC_REPRESENTATION_CONTEXT(2) 
PARAMETRIC_REPRESENTATION_CONTEXT() REPRESENTATION_CONTEXT('2D SPACE',''
  ) );
#8796 = FACE_BOUND('',#8797,.F.);
#8797 = EDGE_LOOP('',(#8798));
#8798 = ORIENTED_EDGE('',*,*,#8799,.T.);
#8799 = EDGE_CURVE('',#8800,#8800,#8802,.T.);
#8800 = VERTEX_POINT('',#8801);
#8801 = CARTESIAN_POINT('',(344.25,395.5,0.));
#8802 = SURFACE_CURVE('',#8803,(#8808,#8819),.PCURVE_S1.);
#8803 = CIRCLE('',#8804,1.25);
#8804 = AXIS2_PLACEMENT_3D('',#8805,#8806,#8807);
#8805 = CARTESIAN_POINT('',(345.5,395.5,0.));
#8806 = DIRECTION('',(0.,0.,-1.));
#8807 = DIRECTION('',(-1.,0.,0.));
#8808 = PCURVE('',#100,#8809);
#8809 = DEFINITIONAL_REPRESENTATION('',(#8810),#8818);
#8810 = ( BOUNDED_CURVE() B_SPLINE_CURVE(2,(#8811,#8812,#8813,#8814,
#8815,#8816,#8817),.UNSPECIFIED.,.T.,.F.) B_SPLINE_CURVE_WITH_KNOTS((1,2
    ,2,2,2,1),(-2.094395102393,0.,2.094395102393,4.188790204786,
6.28318530718,8.377580409573),.UNSPECIFIED.) CURVE() 
GEOMETRIC_REPRESENTATION_ITEM() RATIONAL_B_SPLINE_CURVE((1.,0.5,1.,0.5,
1.,0.5,1.)) REPRESENTATION_ITEM('') );
#8811 = CARTESIAN_POINT('',(364.25,415.5));
#8812 = CARTESIAN_POINT('',(364.25,417.66506350946));
#8813 = CARTESIAN_POINT('',(366.125,416.58253175473));
#8814 = CARTESIAN_POINT('',(368.,415.5));
#8815 = CARTESIAN_POINT('',(366.125,414.41746824526));
#8816 = CARTESIAN_POINT('',(364.25,413.33493649053));
#8817 = CARTESIAN_POINT('',(364.25,415.5));
#8818 = ( GEOMETRIC_REPRESENTATION_CONTEXT(2) 
PARAMETRIC_REPRESENTATION_CONTEXT() REPRESENTATION_CONTEXT('2D SPACE',''
  ) );
#8819 = PCURVE('',#4736,#8820);
#8820 = DEFINITIONAL_REPRESENTATION('',(#8821),#8825);
#8821 = LINE('',#8822,#8823);
#8822 = CARTESIAN_POINT('',(0.,3.));
#8823 = VECTOR('',#8824,1.);
#8824 = DIRECTION('',(1.,0.));
#8825 = ( GEOMETRIC_REPRESENTATION_CONTEXT(2) 
PARAMETRIC_REPRESENTATION_CONTEXT() REPRESENTATION_CONTEXT('2D SPACE',''
  ) );
#8826 = FACE_BOUND('',#8827,.F.);
#8827 = EDGE_LOOP('',(#8828));
#8828 = ORIENTED_EDGE('',*,*,#8829,.T.);
#8829 = EDGE_CURVE('',#8830,#8830,#8832,.T.);
#8830 = VERTEX_POINT('',#8831);
#8831 = CARTESIAN_POINT('',(353.25,354.5,0.));
#8832 = SURFACE_CURVE('',#8833,(#8838,#8849),.PCURVE_S1.);
#8833 = CIRCLE('',#8834,1.25);
#8834 = AXIS2_PLACEMENT_3D('',#8835,#8836,#8837);
#8835 = CARTESIAN_POINT('',(354.5,354.5,0.));
#8836 = DIRECTION('',(0.,0.,-1.));
#8837 = DIRECTION('',(-1.,0.,0.));
#8838 = PCURVE('',#100,#8839);
#8839 = DEFINITIONAL_REPRESENTATION('',(#8840),#8848);
#8840 = ( BOUNDED_CURVE() B_SPLINE_CURVE(2,(#8841,#8842,#8843,#8844,
#8845,#8846,#8847),.UNSPECIFIED.,.T.,.F.) B_SPLINE_CURVE_WITH_KNOTS((1,2
    ,2,2,2,1),(-2.094395102393,0.,2.094395102393,4.188790204786,
6.28318530718,8.377580409573),.UNSPECIFIED.) CURVE() 
GEOMETRIC_REPRESENTATION_ITEM() RATIONAL_B_SPLINE_CURVE((1.,0.5,1.,0.5,
1.,0.5,1.)) REPRESENTATION_ITEM('') );
#8841 = CARTESIAN_POINT('',(373.25,374.5));
#8842 = CARTESIAN_POINT('',(373.25,376.66506350946));
#8843 = CARTESIAN_POINT('',(375.125,375.58253175473));
#8844 = CARTESIAN_POINT('',(377.,374.5));
#8845 = CARTESIAN_POINT('',(375.125,373.41746824526));
#8846 = CARTESIAN_POINT('',(373.25,372.33493649053));
#8847 = CARTESIAN_POINT('',(373.25,374.5));
#8848 = ( GEOMETRIC_REPRESENTATION_CONTEXT(2) 
PARAMETRIC_REPRESENTATION_CONTEXT() REPRESENTATION_CONTEXT('2D SPACE',''
  ) );
#8849 = PCURVE('',#4771,#8850);
#8850 = DEFINITIONAL_REPRESENTATION('',(#8851),#8855);
#8851 = LINE('',#8852,#8853);
#8852 = CARTESIAN_POINT('',(0.,3.));
#8853 = VECTOR('',#8854,1.);
#8854 = DIRECTION('',(1.,0.));
#8855 = ( GEOMETRIC_REPRESENTATION_CONTEXT(2) 
PARAMETRIC_REPRESENTATION_CONTEXT() REPRESENTATION_CONTEXT('2D SPACE',''
  ) );
#8856 = FACE_BOUND('',#8857,.F.);
#8857 = EDGE_LOOP('',(#8858));
#8858 = ORIENTED_EDGE('',*,*,#8859,.T.);
#8859 = EDGE_CURVE('',#8860,#8860,#8862,.T.);
#8860 = VERTEX_POINT('',#8861);
#8861 = CARTESIAN_POINT('',(394.25,395.5,0.));
#8862 = SURFACE_CURVE('',#8863,(#8868,#8879),.PCURVE_S1.);
#8863 = CIRCLE('',#8864,1.25);
#8864 = AXIS2_PLACEMENT_3D('',#8865,#8866,#8867);
#8865 = CARTESIAN_POINT('',(395.5,395.5,0.));
#8866 = DIRECTION('',(0.,0.,-1.));
#8867 = DIRECTION('',(-1.,0.,0.));
#8868 = PCURVE('',#100,#8869);
#8869 = DEFINITIONAL_REPRESENTATION('',(#8870),#8878);
#8870 = ( BOUNDED_CURVE() B_SPLINE_CURVE(2,(#8871,#8872,#8873,#8874,
#8875,#8876,#8877),.UNSPECIFIED.,.T.,.F.) B_SPLINE_CURVE_WITH_KNOTS((1,2
    ,2,2,2,1),(-2.094395102393,0.,2.094395102393,4.188790204786,
6.28318530718,8.377580409573),.UNSPECIFIED.) CURVE() 
GEOMETRIC_REPRESENTATION_ITEM() RATIONAL_B_SPLINE_CURVE((1.,0.5,1.,0.5,
1.,0.5,1.)) REPRESENTATION_ITEM('') );
#8871 = CARTESIAN_POINT('',(414.25,415.5));
#8872 = CARTESIAN_POINT('',(414.25,417.66506350946));
#8873 = CARTESIAN_POINT('',(416.125,416.58253175473));
#8874 = CARTESIAN_POINT('',(418.,415.5));
#8875 = CARTESIAN_POINT('',(416.125,414.41746824526));
#8876 = CARTESIAN_POINT('',(414.25,413.33493649053));
#8877 = CARTESIAN_POINT('',(414.25,415.5));
#8878 = ( GEOMETRIC_REPRESENTATION_CONTEXT(2) 
PARAMETRIC_REPRESENTATION_CONTEXT() REPRESENTATION_CONTEXT('2D SPACE',''
  ) );
#8879 = PCURVE('',#4806,#8880);
#8880 = DEFINITIONAL_REPRESENTATION('',(#8881),#8885);
#8881 = LINE('',#8882,#8883);
#8882 = CARTESIAN_POINT('',(0.,3.));
#8883 = VECTOR('',#8884,1.);
#8884 = DIRECTION('',(1.,0.));
#8885 = ( GEOMETRIC_REPRESENTATION_CONTEXT(2) 
PARAMETRIC_REPRESENTATION_CONTEXT() REPRESENTATION_CONTEXT('2D SPACE',''
  ) );
#8886 = ADVANCED_FACE('',(#8887),#182,.F.);
#8887 = FACE_BOUND('',#8888,.F.);
#8888 = EDGE_LOOP('',(#8889,#8890,#8891,#8892));
#8889 = ORIENTED_EDGE('',*,*,#4927,.F.);
#8890 = ORIENTED_EDGE('',*,*,#4845,.T.);
#8891 = ORIENTED_EDGE('',*,*,#166,.T.);
#8892 = ORIENTED_EDGE('',*,*,#8893,.F.);
#8893 = EDGE_CURVE('',#4928,#167,#8894,.T.);
#8894 = SURFACE_CURVE('',#8895,(#8899,#8906),.PCURVE_S1.);
#8895 = LINE('',#8896,#8897);
#8896 = CARTESIAN_POINT('',(412.,-20.,0.));
#8897 = VECTOR('',#8898,1.);
#8898 = DIRECTION('',(0.,0.,1.));
#8899 = PCURVE('',#182,#8900);
#8900 = DEFINITIONAL_REPRESENTATION('',(#8901),#8905);
#8901 = LINE('',#8902,#8903);
#8902 = CARTESIAN_POINT('',(0.,432.));
#8903 = VECTOR('',#8904,1.);
#8904 = DIRECTION('',(1.,0.));
#8905 = ( GEOMETRIC_REPRESENTATION_CONTEXT(2) 
PARAMETRIC_REPRESENTATION_CONTEXT() REPRESENTATION_CONTEXT('2D SPACE',''
  ) );
#8906 = PCURVE('',#215,#8907);
#8907 = DEFINITIONAL_REPRESENTATION('',(#8908),#8912);
#8908 = LINE('',#8909,#8910);
#8909 = CARTESIAN_POINT('',(-1.570796326795,0.));
#8910 = VECTOR('',#8911,1.);
#8911 = DIRECTION('',(-0.,1.));
#8912 = ( GEOMETRIC_REPRESENTATION_CONTEXT(2) 
PARAMETRIC_REPRESENTATION_CONTEXT() REPRESENTATION_CONTEXT('2D SPACE',''
  ) );
#8913 = ADVANCED_FACE('',(#8914),#300,.T.);
#8914 = FACE_BOUND('',#8915,.T.);
#8915 = EDGE_LOOP('',(#8916,#8917,#8918,#8919));
#8916 = ORIENTED_EDGE('',*,*,#5025,.F.);
#8917 = ORIENTED_EDGE('',*,*,#4899,.T.);
#8918 = ORIENTED_EDGE('',*,*,#284,.T.);
#8919 = ORIENTED_EDGE('',*,*,#8920,.F.);
#8920 = EDGE_CURVE('',#5002,#256,#8921,.T.);
#8921 = SURFACE_CURVE('',#8922,(#8926,#8933),.PCURVE_S1.);
#8922 = LINE('',#8923,#8924);
#8923 = CARTESIAN_POINT('',(412.,420.,0.));
#8924 = VECTOR('',#8925,1.);
#8925 = DIRECTION('',(0.,0.,1.));
#8926 = PCURVE('',#300,#8927);
#8927 = DEFINITIONAL_REPRESENTATION('',(#8928),#8932);
#8928 = LINE('',#8929,#8930);
#8929 = CARTESIAN_POINT('',(0.,432.));
#8930 = VECTOR('',#8931,1.);
#8931 = DIRECTION('',(1.,0.));
#8932 = ( GEOMETRIC_REPRESENTATION_CONTEXT(2) 
PARAMETRIC_REPRESENTATION_CONTEXT() REPRESENTATION_CONTEXT('2D SPACE',''
  ) );
#8933 = PCURVE('',#272,#8934);
#8934 = DEFINITIONAL_REPRESENTATION('',(#8935),#8939);
#8935 = LINE('',#8936,#8937);
#8936 = CARTESIAN_POINT('',(1.570796326795,0.));
#8937 = VECTOR('',#8938,1.);
#8938 = DIRECTION('',(0.,1.));
#8939 = ( GEOMETRIC_REPRESENTATION_CONTEXT(2) 
PARAMETRIC_REPRESENTATION_CONTEXT() REPRESENTATION_CONTEXT('2D SPACE',''
  ) );
#8940 = ADVANCED_FACE('',(#8941),#215,.T.);
#8941 = FACE_BOUND('',#8942,.F.);
#8942 = EDGE_LOOP('',(#8943,#8944,#8945,#8946));
#8943 = ORIENTED_EDGE('',*,*,#4950,.T.);
#8944 = ORIENTED_EDGE('',*,*,#8893,.T.);
#8945 = ORIENTED_EDGE('',*,*,#194,.F.);
#8946 = ORIENTED_EDGE('',*,*,#8947,.F.);
#8947 = EDGE_CURVE('',#4951,#195,#8948,.T.);
#8948 = SURFACE_CURVE('',#8949,(#8953,#8960),.PCURVE_S1.);
#8949 = LINE('',#8950,#8951);
#8950 = CARTESIAN_POINT('',(420.,-12.,0.));
#8951 = VECTOR('',#8952,1.);
#8952 = DIRECTION('',(0.,0.,1.));
#8953 = PCURVE('',#215,#8954);
#8954 = DEFINITIONAL_REPRESENTATION('',(#8955),#8959);
#8955 = LINE('',#8956,#8957);
#8956 = CARTESIAN_POINT('',(-0.,0.));
#8957 = VECTOR('',#8958,1.);
#8958 = DIRECTION('',(-0.,1.));
#8959 = ( GEOMETRIC_REPRESENTATION_CONTEXT(2) 
PARAMETRIC_REPRESENTATION_CONTEXT() REPRESENTATION_CONTEXT('2D SPACE',''
  ) );
#8960 = PCURVE('',#243,#8961);
#8961 = DEFINITIONAL_REPRESENTATION('',(#8962),#8966);
#8962 = LINE('',#8963,#8964);
#8963 = CARTESIAN_POINT('',(0.,-8.));
#8964 = VECTOR('',#8965,1.);
#8965 = DIRECTION('',(1.,0.));
#8966 = ( GEOMETRIC_REPRESENTATION_CONTEXT(2) 
PARAMETRIC_REPRESENTATION_CONTEXT() REPRESENTATION_CONTEXT('2D SPACE',''
  ) );
#8967 = ADVANCED_FACE('',(#8968),#272,.T.);
#8968 = FACE_BOUND('',#8969,.T.);
#8969 = EDGE_LOOP('',(#8970,#8971,#8972,#8973));
#8970 = ORIENTED_EDGE('',*,*,#5001,.T.);
#8971 = ORIENTED_EDGE('',*,*,#8920,.T.);
#8972 = ORIENTED_EDGE('',*,*,#255,.F.);
#8973 = ORIENTED_EDGE('',*,*,#8974,.F.);
#8974 = EDGE_CURVE('',#4979,#228,#8975,.T.);
#8975 = SURFACE_CURVE('',#8976,(#8980,#8987),.PCURVE_S1.);
#8976 = LINE('',#8977,#8978);
#8977 = CARTESIAN_POINT('',(420.,412.,0.));
#8978 = VECTOR('',#8979,1.);
#8979 = DIRECTION('',(0.,0.,1.));
#8980 = PCURVE('',#272,#8981);
#8981 = DEFINITIONAL_REPRESENTATION('',(#8982),#8986);
#8982 = LINE('',#8983,#8984);
#8983 = CARTESIAN_POINT('',(0.,0.));
#8984 = VECTOR('',#8985,1.);
#8985 = DIRECTION('',(0.,1.));
#8986 = ( GEOMETRIC_REPRESENTATION_CONTEXT(2) 
PARAMETRIC_REPRESENTATION_CONTEXT() REPRESENTATION_CONTEXT('2D SPACE',''
  ) );
#8987 = PCURVE('',#243,#8988);
#8988 = DEFINITIONAL_REPRESENTATION('',(#8989),#8993);
#8989 = LINE('',#8990,#8991);
#8990 = CARTESIAN_POINT('',(0.,-432.));
#8991 = VECTOR('',#8992,1.);
#8992 = DIRECTION('',(1.,0.));
#8993 = ( GEOMETRIC_REPRESENTATION_CONTEXT(2) 
PARAMETRIC_REPRESENTATION_CONTEXT() REPRESENTATION_CONTEXT('2D SPACE',''
  ) );
#8994 = ADVANCED_FACE('',(#8995),#243,.T.);
#8995 = FACE_BOUND('',#8996,.T.);
#8996 = EDGE_LOOP('',(#8997,#8998,#8999,#9000));
#8997 = ORIENTED_EDGE('',*,*,#227,.F.);
#8998 = ORIENTED_EDGE('',*,*,#8947,.F.);
#8999 = ORIENTED_EDGE('',*,*,#4978,.T.);
#9000 = ORIENTED_EDGE('',*,*,#8974,.T.);
#9001 = ADVANCED_FACE('',(#9002),#361,.F.);
#9002 = FACE_BOUND('',#9003,.F.);
#9003 = EDGE_LOOP('',(#9004,#9005,#9026,#9027));
#9004 = ORIENTED_EDGE('',*,*,#5049,.F.);
#9005 = ORIENTED_EDGE('',*,*,#9006,.F.);
#9006 = EDGE_CURVE('',#341,#5050,#9007,.T.);
#9007 = SEAM_CURVE('',#9008,(#9012,#9019),.PCURVE_S1.);
#9008 = LINE('',#9009,#9010);
#9009 = CARTESIAN_POINT('',(3.25,4.5,3.));
#9010 = VECTOR('',#9011,1.);
#9011 = DIRECTION('',(0.,0.,-1.));
#9012 = PCURVE('',#361,#9013);
#9013 = DEFINITIONAL_REPRESENTATION('',(#9014),#9018);
#9014 = LINE('',#9015,#9016);
#9015 = CARTESIAN_POINT('',(6.28318530718,-0.));
#9016 = VECTOR('',#9017,1.);
#9017 = DIRECTION('',(0.,1.));
#9018 = ( GEOMETRIC_REPRESENTATION_CONTEXT(2) 
PARAMETRIC_REPRESENTATION_CONTEXT() REPRESENTATION_CONTEXT('2D SPACE',''
  ) );
#9019 = PCURVE('',#361,#9020);
#9020 = DEFINITIONAL_REPRESENTATION('',(#9021),#9025);
#9021 = LINE('',#9022,#9023);
#9022 = CARTESIAN_POINT('',(0.,-0.));
#9023 = VECTOR('',#9024,1.);
#9024 = DIRECTION('',(0.,1.));
#9025 = ( GEOMETRIC_REPRESENTATION_CONTEXT(2) 
PARAMETRIC_REPRESENTATION_CONTEXT() REPRESENTATION_CONTEXT('2D SPACE',''
  ) );
#9026 = ORIENTED_EDGE('',*,*,#340,.T.);
#9027 = ORIENTED_EDGE('',*,*,#9006,.T.);
#9028 = ADVANCED_FACE('',(#9029),#396,.F.);
#9029 = FACE_BOUND('',#9030,.F.);
#9030 = EDGE_LOOP('',(#9031,#9032,#9053,#9054));
#9031 = ORIENTED_EDGE('',*,*,#5079,.F.);
#9032 = ORIENTED_EDGE('',*,*,#9033,.F.);
#9033 = EDGE_CURVE('',#376,#5080,#9034,.T.);
#9034 = SEAM_CURVE('',#9035,(#9039,#9046),.PCURVE_S1.);
#9035 = LINE('',#9036,#9037);
#9036 = CARTESIAN_POINT('',(44.25,45.5,3.));
#9037 = VECTOR('',#9038,1.);
#9038 = DIRECTION('',(0.,0.,-1.));
#9039 = PCURVE('',#396,#9040);
#9040 = DEFINITIONAL_REPRESENTATION('',(#9041),#9045);
#9041 = LINE('',#9042,#9043);
#9042 = CARTESIAN_POINT('',(6.28318530718,-0.));
#9043 = VECTOR('',#9044,1.);
#9044 = DIRECTION('',(0.,1.));
#9045 = ( GEOMETRIC_REPRESENTATION_CONTEXT(2) 
PARAMETRIC_REPRESENTATION_CONTEXT() REPRESENTATION_CONTEXT('2D SPACE',''
  ) );
#9046 = PCURVE('',#396,#9047);
#9047 = DEFINITIONAL_REPRESENTATION('',(#9048),#9052);
#9048 = LINE('',#9049,#9050);
#9049 = CARTESIAN_POINT('',(0.,-0.));
#9050 = VECTOR('',#9051,1.);
#9051 = DIRECTION('',(0.,1.));
#9052 = ( GEOMETRIC_REPRESENTATION_CONTEXT(2) 
PARAMETRIC_REPRESENTATION_CONTEXT() REPRESENTATION_CONTEXT('2D SPACE',''
  ) );
#9053 = ORIENTED_EDGE('',*,*,#375,.T.);
#9054 = ORIENTED_EDGE('',*,*,#9033,.T.);
#9055 = ADVANCED_FACE('',(#9056),#431,.F.);
#9056 = FACE_BOUND('',#9057,.F.);
#9057 = EDGE_LOOP('',(#9058,#9059,#9080,#9081));
#9058 = ORIENTED_EDGE('',*,*,#5109,.F.);
#9059 = ORIENTED_EDGE('',*,*,#9060,.F.);
#9060 = EDGE_CURVE('',#411,#5110,#9061,.T.);
#9061 = SEAM_CURVE('',#9062,(#9066,#9073),.PCURVE_S1.);
#9062 = LINE('',#9063,#9064);
#9063 = CARTESIAN_POINT('',(53.25,4.5,3.));
#9064 = VECTOR('',#9065,1.);
#9065 = DIRECTION('',(0.,0.,-1.));
#9066 = PCURVE('',#431,#9067);
#9067 = DEFINITIONAL_REPRESENTATION('',(#9068),#9072);
#9068 = LINE('',#9069,#9070);
#9069 = CARTESIAN_POINT('',(6.28318530718,-0.));
#9070 = VECTOR('',#9071,1.);
#9071 = DIRECTION('',(0.,1.));
#9072 = ( GEOMETRIC_REPRESENTATION_CONTEXT(2) 
PARAMETRIC_REPRESENTATION_CONTEXT() REPRESENTATION_CONTEXT('2D SPACE',''
  ) );
#9073 = PCURVE('',#431,#9074);
#9074 = DEFINITIONAL_REPRESENTATION('',(#9075),#9079);
#9075 = LINE('',#9076,#9077);
#9076 = CARTESIAN_POINT('',(0.,-0.));
#9077 = VECTOR('',#9078,1.);
#9078 = DIRECTION('',(0.,1.));
#9079 = ( GEOMETRIC_REPRESENTATION_CONTEXT(2) 
PARAMETRIC_REPRESENTATION_CONTEXT() REPRESENTATION_CONTEXT('2D SPACE',''
  ) );
#9080 = ORIENTED_EDGE('',*,*,#410,.T.);
#9081 = ORIENTED_EDGE('',*,*,#9060,.T.);
#9082 = ADVANCED_FACE('',(#9083),#466,.F.);
#9083 = FACE_BOUND('',#9084,.F.);
#9084 = EDGE_LOOP('',(#9085,#9086,#9107,#9108));
#9085 = ORIENTED_EDGE('',*,*,#5139,.F.);
#9086 = ORIENTED_EDGE('',*,*,#9087,.F.);
#9087 = EDGE_CURVE('',#446,#5140,#9088,.T.);
#9088 = SEAM_CURVE('',#9089,(#9093,#9100),.PCURVE_S1.);
#9089 = LINE('',#9090,#9091);
#9090 = CARTESIAN_POINT('',(94.25,45.5,3.));
#9091 = VECTOR('',#9092,1.);
#9092 = DIRECTION('',(0.,0.,-1.));
#9093 = PCURVE('',#466,#9094);
#9094 = DEFINITIONAL_REPRESENTATION('',(#9095),#9099);
#9095 = LINE('',#9096,#9097);
#9096 = CARTESIAN_POINT('',(6.28318530718,-0.));
#9097 = VECTOR('',#9098,1.);
#9098 = DIRECTION('',(0.,1.));
#9099 = ( GEOMETRIC_REPRESENTATION_CONTEXT(2) 
PARAMETRIC_REPRESENTATION_CONTEXT() REPRESENTATION_CONTEXT('2D SPACE',''
  ) );
#9100 = PCURVE('',#466,#9101);
#9101 = DEFINITIONAL_REPRESENTATION('',(#9102),#9106);
#9102 = LINE('',#9103,#9104);
#9103 = CARTESIAN_POINT('',(0.,-0.));
#9104 = VECTOR('',#9105,1.);
#9105 = DIRECTION('',(0.,1.));
#9106 = ( GEOMETRIC_REPRESENTATION_CONTEXT(2) 
PARAMETRIC_REPRESENTATION_CONTEXT() REPRESENTATION_CONTEXT('2D SPACE',''
  ) );
#9107 = ORIENTED_EDGE('',*,*,#445,.T.);
#9108 = ORIENTED_EDGE('',*,*,#9087,.T.);
#9109 = ADVANCED_FACE('',(#9110),#501,.F.);
#9110 = FACE_BOUND('',#9111,.F.);
#9111 = EDGE_LOOP('',(#9112,#9113,#9134,#9135));
#9112 = ORIENTED_EDGE('',*,*,#5169,.F.);
#9113 = ORIENTED_EDGE('',*,*,#9114,.F.);
#9114 = EDGE_CURVE('',#481,#5170,#9115,.T.);
#9115 = SEAM_CURVE('',#9116,(#9120,#9127),.PCURVE_S1.);
#9116 = LINE('',#9117,#9118);
#9117 = CARTESIAN_POINT('',(3.25,54.5,3.));
#9118 = VECTOR('',#9119,1.);
#9119 = DIRECTION('',(0.,0.,-1.));
#9120 = PCURVE('',#501,#9121);
#9121 = DEFINITIONAL_REPRESENTATION('',(#9122),#9126);
#9122 = LINE('',#9123,#9124);
#9123 = CARTESIAN_POINT('',(6.28318530718,-0.));
#9124 = VECTOR('',#9125,1.);
#9125 = DIRECTION('',(0.,1.));
#9126 = ( GEOMETRIC_REPRESENTATION_CONTEXT(2) 
PARAMETRIC_REPRESENTATION_CONTEXT() REPRESENTATION_CONTEXT('2D SPACE',''
  ) );
#9127 = PCURVE('',#501,#9128);
#9128 = DEFINITIONAL_REPRESENTATION('',(#9129),#9133);
#9129 = LINE('',#9130,#9131);
#9130 = CARTESIAN_POINT('',(0.,-0.));
#9131 = VECTOR('',#9132,1.);
#9132 = DIRECTION('',(0.,1.));
#9133 = ( GEOMETRIC_REPRESENTATION_CONTEXT(2) 
PARAMETRIC_REPRESENTATION_CONTEXT() REPRESENTATION_CONTEXT('2D SPACE',''
  ) );
#9134 = ORIENTED_EDGE('',*,*,#480,.T.);
#9135 = ORIENTED_EDGE('',*,*,#9114,.T.);
#9136 = ADVANCED_FACE('',(#9137),#536,.F.);
#9137 = FACE_BOUND('',#9138,.F.);
#9138 = EDGE_LOOP('',(#9139,#9140,#9161,#9162));
#9139 = ORIENTED_EDGE('',*,*,#5199,.F.);
#9140 = ORIENTED_EDGE('',*,*,#9141,.F.);
#9141 = EDGE_CURVE('',#516,#5200,#9142,.T.);
#9142 = SEAM_CURVE('',#9143,(#9147,#9154),.PCURVE_S1.);
#9143 = LINE('',#9144,#9145);
#9144 = CARTESIAN_POINT('',(44.25,95.5,3.));
#9145 = VECTOR('',#9146,1.);
#9146 = DIRECTION('',(0.,0.,-1.));
#9147 = PCURVE('',#536,#9148);
#9148 = DEFINITIONAL_REPRESENTATION('',(#9149),#9153);
#9149 = LINE('',#9150,#9151);
#9150 = CARTESIAN_POINT('',(6.28318530718,-0.));
#9151 = VECTOR('',#9152,1.);
#9152 = DIRECTION('',(0.,1.));
#9153 = ( GEOMETRIC_REPRESENTATION_CONTEXT(2) 
PARAMETRIC_REPRESENTATION_CONTEXT() REPRESENTATION_CONTEXT('2D SPACE',''
  ) );
#9154 = PCURVE('',#536,#9155);
#9155 = DEFINITIONAL_REPRESENTATION('',(#9156),#9160);
#9156 = LINE('',#9157,#9158);
#9157 = CARTESIAN_POINT('',(0.,-0.));
#9158 = VECTOR('',#9159,1.);
#9159 = DIRECTION('',(0.,1.));
#9160 = ( GEOMETRIC_REPRESENTATION_CONTEXT(2) 
PARAMETRIC_REPRESENTATION_CONTEXT() REPRESENTATION_CONTEXT('2D SPACE',''
  ) );
#9161 = ORIENTED_EDGE('',*,*,#515,.T.);
#9162 = ORIENTED_EDGE('',*,*,#9141,.T.);
#9163 = ADVANCED_FACE('',(#9164),#571,.F.);
#9164 = FACE_BOUND('',#9165,.F.);
#9165 = EDGE_LOOP('',(#9166,#9167,#9188,#9189));
#9166 = ORIENTED_EDGE('',*,*,#5229,.F.);
#9167 = ORIENTED_EDGE('',*,*,#9168,.F.);
#9168 = EDGE_CURVE('',#551,#5230,#9169,.T.);
#9169 = SEAM_CURVE('',#9170,(#9174,#9181),.PCURVE_S1.);
#9170 = LINE('',#9171,#9172);
#9171 = CARTESIAN_POINT('',(53.25,54.5,3.));
#9172 = VECTOR('',#9173,1.);
#9173 = DIRECTION('',(0.,0.,-1.));
#9174 = PCURVE('',#571,#9175);
#9175 = DEFINITIONAL_REPRESENTATION('',(#9176),#9180);
#9176 = LINE('',#9177,#9178);
#9177 = CARTESIAN_POINT('',(6.28318530718,-0.));
#9178 = VECTOR('',#9179,1.);
#9179 = DIRECTION('',(0.,1.));
#9180 = ( GEOMETRIC_REPRESENTATION_CONTEXT(2) 
PARAMETRIC_REPRESENTATION_CONTEXT() REPRESENTATION_CONTEXT('2D SPACE',''
  ) );
#9181 = PCURVE('',#571,#9182);
#9182 = DEFINITIONAL_REPRESENTATION('',(#9183),#9187);
#9183 = LINE('',#9184,#9185);
#9184 = CARTESIAN_POINT('',(0.,-0.));
#9185 = VECTOR('',#9186,1.);
#9186 = DIRECTION('',(0.,1.));
#9187 = ( GEOMETRIC_REPRESENTATION_CONTEXT(2) 
PARAMETRIC_REPRESENTATION_CONTEXT() REPRESENTATION_CONTEXT('2D SPACE',''
  ) );
#9188 = ORIENTED_EDGE('',*,*,#550,.T.);
#9189 = ORIENTED_EDGE('',*,*,#9168,.T.);
#9190 = ADVANCED_FACE('',(#9191),#606,.F.);
#9191 = FACE_BOUND('',#9192,.F.);
#9192 = EDGE_LOOP('',(#9193,#9194,#9215,#9216));
#9193 = ORIENTED_EDGE('',*,*,#5259,.F.);
#9194 = ORIENTED_EDGE('',*,*,#9195,.F.);
#9195 = EDGE_CURVE('',#586,#5260,#9196,.T.);
#9196 = SEAM_CURVE('',#9197,(#9201,#9208),.PCURVE_S1.);
#9197 = LINE('',#9198,#9199);
#9198 = CARTESIAN_POINT('',(94.25,95.5,3.));
#9199 = VECTOR('',#9200,1.);
#9200 = DIRECTION('',(0.,0.,-1.));
#9201 = PCURVE('',#606,#9202);
#9202 = DEFINITIONAL_REPRESENTATION('',(#9203),#9207);
#9203 = LINE('',#9204,#9205);
#9204 = CARTESIAN_POINT('',(6.28318530718,-0.));
#9205 = VECTOR('',#9206,1.);
#9206 = DIRECTION('',(0.,1.));
#9207 = ( GEOMETRIC_REPRESENTATION_CONTEXT(2) 
PARAMETRIC_REPRESENTATION_CONTEXT() REPRESENTATION_CONTEXT('2D SPACE',''
  ) );
#9208 = PCURVE('',#606,#9209);
#9209 = DEFINITIONAL_REPRESENTATION('',(#9210),#9214);
#9210 = LINE('',#9211,#9212);
#9211 = CARTESIAN_POINT('',(0.,-0.));
#9212 = VECTOR('',#9213,1.);
#9213 = DIRECTION('',(0.,1.));
#9214 = ( GEOMETRIC_REPRESENTATION_CONTEXT(2) 
PARAMETRIC_REPRESENTATION_CONTEXT() REPRESENTATION_CONTEXT('2D SPACE',''
  ) );
#9215 = ORIENTED_EDGE('',*,*,#585,.T.);
#9216 = ORIENTED_EDGE('',*,*,#9195,.T.);
#9217 = ADVANCED_FACE('',(#9218),#641,.F.);
#9218 = FACE_BOUND('',#9219,.F.);
#9219 = EDGE_LOOP('',(#9220,#9221,#9242,#9243));
#9220 = ORIENTED_EDGE('',*,*,#5289,.F.);
#9221 = ORIENTED_EDGE('',*,*,#9222,.F.);
#9222 = EDGE_CURVE('',#621,#5290,#9223,.T.);
#9223 = SEAM_CURVE('',#9224,(#9228,#9235),.PCURVE_S1.);
#9224 = LINE('',#9225,#9226);
#9225 = CARTESIAN_POINT('',(103.25,4.5,3.));
#9226 = VECTOR('',#9227,1.);
#9227 = DIRECTION('',(0.,0.,-1.));
#9228 = PCURVE('',#641,#9229);
#9229 = DEFINITIONAL_REPRESENTATION('',(#9230),#9234);
#9230 = LINE('',#9231,#9232);
#9231 = CARTESIAN_POINT('',(6.28318530718,-0.));
#9232 = VECTOR('',#9233,1.);
#9233 = DIRECTION('',(0.,1.));
#9234 = ( GEOMETRIC_REPRESENTATION_CONTEXT(2) 
PARAMETRIC_REPRESENTATION_CONTEXT() REPRESENTATION_CONTEXT('2D SPACE',''
  ) );
#9235 = PCURVE('',#641,#9236);
#9236 = DEFINITIONAL_REPRESENTATION('',(#9237),#9241);
#9237 = LINE('',#9238,#9239);
#9238 = CARTESIAN_POINT('',(0.,-0.));
#9239 = VECTOR('',#9240,1.);
#9240 = DIRECTION('',(0.,1.));
#9241 = ( GEOMETRIC_REPRESENTATION_CONTEXT(2) 
PARAMETRIC_REPRESENTATION_CONTEXT() REPRESENTATION_CONTEXT('2D SPACE',''
  ) );
#9242 = ORIENTED_EDGE('',*,*,#620,.T.);
#9243 = ORIENTED_EDGE('',*,*,#9222,.T.);
#9244 = ADVANCED_FACE('',(#9245),#676,.F.);
#9245 = FACE_BOUND('',#9246,.F.);
#9246 = EDGE_LOOP('',(#9247,#9248,#9269,#9270));
#9247 = ORIENTED_EDGE('',*,*,#5319,.F.);
#9248 = ORIENTED_EDGE('',*,*,#9249,.F.);
#9249 = EDGE_CURVE('',#656,#5320,#9250,.T.);
#9250 = SEAM_CURVE('',#9251,(#9255,#9262),.PCURVE_S1.);
#9251 = LINE('',#9252,#9253);
#9252 = CARTESIAN_POINT('',(144.25,45.5,3.));
#9253 = VECTOR('',#9254,1.);
#9254 = DIRECTION('',(0.,0.,-1.));
#9255 = PCURVE('',#676,#9256);
#9256 = DEFINITIONAL_REPRESENTATION('',(#9257),#9261);
#9257 = LINE('',#9258,#9259);
#9258 = CARTESIAN_POINT('',(6.28318530718,-0.));
#9259 = VECTOR('',#9260,1.);
#9260 = DIRECTION('',(0.,1.));
#9261 = ( GEOMETRIC_REPRESENTATION_CONTEXT(2) 
PARAMETRIC_REPRESENTATION_CONTEXT() REPRESENTATION_CONTEXT('2D SPACE',''
  ) );
#9262 = PCURVE('',#676,#9263);
#9263 = DEFINITIONAL_REPRESENTATION('',(#9264),#9268);
#9264 = LINE('',#9265,#9266);
#9265 = CARTESIAN_POINT('',(0.,-0.));
#9266 = VECTOR('',#9267,1.);
#9267 = DIRECTION('',(0.,1.));
#9268 = ( GEOMETRIC_REPRESENTATION_CONTEXT(2) 
PARAMETRIC_REPRESENTATION_CONTEXT() REPRESENTATION_CONTEXT('2D SPACE',''
  ) );
#9269 = ORIENTED_EDGE('',*,*,#655,.T.);
#9270 = ORIENTED_EDGE('',*,*,#9249,.T.);
#9271 = ADVANCED_FACE('',(#9272),#711,.F.);
#9272 = FACE_BOUND('',#9273,.F.);
#9273 = EDGE_LOOP('',(#9274,#9275,#9296,#9297));
#9274 = ORIENTED_EDGE('',*,*,#5349,.F.);
#9275 = ORIENTED_EDGE('',*,*,#9276,.F.);
#9276 = EDGE_CURVE('',#691,#5350,#9277,.T.);
#9277 = SEAM_CURVE('',#9278,(#9282,#9289),.PCURVE_S1.);
#9278 = LINE('',#9279,#9280);
#9279 = CARTESIAN_POINT('',(153.25,4.5,3.));
#9280 = VECTOR('',#9281,1.);
#9281 = DIRECTION('',(0.,0.,-1.));
#9282 = PCURVE('',#711,#9283);
#9283 = DEFINITIONAL_REPRESENTATION('',(#9284),#9288);
#9284 = LINE('',#9285,#9286);
#9285 = CARTESIAN_POINT('',(6.28318530718,-0.));
#9286 = VECTOR('',#9287,1.);
#9287 = DIRECTION('',(0.,1.));
#9288 = ( GEOMETRIC_REPRESENTATION_CONTEXT(2) 
PARAMETRIC_REPRESENTATION_CONTEXT() REPRESENTATION_CONTEXT('2D SPACE',''
  ) );
#9289 = PCURVE('',#711,#9290);
#9290 = DEFINITIONAL_REPRESENTATION('',(#9291),#9295);
#9291 = LINE('',#9292,#9293);
#9292 = CARTESIAN_POINT('',(0.,-0.));
#9293 = VECTOR('',#9294,1.);
#9294 = DIRECTION('',(0.,1.));
#9295 = ( GEOMETRIC_REPRESENTATION_CONTEXT(2) 
PARAMETRIC_REPRESENTATION_CONTEXT() REPRESENTATION_CONTEXT('2D SPACE',''
  ) );
#9296 = ORIENTED_EDGE('',*,*,#690,.T.);
#9297 = ORIENTED_EDGE('',*,*,#9276,.T.);
#9298 = ADVANCED_FACE('',(#9299),#746,.F.);
#9299 = FACE_BOUND('',#9300,.F.);
#9300 = EDGE_LOOP('',(#9301,#9302,#9323,#9324));
#9301 = ORIENTED_EDGE('',*,*,#5379,.F.);
#9302 = ORIENTED_EDGE('',*,*,#9303,.F.);
#9303 = EDGE_CURVE('',#726,#5380,#9304,.T.);
#9304 = SEAM_CURVE('',#9305,(#9309,#9316),.PCURVE_S1.);
#9305 = LINE('',#9306,#9307);
#9306 = CARTESIAN_POINT('',(194.25,45.5,3.));
#9307 = VECTOR('',#9308,1.);
#9308 = DIRECTION('',(0.,0.,-1.));
#9309 = PCURVE('',#746,#9310);
#9310 = DEFINITIONAL_REPRESENTATION('',(#9311),#9315);
#9311 = LINE('',#9312,#9313);
#9312 = CARTESIAN_POINT('',(6.28318530718,-0.));
#9313 = VECTOR('',#9314,1.);
#9314 = DIRECTION('',(0.,1.));
#9315 = ( GEOMETRIC_REPRESENTATION_CONTEXT(2) 
PARAMETRIC_REPRESENTATION_CONTEXT() REPRESENTATION_CONTEXT('2D SPACE',''
  ) );
#9316 = PCURVE('',#746,#9317);
#9317 = DEFINITIONAL_REPRESENTATION('',(#9318),#9322);
#9318 = LINE('',#9319,#9320);
#9319 = CARTESIAN_POINT('',(0.,-0.));
#9320 = VECTOR('',#9321,1.);
#9321 = DIRECTION('',(0.,1.));
#9322 = ( GEOMETRIC_REPRESENTATION_CONTEXT(2) 
PARAMETRIC_REPRESENTATION_CONTEXT() REPRESENTATION_CONTEXT('2D SPACE',''
  ) );
#9323 = ORIENTED_EDGE('',*,*,#725,.T.);
#9324 = ORIENTED_EDGE('',*,*,#9303,.T.);
#9325 = ADVANCED_FACE('',(#9326),#781,.F.);
#9326 = FACE_BOUND('',#9327,.F.);
#9327 = EDGE_LOOP('',(#9328,#9329,#9350,#9351));
#9328 = ORIENTED_EDGE('',*,*,#5409,.F.);
#9329 = ORIENTED_EDGE('',*,*,#9330,.F.);
#9330 = EDGE_CURVE('',#761,#5410,#9331,.T.);
#9331 = SEAM_CURVE('',#9332,(#9336,#9343),.PCURVE_S1.);
#9332 = LINE('',#9333,#9334);
#9333 = CARTESIAN_POINT('',(103.25,54.5,3.));
#9334 = VECTOR('',#9335,1.);
#9335 = DIRECTION('',(0.,0.,-1.));
#9336 = PCURVE('',#781,#9337);
#9337 = DEFINITIONAL_REPRESENTATION('',(#9338),#9342);
#9338 = LINE('',#9339,#9340);
#9339 = CARTESIAN_POINT('',(6.28318530718,-0.));
#9340 = VECTOR('',#9341,1.);
#9341 = DIRECTION('',(0.,1.));
#9342 = ( GEOMETRIC_REPRESENTATION_CONTEXT(2) 
PARAMETRIC_REPRESENTATION_CONTEXT() REPRESENTATION_CONTEXT('2D SPACE',''
  ) );
#9343 = PCURVE('',#781,#9344);
#9344 = DEFINITIONAL_REPRESENTATION('',(#9345),#9349);
#9345 = LINE('',#9346,#9347);
#9346 = CARTESIAN_POINT('',(0.,-0.));
#9347 = VECTOR('',#9348,1.);
#9348 = DIRECTION('',(0.,1.));
#9349 = ( GEOMETRIC_REPRESENTATION_CONTEXT(2) 
PARAMETRIC_REPRESENTATION_CONTEXT() REPRESENTATION_CONTEXT('2D SPACE',''
  ) );
#9350 = ORIENTED_EDGE('',*,*,#760,.T.);
#9351 = ORIENTED_EDGE('',*,*,#9330,.T.);
#9352 = ADVANCED_FACE('',(#9353),#816,.F.);
#9353 = FACE_BOUND('',#9354,.F.);
#9354 = EDGE_LOOP('',(#9355,#9356,#9377,#9378));
#9355 = ORIENTED_EDGE('',*,*,#5439,.F.);
#9356 = ORIENTED_EDGE('',*,*,#9357,.F.);
#9357 = EDGE_CURVE('',#796,#5440,#9358,.T.);
#9358 = SEAM_CURVE('',#9359,(#9363,#9370),.PCURVE_S1.);
#9359 = LINE('',#9360,#9361);
#9360 = CARTESIAN_POINT('',(144.25,95.5,3.));
#9361 = VECTOR('',#9362,1.);
#9362 = DIRECTION('',(0.,0.,-1.));
#9363 = PCURVE('',#816,#9364);
#9364 = DEFINITIONAL_REPRESENTATION('',(#9365),#9369);
#9365 = LINE('',#9366,#9367);
#9366 = CARTESIAN_POINT('',(6.28318530718,-0.));
#9367 = VECTOR('',#9368,1.);
#9368 = DIRECTION('',(0.,1.));
#9369 = ( GEOMETRIC_REPRESENTATION_CONTEXT(2) 
PARAMETRIC_REPRESENTATION_CONTEXT() REPRESENTATION_CONTEXT('2D SPACE',''
  ) );
#9370 = PCURVE('',#816,#9371);
#9371 = DEFINITIONAL_REPRESENTATION('',(#9372),#9376);
#9372 = LINE('',#9373,#9374);
#9373 = CARTESIAN_POINT('',(0.,-0.));
#9374 = VECTOR('',#9375,1.);
#9375 = DIRECTION('',(0.,1.));
#9376 = ( GEOMETRIC_REPRESENTATION_CONTEXT(2) 
PARAMETRIC_REPRESENTATION_CONTEXT() REPRESENTATION_CONTEXT('2D SPACE',''
  ) );
#9377 = ORIENTED_EDGE('',*,*,#795,.T.);
#9378 = ORIENTED_EDGE('',*,*,#9357,.T.);
#9379 = ADVANCED_FACE('',(#9380),#851,.F.);
#9380 = FACE_BOUND('',#9381,.F.);
#9381 = EDGE_LOOP('',(#9382,#9383,#9404,#9405));
#9382 = ORIENTED_EDGE('',*,*,#5469,.F.);
#9383 = ORIENTED_EDGE('',*,*,#9384,.F.);
#9384 = EDGE_CURVE('',#831,#5470,#9385,.T.);
#9385 = SEAM_CURVE('',#9386,(#9390,#9397),.PCURVE_S1.);
#9386 = LINE('',#9387,#9388);
#9387 = CARTESIAN_POINT('',(153.25,54.5,3.));
#9388 = VECTOR('',#9389,1.);
#9389 = DIRECTION('',(0.,0.,-1.));
#9390 = PCURVE('',#851,#9391);
#9391 = DEFINITIONAL_REPRESENTATION('',(#9392),#9396);
#9392 = LINE('',#9393,#9394);
#9393 = CARTESIAN_POINT('',(6.28318530718,-0.));
#9394 = VECTOR('',#9395,1.);
#9395 = DIRECTION('',(0.,1.));
#9396 = ( GEOMETRIC_REPRESENTATION_CONTEXT(2) 
PARAMETRIC_REPRESENTATION_CONTEXT() REPRESENTATION_CONTEXT('2D SPACE',''
  ) );
#9397 = PCURVE('',#851,#9398);
#9398 = DEFINITIONAL_REPRESENTATION('',(#9399),#9403);
#9399 = LINE('',#9400,#9401);
#9400 = CARTESIAN_POINT('',(0.,-0.));
#9401 = VECTOR('',#9402,1.);
#9402 = DIRECTION('',(0.,1.));
#9403 = ( GEOMETRIC_REPRESENTATION_CONTEXT(2) 
PARAMETRIC_REPRESENTATION_CONTEXT() REPRESENTATION_CONTEXT('2D SPACE',''
  ) );
#9404 = ORIENTED_EDGE('',*,*,#830,.T.);
#9405 = ORIENTED_EDGE('',*,*,#9384,.T.);
#9406 = ADVANCED_FACE('',(#9407),#886,.F.);
#9407 = FACE_BOUND('',#9408,.F.);
#9408 = EDGE_LOOP('',(#9409,#9410,#9431,#9432));
#9409 = ORIENTED_EDGE('',*,*,#5499,.F.);
#9410 = ORIENTED_EDGE('',*,*,#9411,.F.);
#9411 = EDGE_CURVE('',#866,#5500,#9412,.T.);
#9412 = SEAM_CURVE('',#9413,(#9417,#9424),.PCURVE_S1.);
#9413 = LINE('',#9414,#9415);
#9414 = CARTESIAN_POINT('',(194.25,95.5,3.));
#9415 = VECTOR('',#9416,1.);
#9416 = DIRECTION('',(0.,0.,-1.));
#9417 = PCURVE('',#886,#9418);
#9418 = DEFINITIONAL_REPRESENTATION('',(#9419),#9423);
#9419 = LINE('',#9420,#9421);
#9420 = CARTESIAN_POINT('',(6.28318530718,-0.));
#9421 = VECTOR('',#9422,1.);
#9422 = DIRECTION('',(0.,1.));
#9423 = ( GEOMETRIC_REPRESENTATION_CONTEXT(2) 
PARAMETRIC_REPRESENTATION_CONTEXT() REPRESENTATION_CONTEXT('2D SPACE',''
  ) );
#9424 = PCURVE('',#886,#9425);
#9425 = DEFINITIONAL_REPRESENTATION('',(#9426),#9430);
#9426 = LINE('',#9427,#9428);
#9427 = CARTESIAN_POINT('',(0.,-0.));
#9428 = VECTOR('',#9429,1.);
#9429 = DIRECTION('',(0.,1.));
#9430 = ( GEOMETRIC_REPRESENTATION_CONTEXT(2) 
PARAMETRIC_REPRESENTATION_CONTEXT() REPRESENTATION_CONTEXT('2D SPACE',''
  ) );
#9431 = ORIENTED_EDGE('',*,*,#865,.T.);
#9432 = ORIENTED_EDGE('',*,*,#9411,.T.);
#9433 = ADVANCED_FACE('',(#9434),#921,.F.);
#9434 = FACE_BOUND('',#9435,.F.);
#9435 = EDGE_LOOP('',(#9436,#9437,#9458,#9459));
#9436 = ORIENTED_EDGE('',*,*,#5529,.F.);
#9437 = ORIENTED_EDGE('',*,*,#9438,.F.);
#9438 = EDGE_CURVE('',#901,#5530,#9439,.T.);
#9439 = SEAM_CURVE('',#9440,(#9444,#9451),.PCURVE_S1.);
#9440 = LINE('',#9441,#9442);
#9441 = CARTESIAN_POINT('',(3.25,104.5,3.));
#9442 = VECTOR('',#9443,1.);
#9443 = DIRECTION('',(0.,0.,-1.));
#9444 = PCURVE('',#921,#9445);
#9445 = DEFINITIONAL_REPRESENTATION('',(#9446),#9450);
#9446 = LINE('',#9447,#9448);
#9447 = CARTESIAN_POINT('',(6.28318530718,-0.));
#9448 = VECTOR('',#9449,1.);
#9449 = DIRECTION('',(0.,1.));
#9450 = ( GEOMETRIC_REPRESENTATION_CONTEXT(2) 
PARAMETRIC_REPRESENTATION_CONTEXT() REPRESENTATION_CONTEXT('2D SPACE',''
  ) );
#9451 = PCURVE('',#921,#9452);
#9452 = DEFINITIONAL_REPRESENTATION('',(#9453),#9457);
#9453 = LINE('',#9454,#9455);
#9454 = CARTESIAN_POINT('',(0.,-0.));
#9455 = VECTOR('',#9456,1.);
#9456 = DIRECTION('',(0.,1.));
#9457 = ( GEOMETRIC_REPRESENTATION_CONTEXT(2) 
PARAMETRIC_REPRESENTATION_CONTEXT() REPRESENTATION_CONTEXT('2D SPACE',''
  ) );
#9458 = ORIENTED_EDGE('',*,*,#900,.T.);
#9459 = ORIENTED_EDGE('',*,*,#9438,.T.);
#9460 = ADVANCED_FACE('',(#9461),#956,.F.);
#9461 = FACE_BOUND('',#9462,.F.);
#9462 = EDGE_LOOP('',(#9463,#9464,#9485,#9486));
#9463 = ORIENTED_EDGE('',*,*,#5559,.F.);
#9464 = ORIENTED_EDGE('',*,*,#9465,.F.);
#9465 = EDGE_CURVE('',#936,#5560,#9466,.T.);
#9466 = SEAM_CURVE('',#9467,(#9471,#9478),.PCURVE_S1.);
#9467 = LINE('',#9468,#9469);
#9468 = CARTESIAN_POINT('',(44.25,145.5,3.));
#9469 = VECTOR('',#9470,1.);
#9470 = DIRECTION('',(0.,0.,-1.));
#9471 = PCURVE('',#956,#9472);
#9472 = DEFINITIONAL_REPRESENTATION('',(#9473),#9477);
#9473 = LINE('',#9474,#9475);
#9474 = CARTESIAN_POINT('',(6.28318530718,-0.));
#9475 = VECTOR('',#9476,1.);
#9476 = DIRECTION('',(0.,1.));
#9477 = ( GEOMETRIC_REPRESENTATION_CONTEXT(2) 
PARAMETRIC_REPRESENTATION_CONTEXT() REPRESENTATION_CONTEXT('2D SPACE',''
  ) );
#9478 = PCURVE('',#956,#9479);
#9479 = DEFINITIONAL_REPRESENTATION('',(#9480),#9484);
#9480 = LINE('',#9481,#9482);
#9481 = CARTESIAN_POINT('',(0.,-0.));
#9482 = VECTOR('',#9483,1.);
#9483 = DIRECTION('',(0.,1.));
#9484 = ( GEOMETRIC_REPRESENTATION_CONTEXT(2) 
PARAMETRIC_REPRESENTATION_CONTEXT() REPRESENTATION_CONTEXT('2D SPACE',''
  ) );
#9485 = ORIENTED_EDGE('',*,*,#935,.T.);
#9486 = ORIENTED_EDGE('',*,*,#9465,.T.);
#9487 = ADVANCED_FACE('',(#9488),#991,.F.);
#9488 = FACE_BOUND('',#9489,.F.);
#9489 = EDGE_LOOP('',(#9490,#9491,#9512,#9513));
#9490 = ORIENTED_EDGE('',*,*,#5589,.F.);
#9491 = ORIENTED_EDGE('',*,*,#9492,.F.);
#9492 = EDGE_CURVE('',#971,#5590,#9493,.T.);
#9493 = SEAM_CURVE('',#9494,(#9498,#9505),.PCURVE_S1.);
#9494 = LINE('',#9495,#9496);
#9495 = CARTESIAN_POINT('',(53.25,104.5,3.));
#9496 = VECTOR('',#9497,1.);
#9497 = DIRECTION('',(0.,0.,-1.));
#9498 = PCURVE('',#991,#9499);
#9499 = DEFINITIONAL_REPRESENTATION('',(#9500),#9504);
#9500 = LINE('',#9501,#9502);
#9501 = CARTESIAN_POINT('',(6.28318530718,-0.));
#9502 = VECTOR('',#9503,1.);
#9503 = DIRECTION('',(0.,1.));
#9504 = ( GEOMETRIC_REPRESENTATION_CONTEXT(2) 
PARAMETRIC_REPRESENTATION_CONTEXT() REPRESENTATION_CONTEXT('2D SPACE',''
  ) );
#9505 = PCURVE('',#991,#9506);
#9506 = DEFINITIONAL_REPRESENTATION('',(#9507),#9511);
#9507 = LINE('',#9508,#9509);
#9508 = CARTESIAN_POINT('',(0.,-0.));
#9509 = VECTOR('',#9510,1.);
#9510 = DIRECTION('',(0.,1.));
#9511 = ( GEOMETRIC_REPRESENTATION_CONTEXT(2) 
PARAMETRIC_REPRESENTATION_CONTEXT() REPRESENTATION_CONTEXT('2D SPACE',''
  ) );
#9512 = ORIENTED_EDGE('',*,*,#970,.T.);
#9513 = ORIENTED_EDGE('',*,*,#9492,.T.);
#9514 = ADVANCED_FACE('',(#9515),#1026,.F.);
#9515 = FACE_BOUND('',#9516,.F.);
#9516 = EDGE_LOOP('',(#9517,#9518,#9539,#9540));
#9517 = ORIENTED_EDGE('',*,*,#5619,.F.);
#9518 = ORIENTED_EDGE('',*,*,#9519,.F.);
#9519 = EDGE_CURVE('',#1006,#5620,#9520,.T.);
#9520 = SEAM_CURVE('',#9521,(#9525,#9532),.PCURVE_S1.);
#9521 = LINE('',#9522,#9523);
#9522 = CARTESIAN_POINT('',(94.25,145.5,3.));
#9523 = VECTOR('',#9524,1.);
#9524 = DIRECTION('',(0.,0.,-1.));
#9525 = PCURVE('',#1026,#9526);
#9526 = DEFINITIONAL_REPRESENTATION('',(#9527),#9531);
#9527 = LINE('',#9528,#9529);
#9528 = CARTESIAN_POINT('',(6.28318530718,-0.));
#9529 = VECTOR('',#9530,1.);
#9530 = DIRECTION('',(0.,1.));
#9531 = ( GEOMETRIC_REPRESENTATION_CONTEXT(2) 
PARAMETRIC_REPRESENTATION_CONTEXT() REPRESENTATION_CONTEXT('2D SPACE',''
  ) );
#9532 = PCURVE('',#1026,#9533);
#9533 = DEFINITIONAL_REPRESENTATION('',(#9534),#9538);
#9534 = LINE('',#9535,#9536);
#9535 = CARTESIAN_POINT('',(0.,-0.));
#9536 = VECTOR('',#9537,1.);
#9537 = DIRECTION('',(0.,1.));
#9538 = ( GEOMETRIC_REPRESENTATION_CONTEXT(2) 
PARAMETRIC_REPRESENTATION_CONTEXT() REPRESENTATION_CONTEXT('2D SPACE',''
  ) );
#9539 = ORIENTED_EDGE('',*,*,#1005,.T.);
#9540 = ORIENTED_EDGE('',*,*,#9519,.T.);
#9541 = ADVANCED_FACE('',(#9542),#1061,.F.);
#9542 = FACE_BOUND('',#9543,.F.);
#9543 = EDGE_LOOP('',(#9544,#9545,#9566,#9567));
#9544 = ORIENTED_EDGE('',*,*,#5649,.F.);
#9545 = ORIENTED_EDGE('',*,*,#9546,.F.);
#9546 = EDGE_CURVE('',#1041,#5650,#9547,.T.);
#9547 = SEAM_CURVE('',#9548,(#9552,#9559),.PCURVE_S1.);
#9548 = LINE('',#9549,#9550);
#9549 = CARTESIAN_POINT('',(3.25,154.5,3.));
#9550 = VECTOR('',#9551,1.);
#9551 = DIRECTION('',(0.,0.,-1.));
#9552 = PCURVE('',#1061,#9553);
#9553 = DEFINITIONAL_REPRESENTATION('',(#9554),#9558);
#9554 = LINE('',#9555,#9556);
#9555 = CARTESIAN_POINT('',(6.28318530718,-0.));
#9556 = VECTOR('',#9557,1.);
#9557 = DIRECTION('',(0.,1.));
#9558 = ( GEOMETRIC_REPRESENTATION_CONTEXT(2) 
PARAMETRIC_REPRESENTATION_CONTEXT() REPRESENTATION_CONTEXT('2D SPACE',''
  ) );
#9559 = PCURVE('',#1061,#9560);
#9560 = DEFINITIONAL_REPRESENTATION('',(#9561),#9565);
#9561 = LINE('',#9562,#9563);
#9562 = CARTESIAN_POINT('',(0.,-0.));
#9563 = VECTOR('',#9564,1.);
#9564 = DIRECTION('',(0.,1.));
#9565 = ( GEOMETRIC_REPRESENTATION_CONTEXT(2) 
PARAMETRIC_REPRESENTATION_CONTEXT() REPRESENTATION_CONTEXT('2D SPACE',''
  ) );
#9566 = ORIENTED_EDGE('',*,*,#1040,.T.);
#9567 = ORIENTED_EDGE('',*,*,#9546,.T.);
#9568 = ADVANCED_FACE('',(#9569),#1096,.F.);
#9569 = FACE_BOUND('',#9570,.F.);
#9570 = EDGE_LOOP('',(#9571,#9572,#9593,#9594));
#9571 = ORIENTED_EDGE('',*,*,#5679,.F.);
#9572 = ORIENTED_EDGE('',*,*,#9573,.F.);
#9573 = EDGE_CURVE('',#1076,#5680,#9574,.T.);
#9574 = SEAM_CURVE('',#9575,(#9579,#9586),.PCURVE_S1.);
#9575 = LINE('',#9576,#9577);
#9576 = CARTESIAN_POINT('',(44.25,195.5,3.));
#9577 = VECTOR('',#9578,1.);
#9578 = DIRECTION('',(0.,0.,-1.));
#9579 = PCURVE('',#1096,#9580);
#9580 = DEFINITIONAL_REPRESENTATION('',(#9581),#9585);
#9581 = LINE('',#9582,#9583);
#9582 = CARTESIAN_POINT('',(6.28318530718,-0.));
#9583 = VECTOR('',#9584,1.);
#9584 = DIRECTION('',(0.,1.));
#9585 = ( GEOMETRIC_REPRESENTATION_CONTEXT(2) 
PARAMETRIC_REPRESENTATION_CONTEXT() REPRESENTATION_CONTEXT('2D SPACE',''
  ) );
#9586 = PCURVE('',#1096,#9587);
#9587 = DEFINITIONAL_REPRESENTATION('',(#9588),#9592);
#9588 = LINE('',#9589,#9590);
#9589 = CARTESIAN_POINT('',(0.,-0.));
#9590 = VECTOR('',#9591,1.);
#9591 = DIRECTION('',(0.,1.));
#9592 = ( GEOMETRIC_REPRESENTATION_CONTEXT(2) 
PARAMETRIC_REPRESENTATION_CONTEXT() REPRESENTATION_CONTEXT('2D SPACE',''
  ) );
#9593 = ORIENTED_EDGE('',*,*,#1075,.T.);
#9594 = ORIENTED_EDGE('',*,*,#9573,.T.);
#9595 = ADVANCED_FACE('',(#9596),#1131,.F.);
#9596 = FACE_BOUND('',#9597,.F.);
#9597 = EDGE_LOOP('',(#9598,#9599,#9620,#9621));
#9598 = ORIENTED_EDGE('',*,*,#5709,.F.);
#9599 = ORIENTED_EDGE('',*,*,#9600,.F.);
#9600 = EDGE_CURVE('',#1111,#5710,#9601,.T.);
#9601 = SEAM_CURVE('',#9602,(#9606,#9613),.PCURVE_S1.);
#9602 = LINE('',#9603,#9604);
#9603 = CARTESIAN_POINT('',(53.25,154.5,3.));
#9604 = VECTOR('',#9605,1.);
#9605 = DIRECTION('',(0.,0.,-1.));
#9606 = PCURVE('',#1131,#9607);
#9607 = DEFINITIONAL_REPRESENTATION('',(#9608),#9612);
#9608 = LINE('',#9609,#9610);
#9609 = CARTESIAN_POINT('',(6.28318530718,-0.));
#9610 = VECTOR('',#9611,1.);
#9611 = DIRECTION('',(0.,1.));
#9612 = ( GEOMETRIC_REPRESENTATION_CONTEXT(2) 
PARAMETRIC_REPRESENTATION_CONTEXT() REPRESENTATION_CONTEXT('2D SPACE',''
  ) );
#9613 = PCURVE('',#1131,#9614);
#9614 = DEFINITIONAL_REPRESENTATION('',(#9615),#9619);
#9615 = LINE('',#9616,#9617);
#9616 = CARTESIAN_POINT('',(0.,-0.));
#9617 = VECTOR('',#9618,1.);
#9618 = DIRECTION('',(0.,1.));
#9619 = ( GEOMETRIC_REPRESENTATION_CONTEXT(2) 
PARAMETRIC_REPRESENTATION_CONTEXT() REPRESENTATION_CONTEXT('2D SPACE',''
  ) );
#9620 = ORIENTED_EDGE('',*,*,#1110,.T.);
#9621 = ORIENTED_EDGE('',*,*,#9600,.T.);
#9622 = ADVANCED_FACE('',(#9623),#1166,.F.);
#9623 = FACE_BOUND('',#9624,.F.);
#9624 = EDGE_LOOP('',(#9625,#9626,#9647,#9648));
#9625 = ORIENTED_EDGE('',*,*,#5739,.F.);
#9626 = ORIENTED_EDGE('',*,*,#9627,.F.);
#9627 = EDGE_CURVE('',#1146,#5740,#9628,.T.);
#9628 = SEAM_CURVE('',#9629,(#9633,#9640),.PCURVE_S1.);
#9629 = LINE('',#9630,#9631);
#9630 = CARTESIAN_POINT('',(94.25,195.5,3.));
#9631 = VECTOR('',#9632,1.);
#9632 = DIRECTION('',(0.,0.,-1.));
#9633 = PCURVE('',#1166,#9634);
#9634 = DEFINITIONAL_REPRESENTATION('',(#9635),#9639);
#9635 = LINE('',#9636,#9637);
#9636 = CARTESIAN_POINT('',(6.28318530718,-0.));
#9637 = VECTOR('',#9638,1.);
#9638 = DIRECTION('',(0.,1.));
#9639 = ( GEOMETRIC_REPRESENTATION_CONTEXT(2) 
PARAMETRIC_REPRESENTATION_CONTEXT() REPRESENTATION_CONTEXT('2D SPACE',''
  ) );
#9640 = PCURVE('',#1166,#9641);
#9641 = DEFINITIONAL_REPRESENTATION('',(#9642),#9646);
#9642 = LINE('',#9643,#9644);
#9643 = CARTESIAN_POINT('',(0.,-0.));
#9644 = VECTOR('',#9645,1.);
#9645 = DIRECTION('',(0.,1.));
#9646 = ( GEOMETRIC_REPRESENTATION_CONTEXT(2) 
PARAMETRIC_REPRESENTATION_CONTEXT() REPRESENTATION_CONTEXT('2D SPACE',''
  ) );
#9647 = ORIENTED_EDGE('',*,*,#1145,.T.);
#9648 = ORIENTED_EDGE('',*,*,#9627,.T.);
#9649 = ADVANCED_FACE('',(#9650),#1201,.F.);
#9650 = FACE_BOUND('',#9651,.F.);
#9651 = EDGE_LOOP('',(#9652,#9653,#9674,#9675));
#9652 = ORIENTED_EDGE('',*,*,#5769,.F.);
#9653 = ORIENTED_EDGE('',*,*,#9654,.F.);
#9654 = EDGE_CURVE('',#1181,#5770,#9655,.T.);
#9655 = SEAM_CURVE('',#9656,(#9660,#9667),.PCURVE_S1.);
#9656 = LINE('',#9657,#9658);
#9657 = CARTESIAN_POINT('',(103.25,104.5,3.));
#9658 = VECTOR('',#9659,1.);
#9659 = DIRECTION('',(0.,0.,-1.));
#9660 = PCURVE('',#1201,#9661);
#9661 = DEFINITIONAL_REPRESENTATION('',(#9662),#9666);
#9662 = LINE('',#9663,#9664);
#9663 = CARTESIAN_POINT('',(6.28318530718,-0.));
#9664 = VECTOR('',#9665,1.);
#9665 = DIRECTION('',(0.,1.));
#9666 = ( GEOMETRIC_REPRESENTATION_CONTEXT(2) 
PARAMETRIC_REPRESENTATION_CONTEXT() REPRESENTATION_CONTEXT('2D SPACE',''
  ) );
#9667 = PCURVE('',#1201,#9668);
#9668 = DEFINITIONAL_REPRESENTATION('',(#9669),#9673);
#9669 = LINE('',#9670,#9671);
#9670 = CARTESIAN_POINT('',(0.,-0.));
#9671 = VECTOR('',#9672,1.);
#9672 = DIRECTION('',(0.,1.));
#9673 = ( GEOMETRIC_REPRESENTATION_CONTEXT(2) 
PARAMETRIC_REPRESENTATION_CONTEXT() REPRESENTATION_CONTEXT('2D SPACE',''
  ) );
#9674 = ORIENTED_EDGE('',*,*,#1180,.T.);
#9675 = ORIENTED_EDGE('',*,*,#9654,.T.);
#9676 = ADVANCED_FACE('',(#9677),#1236,.F.);
#9677 = FACE_BOUND('',#9678,.F.);
#9678 = EDGE_LOOP('',(#9679,#9680,#9701,#9702));
#9679 = ORIENTED_EDGE('',*,*,#5799,.F.);
#9680 = ORIENTED_EDGE('',*,*,#9681,.F.);
#9681 = EDGE_CURVE('',#1216,#5800,#9682,.T.);
#9682 = SEAM_CURVE('',#9683,(#9687,#9694),.PCURVE_S1.);
#9683 = LINE('',#9684,#9685);
#9684 = CARTESIAN_POINT('',(144.25,145.5,3.));
#9685 = VECTOR('',#9686,1.);
#9686 = DIRECTION('',(0.,0.,-1.));
#9687 = PCURVE('',#1236,#9688);
#9688 = DEFINITIONAL_REPRESENTATION('',(#9689),#9693);
#9689 = LINE('',#9690,#9691);
#9690 = CARTESIAN_POINT('',(6.28318530718,-0.));
#9691 = VECTOR('',#9692,1.);
#9692 = DIRECTION('',(0.,1.));
#9693 = ( GEOMETRIC_REPRESENTATION_CONTEXT(2) 
PARAMETRIC_REPRESENTATION_CONTEXT() REPRESENTATION_CONTEXT('2D SPACE',''
  ) );
#9694 = PCURVE('',#1236,#9695);
#9695 = DEFINITIONAL_REPRESENTATION('',(#9696),#9700);
#9696 = LINE('',#9697,#9698);
#9697 = CARTESIAN_POINT('',(0.,-0.));
#9698 = VECTOR('',#9699,1.);
#9699 = DIRECTION('',(0.,1.));
#9700 = ( GEOMETRIC_REPRESENTATION_CONTEXT(2) 
PARAMETRIC_REPRESENTATION_CONTEXT() REPRESENTATION_CONTEXT('2D SPACE',''
  ) );
#9701 = ORIENTED_EDGE('',*,*,#1215,.T.);
#9702 = ORIENTED_EDGE('',*,*,#9681,.T.);
#9703 = ADVANCED_FACE('',(#9704),#1271,.F.);
#9704 = FACE_BOUND('',#9705,.F.);
#9705 = EDGE_LOOP('',(#9706,#9707,#9728,#9729));
#9706 = ORIENTED_EDGE('',*,*,#5829,.F.);
#9707 = ORIENTED_EDGE('',*,*,#9708,.F.);
#9708 = EDGE_CURVE('',#1251,#5830,#9709,.T.);
#9709 = SEAM_CURVE('',#9710,(#9714,#9721),.PCURVE_S1.);
#9710 = LINE('',#9711,#9712);
#9711 = CARTESIAN_POINT('',(153.25,104.5,3.));
#9712 = VECTOR('',#9713,1.);
#9713 = DIRECTION('',(0.,0.,-1.));
#9714 = PCURVE('',#1271,#9715);
#9715 = DEFINITIONAL_REPRESENTATION('',(#9716),#9720);
#9716 = LINE('',#9717,#9718);
#9717 = CARTESIAN_POINT('',(6.28318530718,-0.));
#9718 = VECTOR('',#9719,1.);
#9719 = DIRECTION('',(0.,1.));
#9720 = ( GEOMETRIC_REPRESENTATION_CONTEXT(2) 
PARAMETRIC_REPRESENTATION_CONTEXT() REPRESENTATION_CONTEXT('2D SPACE',''
  ) );
#9721 = PCURVE('',#1271,#9722);
#9722 = DEFINITIONAL_REPRESENTATION('',(#9723),#9727);
#9723 = LINE('',#9724,#9725);
#9724 = CARTESIAN_POINT('',(0.,-0.));
#9725 = VECTOR('',#9726,1.);
#9726 = DIRECTION('',(0.,1.));
#9727 = ( GEOMETRIC_REPRESENTATION_CONTEXT(2) 
PARAMETRIC_REPRESENTATION_CONTEXT() REPRESENTATION_CONTEXT('2D SPACE',''
  ) );
#9728 = ORIENTED_EDGE('',*,*,#1250,.T.);
#9729 = ORIENTED_EDGE('',*,*,#9708,.T.);
#9730 = ADVANCED_FACE('',(#9731),#1306,.F.);
#9731 = FACE_BOUND('',#9732,.F.);
#9732 = EDGE_LOOP('',(#9733,#9734,#9755,#9756));
#9733 = ORIENTED_EDGE('',*,*,#5859,.F.);
#9734 = ORIENTED_EDGE('',*,*,#9735,.F.);
#9735 = EDGE_CURVE('',#1286,#5860,#9736,.T.);
#9736 = SEAM_CURVE('',#9737,(#9741,#9748),.PCURVE_S1.);
#9737 = LINE('',#9738,#9739);
#9738 = CARTESIAN_POINT('',(194.25,145.5,3.));
#9739 = VECTOR('',#9740,1.);
#9740 = DIRECTION('',(0.,0.,-1.));
#9741 = PCURVE('',#1306,#9742);
#9742 = DEFINITIONAL_REPRESENTATION('',(#9743),#9747);
#9743 = LINE('',#9744,#9745);
#9744 = CARTESIAN_POINT('',(6.28318530718,-0.));
#9745 = VECTOR('',#9746,1.);
#9746 = DIRECTION('',(0.,1.));
#9747 = ( GEOMETRIC_REPRESENTATION_CONTEXT(2) 
PARAMETRIC_REPRESENTATION_CONTEXT() REPRESENTATION_CONTEXT('2D SPACE',''
  ) );
#9748 = PCURVE('',#1306,#9749);
#9749 = DEFINITIONAL_REPRESENTATION('',(#9750),#9754);
#9750 = LINE('',#9751,#9752);
#9751 = CARTESIAN_POINT('',(0.,-0.));
#9752 = VECTOR('',#9753,1.);
#9753 = DIRECTION('',(0.,1.));
#9754 = ( GEOMETRIC_REPRESENTATION_CONTEXT(2) 
PARAMETRIC_REPRESENTATION_CONTEXT() REPRESENTATION_CONTEXT('2D SPACE',''
  ) );
#9755 = ORIENTED_EDGE('',*,*,#1285,.T.);
#9756 = ORIENTED_EDGE('',*,*,#9735,.T.);
#9757 = ADVANCED_FACE('',(#9758),#1341,.F.);
#9758 = FACE_BOUND('',#9759,.F.);
#9759 = EDGE_LOOP('',(#9760,#9761,#9782,#9783));
#9760 = ORIENTED_EDGE('',*,*,#5889,.F.);
#9761 = ORIENTED_EDGE('',*,*,#9762,.F.);
#9762 = EDGE_CURVE('',#1321,#5890,#9763,.T.);
#9763 = SEAM_CURVE('',#9764,(#9768,#9775),.PCURVE_S1.);
#9764 = LINE('',#9765,#9766);
#9765 = CARTESIAN_POINT('',(103.25,154.5,3.));
#9766 = VECTOR('',#9767,1.);
#9767 = DIRECTION('',(0.,0.,-1.));
#9768 = PCURVE('',#1341,#9769);
#9769 = DEFINITIONAL_REPRESENTATION('',(#9770),#9774);
#9770 = LINE('',#9771,#9772);
#9771 = CARTESIAN_POINT('',(6.28318530718,-0.));
#9772 = VECTOR('',#9773,1.);
#9773 = DIRECTION('',(0.,1.));
#9774 = ( GEOMETRIC_REPRESENTATION_CONTEXT(2) 
PARAMETRIC_REPRESENTATION_CONTEXT() REPRESENTATION_CONTEXT('2D SPACE',''
  ) );
#9775 = PCURVE('',#1341,#9776);
#9776 = DEFINITIONAL_REPRESENTATION('',(#9777),#9781);
#9777 = LINE('',#9778,#9779);
#9778 = CARTESIAN_POINT('',(0.,-0.));
#9779 = VECTOR('',#9780,1.);
#9780 = DIRECTION('',(0.,1.));
#9781 = ( GEOMETRIC_REPRESENTATION_CONTEXT(2) 
PARAMETRIC_REPRESENTATION_CONTEXT() REPRESENTATION_CONTEXT('2D SPACE',''
  ) );
#9782 = ORIENTED_EDGE('',*,*,#1320,.T.);
#9783 = ORIENTED_EDGE('',*,*,#9762,.T.);
#9784 = ADVANCED_FACE('',(#9785),#1376,.F.);
#9785 = FACE_BOUND('',#9786,.F.);
#9786 = EDGE_LOOP('',(#9787,#9788,#9809,#9810));
#9787 = ORIENTED_EDGE('',*,*,#5919,.F.);
#9788 = ORIENTED_EDGE('',*,*,#9789,.F.);
#9789 = EDGE_CURVE('',#1356,#5920,#9790,.T.);
#9790 = SEAM_CURVE('',#9791,(#9795,#9802),.PCURVE_S1.);
#9791 = LINE('',#9792,#9793);
#9792 = CARTESIAN_POINT('',(144.25,195.5,3.));
#9793 = VECTOR('',#9794,1.);
#9794 = DIRECTION('',(0.,0.,-1.));
#9795 = PCURVE('',#1376,#9796);
#9796 = DEFINITIONAL_REPRESENTATION('',(#9797),#9801);
#9797 = LINE('',#9798,#9799);
#9798 = CARTESIAN_POINT('',(6.28318530718,-0.));
#9799 = VECTOR('',#9800,1.);
#9800 = DIRECTION('',(0.,1.));
#9801 = ( GEOMETRIC_REPRESENTATION_CONTEXT(2) 
PARAMETRIC_REPRESENTATION_CONTEXT() REPRESENTATION_CONTEXT('2D SPACE',''
  ) );
#9802 = PCURVE('',#1376,#9803);
#9803 = DEFINITIONAL_REPRESENTATION('',(#9804),#9808);
#9804 = LINE('',#9805,#9806);
#9805 = CARTESIAN_POINT('',(0.,-0.));
#9806 = VECTOR('',#9807,1.);
#9807 = DIRECTION('',(0.,1.));
#9808 = ( GEOMETRIC_REPRESENTATION_CONTEXT(2) 
PARAMETRIC_REPRESENTATION_CONTEXT() REPRESENTATION_CONTEXT('2D SPACE',''
  ) );
#9809 = ORIENTED_EDGE('',*,*,#1355,.T.);
#9810 = ORIENTED_EDGE('',*,*,#9789,.T.);
#9811 = ADVANCED_FACE('',(#9812),#1411,.F.);
#9812 = FACE_BOUND('',#9813,.F.);
#9813 = EDGE_LOOP('',(#9814,#9815,#9836,#9837));
#9814 = ORIENTED_EDGE('',*,*,#5949,.F.);
#9815 = ORIENTED_EDGE('',*,*,#9816,.F.);
#9816 = EDGE_CURVE('',#1391,#5950,#9817,.T.);
#9817 = SEAM_CURVE('',#9818,(#9822,#9829),.PCURVE_S1.);
#9818 = LINE('',#9819,#9820);
#9819 = CARTESIAN_POINT('',(153.25,154.5,3.));
#9820 = VECTOR('',#9821,1.);
#9821 = DIRECTION('',(0.,0.,-1.));
#9822 = PCURVE('',#1411,#9823);
#9823 = DEFINITIONAL_REPRESENTATION('',(#9824),#9828);
#9824 = LINE('',#9825,#9826);
#9825 = CARTESIAN_POINT('',(6.28318530718,-0.));
#9826 = VECTOR('',#9827,1.);
#9827 = DIRECTION('',(0.,1.));
#9828 = ( GEOMETRIC_REPRESENTATION_CONTEXT(2) 
PARAMETRIC_REPRESENTATION_CONTEXT() REPRESENTATION_CONTEXT('2D SPACE',''
  ) );
#9829 = PCURVE('',#1411,#9830);
#9830 = DEFINITIONAL_REPRESENTATION('',(#9831),#9835);
#9831 = LINE('',#9832,#9833);
#9832 = CARTESIAN_POINT('',(0.,-0.));
#9833 = VECTOR('',#9834,1.);
#9834 = DIRECTION('',(0.,1.));
#9835 = ( GEOMETRIC_REPRESENTATION_CONTEXT(2) 
PARAMETRIC_REPRESENTATION_CONTEXT() REPRESENTATION_CONTEXT('2D SPACE',''
  ) );
#9836 = ORIENTED_EDGE('',*,*,#1390,.T.);
#9837 = ORIENTED_EDGE('',*,*,#9816,.T.);
#9838 = ADVANCED_FACE('',(#9839),#1446,.F.);
#9839 = FACE_BOUND('',#9840,.F.);
#9840 = EDGE_LOOP('',(#9841,#9842,#9863,#9864));
#9841 = ORIENTED_EDGE('',*,*,#5979,.F.);
#9842 = ORIENTED_EDGE('',*,*,#9843,.F.);
#9843 = EDGE_CURVE('',#1426,#5980,#9844,.T.);
#9844 = SEAM_CURVE('',#9845,(#9849,#9856),.PCURVE_S1.);
#9845 = LINE('',#9846,#9847);
#9846 = CARTESIAN_POINT('',(194.25,195.5,3.));
#9847 = VECTOR('',#9848,1.);
#9848 = DIRECTION('',(0.,0.,-1.));
#9849 = PCURVE('',#1446,#9850);
#9850 = DEFINITIONAL_REPRESENTATION('',(#9851),#9855);
#9851 = LINE('',#9852,#9853);
#9852 = CARTESIAN_POINT('',(6.28318530718,-0.));
#9853 = VECTOR('',#9854,1.);
#9854 = DIRECTION('',(0.,1.));
#9855 = ( GEOMETRIC_REPRESENTATION_CONTEXT(2) 
PARAMETRIC_REPRESENTATION_CONTEXT() REPRESENTATION_CONTEXT('2D SPACE',''
  ) );
#9856 = PCURVE('',#1446,#9857);
#9857 = DEFINITIONAL_REPRESENTATION('',(#9858),#9862);
#9858 = LINE('',#9859,#9860);
#9859 = CARTESIAN_POINT('',(0.,-0.));
#9860 = VECTOR('',#9861,1.);
#9861 = DIRECTION('',(0.,1.));
#9862 = ( GEOMETRIC_REPRESENTATION_CONTEXT(2) 
PARAMETRIC_REPRESENTATION_CONTEXT() REPRESENTATION_CONTEXT('2D SPACE',''
  ) );
#9863 = ORIENTED_EDGE('',*,*,#1425,.T.);
#9864 = ORIENTED_EDGE('',*,*,#9843,.T.);
#9865 = ADVANCED_FACE('',(#9866),#1481,.F.);
#9866 = FACE_BOUND('',#9867,.F.);
#9867 = EDGE_LOOP('',(#9868,#9869,#9890,#9891));
#9868 = ORIENTED_EDGE('',*,*,#6009,.F.);
#9869 = ORIENTED_EDGE('',*,*,#9870,.F.);
#9870 = EDGE_CURVE('',#1461,#6010,#9871,.T.);
#9871 = SEAM_CURVE('',#9872,(#9876,#9883),.PCURVE_S1.);
#9872 = LINE('',#9873,#9874);
#9873 = CARTESIAN_POINT('',(203.25,4.5,3.));
#9874 = VECTOR('',#9875,1.);
#9875 = DIRECTION('',(0.,0.,-1.));
#9876 = PCURVE('',#1481,#9877);
#9877 = DEFINITIONAL_REPRESENTATION('',(#9878),#9882);
#9878 = LINE('',#9879,#9880);
#9879 = CARTESIAN_POINT('',(6.28318530718,-0.));
#9880 = VECTOR('',#9881,1.);
#9881 = DIRECTION('',(0.,1.));
#9882 = ( GEOMETRIC_REPRESENTATION_CONTEXT(2) 
PARAMETRIC_REPRESENTATION_CONTEXT() REPRESENTATION_CONTEXT('2D SPACE',''
  ) );
#9883 = PCURVE('',#1481,#9884);
#9884 = DEFINITIONAL_REPRESENTATION('',(#9885),#9889);
#9885 = LINE('',#9886,#9887);
#9886 = CARTESIAN_POINT('',(0.,-0.));
#9887 = VECTOR('',#9888,1.);
#9888 = DIRECTION('',(0.,1.));
#9889 = ( GEOMETRIC_REPRESENTATION_CONTEXT(2) 
PARAMETRIC_REPRESENTATION_CONTEXT() REPRESENTATION_CONTEXT('2D SPACE',''
  ) );
#9890 = ORIENTED_EDGE('',*,*,#1460,.T.);
#9891 = ORIENTED_EDGE('',*,*,#9870,.T.);
#9892 = ADVANCED_FACE('',(#9893),#1516,.F.);
#9893 = FACE_BOUND('',#9894,.F.);
#9894 = EDGE_LOOP('',(#9895,#9896,#9917,#9918));
#9895 = ORIENTED_EDGE('',*,*,#6039,.F.);
#9896 = ORIENTED_EDGE('',*,*,#9897,.F.);
#9897 = EDGE_CURVE('',#1496,#6040,#9898,.T.);
#9898 = SEAM_CURVE('',#9899,(#9903,#9910),.PCURVE_S1.);
#9899 = LINE('',#9900,#9901);
#9900 = CARTESIAN_POINT('',(244.25,45.5,3.));
#9901 = VECTOR('',#9902,1.);
#9902 = DIRECTION('',(0.,0.,-1.));
#9903 = PCURVE('',#1516,#9904);
#9904 = DEFINITIONAL_REPRESENTATION('',(#9905),#9909);
#9905 = LINE('',#9906,#9907);
#9906 = CARTESIAN_POINT('',(6.28318530718,-0.));
#9907 = VECTOR('',#9908,1.);
#9908 = DIRECTION('',(0.,1.));
#9909 = ( GEOMETRIC_REPRESENTATION_CONTEXT(2) 
PARAMETRIC_REPRESENTATION_CONTEXT() REPRESENTATION_CONTEXT('2D SPACE',''
  ) );
#9910 = PCURVE('',#1516,#9911);
#9911 = DEFINITIONAL_REPRESENTATION('',(#9912),#9916);
#9912 = LINE('',#9913,#9914);
#9913 = CARTESIAN_POINT('',(0.,-0.));
#9914 = VECTOR('',#9915,1.);
#9915 = DIRECTION('',(0.,1.));
#9916 = ( GEOMETRIC_REPRESENTATION_CONTEXT(2) 
PARAMETRIC_REPRESENTATION_CONTEXT() REPRESENTATION_CONTEXT('2D SPACE',''
  ) );
#9917 = ORIENTED_EDGE('',*,*,#1495,.T.);
#9918 = ORIENTED_EDGE('',*,*,#9897,.T.);
#9919 = ADVANCED_FACE('',(#9920),#1551,.F.);
#9920 = FACE_BOUND('',#9921,.F.);
#9921 = EDGE_LOOP('',(#9922,#9923,#9944,#9945));
#9922 = ORIENTED_EDGE('',*,*,#6069,.F.);
#9923 = ORIENTED_EDGE('',*,*,#9924,.F.);
#9924 = EDGE_CURVE('',#1531,#6070,#9925,.T.);
#9925 = SEAM_CURVE('',#9926,(#9930,#9937),.PCURVE_S1.);
#9926 = LINE('',#9927,#9928);
#9927 = CARTESIAN_POINT('',(253.25,4.5,3.));
#9928 = VECTOR('',#9929,1.);
#9929 = DIRECTION('',(0.,0.,-1.));
#9930 = PCURVE('',#1551,#9931);
#9931 = DEFINITIONAL_REPRESENTATION('',(#9932),#9936);
#9932 = LINE('',#9933,#9934);
#9933 = CARTESIAN_POINT('',(6.28318530718,-0.));
#9934 = VECTOR('',#9935,1.);
#9935 = DIRECTION('',(0.,1.));
#9936 = ( GEOMETRIC_REPRESENTATION_CONTEXT(2) 
PARAMETRIC_REPRESENTATION_CONTEXT() REPRESENTATION_CONTEXT('2D SPACE',''
  ) );
#9937 = PCURVE('',#1551,#9938);
#9938 = DEFINITIONAL_REPRESENTATION('',(#9939),#9943);
#9939 = LINE('',#9940,#9941);
#9940 = CARTESIAN_POINT('',(0.,-0.));
#9941 = VECTOR('',#9942,1.);
#9942 = DIRECTION('',(0.,1.));
#9943 = ( GEOMETRIC_REPRESENTATION_CONTEXT(2) 
PARAMETRIC_REPRESENTATION_CONTEXT() REPRESENTATION_CONTEXT('2D SPACE',''
  ) );
#9944 = ORIENTED_EDGE('',*,*,#1530,.T.);
#9945 = ORIENTED_EDGE('',*,*,#9924,.T.);
#9946 = ADVANCED_FACE('',(#9947),#1586,.F.);
#9947 = FACE_BOUND('',#9948,.F.);
#9948 = EDGE_LOOP('',(#9949,#9950,#9971,#9972));
#9949 = ORIENTED_EDGE('',*,*,#6099,.F.);
#9950 = ORIENTED_EDGE('',*,*,#9951,.F.);
#9951 = EDGE_CURVE('',#1566,#6100,#9952,.T.);
#9952 = SEAM_CURVE('',#9953,(#9957,#9964),.PCURVE_S1.);
#9953 = LINE('',#9954,#9955);
#9954 = CARTESIAN_POINT('',(294.25,45.5,3.));
#9955 = VECTOR('',#9956,1.);
#9956 = DIRECTION('',(0.,0.,-1.));
#9957 = PCURVE('',#1586,#9958);
#9958 = DEFINITIONAL_REPRESENTATION('',(#9959),#9963);
#9959 = LINE('',#9960,#9961);
#9960 = CARTESIAN_POINT('',(6.28318530718,-0.));
#9961 = VECTOR('',#9962,1.);
#9962 = DIRECTION('',(0.,1.));
#9963 = ( GEOMETRIC_REPRESENTATION_CONTEXT(2) 
PARAMETRIC_REPRESENTATION_CONTEXT() REPRESENTATION_CONTEXT('2D SPACE',''
  ) );
#9964 = PCURVE('',#1586,#9965);
#9965 = DEFINITIONAL_REPRESENTATION('',(#9966),#9970);
#9966 = LINE('',#9967,#9968);
#9967 = CARTESIAN_POINT('',(0.,-0.));
#9968 = VECTOR('',#9969,1.);
#9969 = DIRECTION('',(0.,1.));
#9970 = ( GEOMETRIC_REPRESENTATION_CONTEXT(2) 
PARAMETRIC_REPRESENTATION_CONTEXT() REPRESENTATION_CONTEXT('2D SPACE',''
  ) );
#9971 = ORIENTED_EDGE('',*,*,#1565,.T.);
#9972 = ORIENTED_EDGE('',*,*,#9951,.T.);
#9973 = ADVANCED_FACE('',(#9974),#1621,.F.);
#9974 = FACE_BOUND('',#9975,.F.);
#9975 = EDGE_LOOP('',(#9976,#9977,#9998,#9999));
#9976 = ORIENTED_EDGE('',*,*,#6129,.F.);
#9977 = ORIENTED_EDGE('',*,*,#9978,.F.);
#9978 = EDGE_CURVE('',#1601,#6130,#9979,.T.);
#9979 = SEAM_CURVE('',#9980,(#9984,#9991),.PCURVE_S1.);
#9980 = LINE('',#9981,#9982);
#9981 = CARTESIAN_POINT('',(203.25,54.5,3.));
#9982 = VECTOR('',#9983,1.);
#9983 = DIRECTION('',(0.,0.,-1.));
#9984 = PCURVE('',#1621,#9985);
#9985 = DEFINITIONAL_REPRESENTATION('',(#9986),#9990);
#9986 = LINE('',#9987,#9988);
#9987 = CARTESIAN_POINT('',(6.28318530718,-0.));
#9988 = VECTOR('',#9989,1.);
#9989 = DIRECTION('',(0.,1.));
#9990 = ( GEOMETRIC_REPRESENTATION_CONTEXT(2) 
PARAMETRIC_REPRESENTATION_CONTEXT() REPRESENTATION_CONTEXT('2D SPACE',''
  ) );
#9991 = PCURVE('',#1621,#9992);
#9992 = DEFINITIONAL_REPRESENTATION('',(#9993),#9997);
#9993 = LINE('',#9994,#9995);
#9994 = CARTESIAN_POINT('',(0.,-0.));
#9995 = VECTOR('',#9996,1.);
#9996 = DIRECTION('',(0.,1.));
#9997 = ( GEOMETRIC_REPRESENTATION_CONTEXT(2) 
PARAMETRIC_REPRESENTATION_CONTEXT() REPRESENTATION_CONTEXT('2D SPACE',''
  ) );
#9998 = ORIENTED_EDGE('',*,*,#1600,.T.);
#9999 = ORIENTED_EDGE('',*,*,#9978,.T.);
#10000 = ADVANCED_FACE('',(#10001),#1656,.F.);
#10001 = FACE_BOUND('',#10002,.F.);
#10002 = EDGE_LOOP('',(#10003,#10004,#10025,#10026));
#10003 = ORIENTED_EDGE('',*,*,#6159,.F.);
#10004 = ORIENTED_EDGE('',*,*,#10005,.F.);
#10005 = EDGE_CURVE('',#1636,#6160,#10006,.T.);
#10006 = SEAM_CURVE('',#10007,(#10011,#10018),.PCURVE_S1.);
#10007 = LINE('',#10008,#10009);
#10008 = CARTESIAN_POINT('',(244.25,95.5,3.));
#10009 = VECTOR('',#10010,1.);
#10010 = DIRECTION('',(0.,0.,-1.));
#10011 = PCURVE('',#1656,#10012);
#10012 = DEFINITIONAL_REPRESENTATION('',(#10013),#10017);
#10013 = LINE('',#10014,#10015);
#10014 = CARTESIAN_POINT('',(6.28318530718,-0.));
#10015 = VECTOR('',#10016,1.);
#10016 = DIRECTION('',(0.,1.));
#10017 = ( GEOMETRIC_REPRESENTATION_CONTEXT(2) 
PARAMETRIC_REPRESENTATION_CONTEXT() REPRESENTATION_CONTEXT('2D SPACE',''
  ) );
#10018 = PCURVE('',#1656,#10019);
#10019 = DEFINITIONAL_REPRESENTATION('',(#10020),#10024);
#10020 = LINE('',#10021,#10022);
#10021 = CARTESIAN_POINT('',(0.,-0.));
#10022 = VECTOR('',#10023,1.);
#10023 = DIRECTION('',(0.,1.));
#10024 = ( GEOMETRIC_REPRESENTATION_CONTEXT(2) 
PARAMETRIC_REPRESENTATION_CONTEXT() REPRESENTATION_CONTEXT('2D SPACE',''
  ) );
#10025 = ORIENTED_EDGE('',*,*,#1635,.T.);
#10026 = ORIENTED_EDGE('',*,*,#10005,.T.);
#10027 = ADVANCED_FACE('',(#10028),#1691,.F.);
#10028 = FACE_BOUND('',#10029,.F.);
#10029 = EDGE_LOOP('',(#10030,#10031,#10052,#10053));
#10030 = ORIENTED_EDGE('',*,*,#6189,.F.);
#10031 = ORIENTED_EDGE('',*,*,#10032,.F.);
#10032 = EDGE_CURVE('',#1671,#6190,#10033,.T.);
#10033 = SEAM_CURVE('',#10034,(#10038,#10045),.PCURVE_S1.);
#10034 = LINE('',#10035,#10036);
#10035 = CARTESIAN_POINT('',(253.25,54.5,3.));
#10036 = VECTOR('',#10037,1.);
#10037 = DIRECTION('',(0.,0.,-1.));
#10038 = PCURVE('',#1691,#10039);
#10039 = DEFINITIONAL_REPRESENTATION('',(#10040),#10044);
#10040 = LINE('',#10041,#10042);
#10041 = CARTESIAN_POINT('',(6.28318530718,-0.));
#10042 = VECTOR('',#10043,1.);
#10043 = DIRECTION('',(0.,1.));
#10044 = ( GEOMETRIC_REPRESENTATION_CONTEXT(2) 
PARAMETRIC_REPRESENTATION_CONTEXT() REPRESENTATION_CONTEXT('2D SPACE',''
  ) );
#10045 = PCURVE('',#1691,#10046);
#10046 = DEFINITIONAL_REPRESENTATION('',(#10047),#10051);
#10047 = LINE('',#10048,#10049);
#10048 = CARTESIAN_POINT('',(0.,-0.));
#10049 = VECTOR('',#10050,1.);
#10050 = DIRECTION('',(0.,1.));
#10051 = ( GEOMETRIC_REPRESENTATION_CONTEXT(2) 
PARAMETRIC_REPRESENTATION_CONTEXT() REPRESENTATION_CONTEXT('2D SPACE',''
  ) );
#10052 = ORIENTED_EDGE('',*,*,#1670,.T.);
#10053 = ORIENTED_EDGE('',*,*,#10032,.T.);
#10054 = ADVANCED_FACE('',(#10055),#1726,.F.);
#10055 = FACE_BOUND('',#10056,.F.);
#10056 = EDGE_LOOP('',(#10057,#10058,#10079,#10080));
#10057 = ORIENTED_EDGE('',*,*,#6219,.F.);
#10058 = ORIENTED_EDGE('',*,*,#10059,.F.);
#10059 = EDGE_CURVE('',#1706,#6220,#10060,.T.);
#10060 = SEAM_CURVE('',#10061,(#10065,#10072),.PCURVE_S1.);
#10061 = LINE('',#10062,#10063);
#10062 = CARTESIAN_POINT('',(294.25,95.5,3.));
#10063 = VECTOR('',#10064,1.);
#10064 = DIRECTION('',(0.,0.,-1.));
#10065 = PCURVE('',#1726,#10066);
#10066 = DEFINITIONAL_REPRESENTATION('',(#10067),#10071);
#10067 = LINE('',#10068,#10069);
#10068 = CARTESIAN_POINT('',(6.28318530718,-0.));
#10069 = VECTOR('',#10070,1.);
#10070 = DIRECTION('',(0.,1.));
#10071 = ( GEOMETRIC_REPRESENTATION_CONTEXT(2) 
PARAMETRIC_REPRESENTATION_CONTEXT() REPRESENTATION_CONTEXT('2D SPACE',''
  ) );
#10072 = PCURVE('',#1726,#10073);
#10073 = DEFINITIONAL_REPRESENTATION('',(#10074),#10078);
#10074 = LINE('',#10075,#10076);
#10075 = CARTESIAN_POINT('',(0.,-0.));
#10076 = VECTOR('',#10077,1.);
#10077 = DIRECTION('',(0.,1.));
#10078 = ( GEOMETRIC_REPRESENTATION_CONTEXT(2) 
PARAMETRIC_REPRESENTATION_CONTEXT() REPRESENTATION_CONTEXT('2D SPACE',''
  ) );
#10079 = ORIENTED_EDGE('',*,*,#1705,.T.);
#10080 = ORIENTED_EDGE('',*,*,#10059,.T.);
#10081 = ADVANCED_FACE('',(#10082),#1761,.F.);
#10082 = FACE_BOUND('',#10083,.F.);
#10083 = EDGE_LOOP('',(#10084,#10085,#10106,#10107));
#10084 = ORIENTED_EDGE('',*,*,#6249,.F.);
#10085 = ORIENTED_EDGE('',*,*,#10086,.F.);
#10086 = EDGE_CURVE('',#1741,#6250,#10087,.T.);
#10087 = SEAM_CURVE('',#10088,(#10092,#10099),.PCURVE_S1.);
#10088 = LINE('',#10089,#10090);
#10089 = CARTESIAN_POINT('',(303.25,4.5,3.));
#10090 = VECTOR('',#10091,1.);
#10091 = DIRECTION('',(0.,0.,-1.));
#10092 = PCURVE('',#1761,#10093);
#10093 = DEFINITIONAL_REPRESENTATION('',(#10094),#10098);
#10094 = LINE('',#10095,#10096);
#10095 = CARTESIAN_POINT('',(6.28318530718,-0.));
#10096 = VECTOR('',#10097,1.);
#10097 = DIRECTION('',(0.,1.));
#10098 = ( GEOMETRIC_REPRESENTATION_CONTEXT(2) 
PARAMETRIC_REPRESENTATION_CONTEXT() REPRESENTATION_CONTEXT('2D SPACE',''
  ) );
#10099 = PCURVE('',#1761,#10100);
#10100 = DEFINITIONAL_REPRESENTATION('',(#10101),#10105);
#10101 = LINE('',#10102,#10103);
#10102 = CARTESIAN_POINT('',(0.,-0.));
#10103 = VECTOR('',#10104,1.);
#10104 = DIRECTION('',(0.,1.));
#10105 = ( GEOMETRIC_REPRESENTATION_CONTEXT(2) 
PARAMETRIC_REPRESENTATION_CONTEXT() REPRESENTATION_CONTEXT('2D SPACE',''
  ) );
#10106 = ORIENTED_EDGE('',*,*,#1740,.T.);
#10107 = ORIENTED_EDGE('',*,*,#10086,.T.);
#10108 = ADVANCED_FACE('',(#10109),#1796,.F.);
#10109 = FACE_BOUND('',#10110,.F.);
#10110 = EDGE_LOOP('',(#10111,#10112,#10133,#10134));
#10111 = ORIENTED_EDGE('',*,*,#6279,.F.);
#10112 = ORIENTED_EDGE('',*,*,#10113,.F.);
#10113 = EDGE_CURVE('',#1776,#6280,#10114,.T.);
#10114 = SEAM_CURVE('',#10115,(#10119,#10126),.PCURVE_S1.);
#10115 = LINE('',#10116,#10117);
#10116 = CARTESIAN_POINT('',(344.25,45.5,3.));
#10117 = VECTOR('',#10118,1.);
#10118 = DIRECTION('',(0.,0.,-1.));
#10119 = PCURVE('',#1796,#10120);
#10120 = DEFINITIONAL_REPRESENTATION('',(#10121),#10125);
#10121 = LINE('',#10122,#10123);
#10122 = CARTESIAN_POINT('',(6.28318530718,-0.));
#10123 = VECTOR('',#10124,1.);
#10124 = DIRECTION('',(0.,1.));
#10125 = ( GEOMETRIC_REPRESENTATION_CONTEXT(2) 
PARAMETRIC_REPRESENTATION_CONTEXT() REPRESENTATION_CONTEXT('2D SPACE',''
  ) );
#10126 = PCURVE('',#1796,#10127);
#10127 = DEFINITIONAL_REPRESENTATION('',(#10128),#10132);
#10128 = LINE('',#10129,#10130);
#10129 = CARTESIAN_POINT('',(0.,-0.));
#10130 = VECTOR('',#10131,1.);
#10131 = DIRECTION('',(0.,1.));
#10132 = ( GEOMETRIC_REPRESENTATION_CONTEXT(2) 
PARAMETRIC_REPRESENTATION_CONTEXT() REPRESENTATION_CONTEXT('2D SPACE',''
  ) );
#10133 = ORIENTED_EDGE('',*,*,#1775,.T.);
#10134 = ORIENTED_EDGE('',*,*,#10113,.T.);
#10135 = ADVANCED_FACE('',(#10136),#1831,.F.);
#10136 = FACE_BOUND('',#10137,.F.);
#10137 = EDGE_LOOP('',(#10138,#10139,#10160,#10161));
#10138 = ORIENTED_EDGE('',*,*,#6309,.F.);
#10139 = ORIENTED_EDGE('',*,*,#10140,.F.);
#10140 = EDGE_CURVE('',#1811,#6310,#10141,.T.);
#10141 = SEAM_CURVE('',#10142,(#10146,#10153),.PCURVE_S1.);
#10142 = LINE('',#10143,#10144);
#10143 = CARTESIAN_POINT('',(353.25,4.5,3.));
#10144 = VECTOR('',#10145,1.);
#10145 = DIRECTION('',(0.,0.,-1.));
#10146 = PCURVE('',#1831,#10147);
#10147 = DEFINITIONAL_REPRESENTATION('',(#10148),#10152);
#10148 = LINE('',#10149,#10150);
#10149 = CARTESIAN_POINT('',(6.28318530718,-0.));
#10150 = VECTOR('',#10151,1.);
#10151 = DIRECTION('',(0.,1.));
#10152 = ( GEOMETRIC_REPRESENTATION_CONTEXT(2) 
PARAMETRIC_REPRESENTATION_CONTEXT() REPRESENTATION_CONTEXT('2D SPACE',''
  ) );
#10153 = PCURVE('',#1831,#10154);
#10154 = DEFINITIONAL_REPRESENTATION('',(#10155),#10159);
#10155 = LINE('',#10156,#10157);
#10156 = CARTESIAN_POINT('',(0.,-0.));
#10157 = VECTOR('',#10158,1.);
#10158 = DIRECTION('',(0.,1.));
#10159 = ( GEOMETRIC_REPRESENTATION_CONTEXT(2) 
PARAMETRIC_REPRESENTATION_CONTEXT() REPRESENTATION_CONTEXT('2D SPACE',''
  ) );
#10160 = ORIENTED_EDGE('',*,*,#1810,.T.);
#10161 = ORIENTED_EDGE('',*,*,#10140,.T.);
#10162 = ADVANCED_FACE('',(#10163),#1866,.F.);
#10163 = FACE_BOUND('',#10164,.F.);
#10164 = EDGE_LOOP('',(#10165,#10166,#10187,#10188));
#10165 = ORIENTED_EDGE('',*,*,#6339,.F.);
#10166 = ORIENTED_EDGE('',*,*,#10167,.F.);
#10167 = EDGE_CURVE('',#1846,#6340,#10168,.T.);
#10168 = SEAM_CURVE('',#10169,(#10173,#10180),.PCURVE_S1.);
#10169 = LINE('',#10170,#10171);
#10170 = CARTESIAN_POINT('',(394.25,45.5,3.));
#10171 = VECTOR('',#10172,1.);
#10172 = DIRECTION('',(0.,0.,-1.));
#10173 = PCURVE('',#1866,#10174);
#10174 = DEFINITIONAL_REPRESENTATION('',(#10175),#10179);
#10175 = LINE('',#10176,#10177);
#10176 = CARTESIAN_POINT('',(6.28318530718,-0.));
#10177 = VECTOR('',#10178,1.);
#10178 = DIRECTION('',(0.,1.));
#10179 = ( GEOMETRIC_REPRESENTATION_CONTEXT(2) 
PARAMETRIC_REPRESENTATION_CONTEXT() REPRESENTATION_CONTEXT('2D SPACE',''
  ) );
#10180 = PCURVE('',#1866,#10181);
#10181 = DEFINITIONAL_REPRESENTATION('',(#10182),#10186);
#10182 = LINE('',#10183,#10184);
#10183 = CARTESIAN_POINT('',(0.,-0.));
#10184 = VECTOR('',#10185,1.);
#10185 = DIRECTION('',(0.,1.));
#10186 = ( GEOMETRIC_REPRESENTATION_CONTEXT(2) 
PARAMETRIC_REPRESENTATION_CONTEXT() REPRESENTATION_CONTEXT('2D SPACE',''
  ) );
#10187 = ORIENTED_EDGE('',*,*,#1845,.T.);
#10188 = ORIENTED_EDGE('',*,*,#10167,.T.);
#10189 = ADVANCED_FACE('',(#10190),#1901,.F.);
#10190 = FACE_BOUND('',#10191,.F.);
#10191 = EDGE_LOOP('',(#10192,#10193,#10214,#10215));
#10192 = ORIENTED_EDGE('',*,*,#6369,.F.);
#10193 = ORIENTED_EDGE('',*,*,#10194,.F.);
#10194 = EDGE_CURVE('',#1881,#6370,#10195,.T.);
#10195 = SEAM_CURVE('',#10196,(#10200,#10207),.PCURVE_S1.);
#10196 = LINE('',#10197,#10198);
#10197 = CARTESIAN_POINT('',(303.25,54.5,3.));
#10198 = VECTOR('',#10199,1.);
#10199 = DIRECTION('',(0.,0.,-1.));
#10200 = PCURVE('',#1901,#10201);
#10201 = DEFINITIONAL_REPRESENTATION('',(#10202),#10206);
#10202 = LINE('',#10203,#10204);
#10203 = CARTESIAN_POINT('',(6.28318530718,-0.));
#10204 = VECTOR('',#10205,1.);
#10205 = DIRECTION('',(0.,1.));
#10206 = ( GEOMETRIC_REPRESENTATION_CONTEXT(2) 
PARAMETRIC_REPRESENTATION_CONTEXT() REPRESENTATION_CONTEXT('2D SPACE',''
  ) );
#10207 = PCURVE('',#1901,#10208);
#10208 = DEFINITIONAL_REPRESENTATION('',(#10209),#10213);
#10209 = LINE('',#10210,#10211);
#10210 = CARTESIAN_POINT('',(0.,-0.));
#10211 = VECTOR('',#10212,1.);
#10212 = DIRECTION('',(0.,1.));
#10213 = ( GEOMETRIC_REPRESENTATION_CONTEXT(2) 
PARAMETRIC_REPRESENTATION_CONTEXT() REPRESENTATION_CONTEXT('2D SPACE',''
  ) );
#10214 = ORIENTED_EDGE('',*,*,#1880,.T.);
#10215 = ORIENTED_EDGE('',*,*,#10194,.T.);
#10216 = ADVANCED_FACE('',(#10217),#1936,.F.);
#10217 = FACE_BOUND('',#10218,.F.);
#10218 = EDGE_LOOP('',(#10219,#10220,#10241,#10242));
#10219 = ORIENTED_EDGE('',*,*,#6399,.F.);
#10220 = ORIENTED_EDGE('',*,*,#10221,.F.);
#10221 = EDGE_CURVE('',#1916,#6400,#10222,.T.);
#10222 = SEAM_CURVE('',#10223,(#10227,#10234),.PCURVE_S1.);
#10223 = LINE('',#10224,#10225);
#10224 = CARTESIAN_POINT('',(344.25,95.5,3.));
#10225 = VECTOR('',#10226,1.);
#10226 = DIRECTION('',(0.,0.,-1.));
#10227 = PCURVE('',#1936,#10228);
#10228 = DEFINITIONAL_REPRESENTATION('',(#10229),#10233);
#10229 = LINE('',#10230,#10231);
#10230 = CARTESIAN_POINT('',(6.28318530718,-0.));
#10231 = VECTOR('',#10232,1.);
#10232 = DIRECTION('',(0.,1.));
#10233 = ( GEOMETRIC_REPRESENTATION_CONTEXT(2) 
PARAMETRIC_REPRESENTATION_CONTEXT() REPRESENTATION_CONTEXT('2D SPACE',''
  ) );
#10234 = PCURVE('',#1936,#10235);
#10235 = DEFINITIONAL_REPRESENTATION('',(#10236),#10240);
#10236 = LINE('',#10237,#10238);
#10237 = CARTESIAN_POINT('',(0.,-0.));
#10238 = VECTOR('',#10239,1.);
#10239 = DIRECTION('',(0.,1.));
#10240 = ( GEOMETRIC_REPRESENTATION_CONTEXT(2) 
PARAMETRIC_REPRESENTATION_CONTEXT() REPRESENTATION_CONTEXT('2D SPACE',''
  ) );
#10241 = ORIENTED_EDGE('',*,*,#1915,.T.);
#10242 = ORIENTED_EDGE('',*,*,#10221,.T.);
#10243 = ADVANCED_FACE('',(#10244),#1971,.F.);
#10244 = FACE_BOUND('',#10245,.F.);
#10245 = EDGE_LOOP('',(#10246,#10247,#10268,#10269));
#10246 = ORIENTED_EDGE('',*,*,#6429,.F.);
#10247 = ORIENTED_EDGE('',*,*,#10248,.F.);
#10248 = EDGE_CURVE('',#1951,#6430,#10249,.T.);
#10249 = SEAM_CURVE('',#10250,(#10254,#10261),.PCURVE_S1.);
#10250 = LINE('',#10251,#10252);
#10251 = CARTESIAN_POINT('',(353.25,54.5,3.));
#10252 = VECTOR('',#10253,1.);
#10253 = DIRECTION('',(0.,0.,-1.));
#10254 = PCURVE('',#1971,#10255);
#10255 = DEFINITIONAL_REPRESENTATION('',(#10256),#10260);
#10256 = LINE('',#10257,#10258);
#10257 = CARTESIAN_POINT('',(6.28318530718,-0.));
#10258 = VECTOR('',#10259,1.);
#10259 = DIRECTION('',(0.,1.));
#10260 = ( GEOMETRIC_REPRESENTATION_CONTEXT(2) 
PARAMETRIC_REPRESENTATION_CONTEXT() REPRESENTATION_CONTEXT('2D SPACE',''
  ) );
#10261 = PCURVE('',#1971,#10262);
#10262 = DEFINITIONAL_REPRESENTATION('',(#10263),#10267);
#10263 = LINE('',#10264,#10265);
#10264 = CARTESIAN_POINT('',(0.,-0.));
#10265 = VECTOR('',#10266,1.);
#10266 = DIRECTION('',(0.,1.));
#10267 = ( GEOMETRIC_REPRESENTATION_CONTEXT(2) 
PARAMETRIC_REPRESENTATION_CONTEXT() REPRESENTATION_CONTEXT('2D SPACE',''
  ) );
#10268 = ORIENTED_EDGE('',*,*,#1950,.T.);
#10269 = ORIENTED_EDGE('',*,*,#10248,.T.);
#10270 = ADVANCED_FACE('',(#10271),#2006,.F.);
#10271 = FACE_BOUND('',#10272,.F.);
#10272 = EDGE_LOOP('',(#10273,#10274,#10295,#10296));
#10273 = ORIENTED_EDGE('',*,*,#6459,.F.);
#10274 = ORIENTED_EDGE('',*,*,#10275,.F.);
#10275 = EDGE_CURVE('',#1986,#6460,#10276,.T.);
#10276 = SEAM_CURVE('',#10277,(#10281,#10288),.PCURVE_S1.);
#10277 = LINE('',#10278,#10279);
#10278 = CARTESIAN_POINT('',(394.25,95.5,3.));
#10279 = VECTOR('',#10280,1.);
#10280 = DIRECTION('',(0.,0.,-1.));
#10281 = PCURVE('',#2006,#10282);
#10282 = DEFINITIONAL_REPRESENTATION('',(#10283),#10287);
#10283 = LINE('',#10284,#10285);
#10284 = CARTESIAN_POINT('',(6.28318530718,-0.));
#10285 = VECTOR('',#10286,1.);
#10286 = DIRECTION('',(0.,1.));
#10287 = ( GEOMETRIC_REPRESENTATION_CONTEXT(2) 
PARAMETRIC_REPRESENTATION_CONTEXT() REPRESENTATION_CONTEXT('2D SPACE',''
  ) );
#10288 = PCURVE('',#2006,#10289);
#10289 = DEFINITIONAL_REPRESENTATION('',(#10290),#10294);
#10290 = LINE('',#10291,#10292);
#10291 = CARTESIAN_POINT('',(0.,-0.));
#10292 = VECTOR('',#10293,1.);
#10293 = DIRECTION('',(0.,1.));
#10294 = ( GEOMETRIC_REPRESENTATION_CONTEXT(2) 
PARAMETRIC_REPRESENTATION_CONTEXT() REPRESENTATION_CONTEXT('2D SPACE',''
  ) );
#10295 = ORIENTED_EDGE('',*,*,#1985,.T.);
#10296 = ORIENTED_EDGE('',*,*,#10275,.T.);
#10297 = ADVANCED_FACE('',(#10298),#2041,.F.);
#10298 = FACE_BOUND('',#10299,.F.);
#10299 = EDGE_LOOP('',(#10300,#10301,#10322,#10323));
#10300 = ORIENTED_EDGE('',*,*,#6489,.F.);
#10301 = ORIENTED_EDGE('',*,*,#10302,.F.);
#10302 = EDGE_CURVE('',#2021,#6490,#10303,.T.);
#10303 = SEAM_CURVE('',#10304,(#10308,#10315),.PCURVE_S1.);
#10304 = LINE('',#10305,#10306);
#10305 = CARTESIAN_POINT('',(203.25,104.5,3.));
#10306 = VECTOR('',#10307,1.);
#10307 = DIRECTION('',(0.,0.,-1.));
#10308 = PCURVE('',#2041,#10309);
#10309 = DEFINITIONAL_REPRESENTATION('',(#10310),#10314);
#10310 = LINE('',#10311,#10312);
#10311 = CARTESIAN_POINT('',(6.28318530718,-0.));
#10312 = VECTOR('',#10313,1.);
#10313 = DIRECTION('',(0.,1.));
#10314 = ( GEOMETRIC_REPRESENTATION_CONTEXT(2) 
PARAMETRIC_REPRESENTATION_CONTEXT() REPRESENTATION_CONTEXT('2D SPACE',''
  ) );
#10315 = PCURVE('',#2041,#10316);
#10316 = DEFINITIONAL_REPRESENTATION('',(#10317),#10321);
#10317 = LINE('',#10318,#10319);
#10318 = CARTESIAN_POINT('',(0.,-0.));
#10319 = VECTOR('',#10320,1.);
#10320 = DIRECTION('',(0.,1.));
#10321 = ( GEOMETRIC_REPRESENTATION_CONTEXT(2) 
PARAMETRIC_REPRESENTATION_CONTEXT() REPRESENTATION_CONTEXT('2D SPACE',''
  ) );
#10322 = ORIENTED_EDGE('',*,*,#2020,.T.);
#10323 = ORIENTED_EDGE('',*,*,#10302,.T.);
#10324 = ADVANCED_FACE('',(#10325),#2076,.F.);
#10325 = FACE_BOUND('',#10326,.F.);
#10326 = EDGE_LOOP('',(#10327,#10328,#10349,#10350));
#10327 = ORIENTED_EDGE('',*,*,#6519,.F.);
#10328 = ORIENTED_EDGE('',*,*,#10329,.F.);
#10329 = EDGE_CURVE('',#2056,#6520,#10330,.T.);
#10330 = SEAM_CURVE('',#10331,(#10335,#10342),.PCURVE_S1.);
#10331 = LINE('',#10332,#10333);
#10332 = CARTESIAN_POINT('',(244.25,145.5,3.));
#10333 = VECTOR('',#10334,1.);
#10334 = DIRECTION('',(0.,0.,-1.));
#10335 = PCURVE('',#2076,#10336);
#10336 = DEFINITIONAL_REPRESENTATION('',(#10337),#10341);
#10337 = LINE('',#10338,#10339);
#10338 = CARTESIAN_POINT('',(6.28318530718,-0.));
#10339 = VECTOR('',#10340,1.);
#10340 = DIRECTION('',(0.,1.));
#10341 = ( GEOMETRIC_REPRESENTATION_CONTEXT(2) 
PARAMETRIC_REPRESENTATION_CONTEXT() REPRESENTATION_CONTEXT('2D SPACE',''
  ) );
#10342 = PCURVE('',#2076,#10343);
#10343 = DEFINITIONAL_REPRESENTATION('',(#10344),#10348);
#10344 = LINE('',#10345,#10346);
#10345 = CARTESIAN_POINT('',(0.,-0.));
#10346 = VECTOR('',#10347,1.);
#10347 = DIRECTION('',(0.,1.));
#10348 = ( GEOMETRIC_REPRESENTATION_CONTEXT(2) 
PARAMETRIC_REPRESENTATION_CONTEXT() REPRESENTATION_CONTEXT('2D SPACE',''
  ) );
#10349 = ORIENTED_EDGE('',*,*,#2055,.T.);
#10350 = ORIENTED_EDGE('',*,*,#10329,.T.);
#10351 = ADVANCED_FACE('',(#10352),#2111,.F.);
#10352 = FACE_BOUND('',#10353,.F.);
#10353 = EDGE_LOOP('',(#10354,#10355,#10376,#10377));
#10354 = ORIENTED_EDGE('',*,*,#6549,.F.);
#10355 = ORIENTED_EDGE('',*,*,#10356,.F.);
#10356 = EDGE_CURVE('',#2091,#6550,#10357,.T.);
#10357 = SEAM_CURVE('',#10358,(#10362,#10369),.PCURVE_S1.);
#10358 = LINE('',#10359,#10360);
#10359 = CARTESIAN_POINT('',(253.25,104.5,3.));
#10360 = VECTOR('',#10361,1.);
#10361 = DIRECTION('',(0.,0.,-1.));
#10362 = PCURVE('',#2111,#10363);
#10363 = DEFINITIONAL_REPRESENTATION('',(#10364),#10368);
#10364 = LINE('',#10365,#10366);
#10365 = CARTESIAN_POINT('',(6.28318530718,-0.));
#10366 = VECTOR('',#10367,1.);
#10367 = DIRECTION('',(0.,1.));
#10368 = ( GEOMETRIC_REPRESENTATION_CONTEXT(2) 
PARAMETRIC_REPRESENTATION_CONTEXT() REPRESENTATION_CONTEXT('2D SPACE',''
  ) );
#10369 = PCURVE('',#2111,#10370);
#10370 = DEFINITIONAL_REPRESENTATION('',(#10371),#10375);
#10371 = LINE('',#10372,#10373);
#10372 = CARTESIAN_POINT('',(0.,-0.));
#10373 = VECTOR('',#10374,1.);
#10374 = DIRECTION('',(0.,1.));
#10375 = ( GEOMETRIC_REPRESENTATION_CONTEXT(2) 
PARAMETRIC_REPRESENTATION_CONTEXT() REPRESENTATION_CONTEXT('2D SPACE',''
  ) );
#10376 = ORIENTED_EDGE('',*,*,#2090,.T.);
#10377 = ORIENTED_EDGE('',*,*,#10356,.T.);
#10378 = ADVANCED_FACE('',(#10379),#2146,.F.);
#10379 = FACE_BOUND('',#10380,.F.);
#10380 = EDGE_LOOP('',(#10381,#10382,#10403,#10404));
#10381 = ORIENTED_EDGE('',*,*,#6579,.F.);
#10382 = ORIENTED_EDGE('',*,*,#10383,.F.);
#10383 = EDGE_CURVE('',#2126,#6580,#10384,.T.);
#10384 = SEAM_CURVE('',#10385,(#10389,#10396),.PCURVE_S1.);
#10385 = LINE('',#10386,#10387);
#10386 = CARTESIAN_POINT('',(294.25,145.5,3.));
#10387 = VECTOR('',#10388,1.);
#10388 = DIRECTION('',(0.,0.,-1.));
#10389 = PCURVE('',#2146,#10390);
#10390 = DEFINITIONAL_REPRESENTATION('',(#10391),#10395);
#10391 = LINE('',#10392,#10393);
#10392 = CARTESIAN_POINT('',(6.28318530718,-0.));
#10393 = VECTOR('',#10394,1.);
#10394 = DIRECTION('',(0.,1.));
#10395 = ( GEOMETRIC_REPRESENTATION_CONTEXT(2) 
PARAMETRIC_REPRESENTATION_CONTEXT() REPRESENTATION_CONTEXT('2D SPACE',''
  ) );
#10396 = PCURVE('',#2146,#10397);
#10397 = DEFINITIONAL_REPRESENTATION('',(#10398),#10402);
#10398 = LINE('',#10399,#10400);
#10399 = CARTESIAN_POINT('',(0.,-0.));
#10400 = VECTOR('',#10401,1.);
#10401 = DIRECTION('',(0.,1.));
#10402 = ( GEOMETRIC_REPRESENTATION_CONTEXT(2) 
PARAMETRIC_REPRESENTATION_CONTEXT() REPRESENTATION_CONTEXT('2D SPACE',''
  ) );
#10403 = ORIENTED_EDGE('',*,*,#2125,.T.);
#10404 = ORIENTED_EDGE('',*,*,#10383,.T.);
#10405 = ADVANCED_FACE('',(#10406),#2181,.F.);
#10406 = FACE_BOUND('',#10407,.F.);
#10407 = EDGE_LOOP('',(#10408,#10409,#10430,#10431));
#10408 = ORIENTED_EDGE('',*,*,#6609,.F.);
#10409 = ORIENTED_EDGE('',*,*,#10410,.F.);
#10410 = EDGE_CURVE('',#2161,#6610,#10411,.T.);
#10411 = SEAM_CURVE('',#10412,(#10416,#10423),.PCURVE_S1.);
#10412 = LINE('',#10413,#10414);
#10413 = CARTESIAN_POINT('',(203.25,154.5,3.));
#10414 = VECTOR('',#10415,1.);
#10415 = DIRECTION('',(0.,0.,-1.));
#10416 = PCURVE('',#2181,#10417);
#10417 = DEFINITIONAL_REPRESENTATION('',(#10418),#10422);
#10418 = LINE('',#10419,#10420);
#10419 = CARTESIAN_POINT('',(6.28318530718,-0.));
#10420 = VECTOR('',#10421,1.);
#10421 = DIRECTION('',(0.,1.));
#10422 = ( GEOMETRIC_REPRESENTATION_CONTEXT(2) 
PARAMETRIC_REPRESENTATION_CONTEXT() REPRESENTATION_CONTEXT('2D SPACE',''
  ) );
#10423 = PCURVE('',#2181,#10424);
#10424 = DEFINITIONAL_REPRESENTATION('',(#10425),#10429);
#10425 = LINE('',#10426,#10427);
#10426 = CARTESIAN_POINT('',(0.,-0.));
#10427 = VECTOR('',#10428,1.);
#10428 = DIRECTION('',(0.,1.));
#10429 = ( GEOMETRIC_REPRESENTATION_CONTEXT(2) 
PARAMETRIC_REPRESENTATION_CONTEXT() REPRESENTATION_CONTEXT('2D SPACE',''
  ) );
#10430 = ORIENTED_EDGE('',*,*,#2160,.T.);
#10431 = ORIENTED_EDGE('',*,*,#10410,.T.);
#10432 = ADVANCED_FACE('',(#10433),#2216,.F.);
#10433 = FACE_BOUND('',#10434,.F.);
#10434 = EDGE_LOOP('',(#10435,#10436,#10457,#10458));
#10435 = ORIENTED_EDGE('',*,*,#6639,.F.);
#10436 = ORIENTED_EDGE('',*,*,#10437,.F.);
#10437 = EDGE_CURVE('',#2196,#6640,#10438,.T.);
#10438 = SEAM_CURVE('',#10439,(#10443,#10450),.PCURVE_S1.);
#10439 = LINE('',#10440,#10441);
#10440 = CARTESIAN_POINT('',(244.25,195.5,3.));
#10441 = VECTOR('',#10442,1.);
#10442 = DIRECTION('',(0.,0.,-1.));
#10443 = PCURVE('',#2216,#10444);
#10444 = DEFINITIONAL_REPRESENTATION('',(#10445),#10449);
#10445 = LINE('',#10446,#10447);
#10446 = CARTESIAN_POINT('',(6.28318530718,-0.));
#10447 = VECTOR('',#10448,1.);
#10448 = DIRECTION('',(0.,1.));
#10449 = ( GEOMETRIC_REPRESENTATION_CONTEXT(2) 
PARAMETRIC_REPRESENTATION_CONTEXT() REPRESENTATION_CONTEXT('2D SPACE',''
  ) );
#10450 = PCURVE('',#2216,#10451);
#10451 = DEFINITIONAL_REPRESENTATION('',(#10452),#10456);
#10452 = LINE('',#10453,#10454);
#10453 = CARTESIAN_POINT('',(0.,-0.));
#10454 = VECTOR('',#10455,1.);
#10455 = DIRECTION('',(0.,1.));
#10456 = ( GEOMETRIC_REPRESENTATION_CONTEXT(2) 
PARAMETRIC_REPRESENTATION_CONTEXT() REPRESENTATION_CONTEXT('2D SPACE',''
  ) );
#10457 = ORIENTED_EDGE('',*,*,#2195,.T.);
#10458 = ORIENTED_EDGE('',*,*,#10437,.T.);
#10459 = ADVANCED_FACE('',(#10460),#2251,.F.);
#10460 = FACE_BOUND('',#10461,.F.);
#10461 = EDGE_LOOP('',(#10462,#10463,#10484,#10485));
#10462 = ORIENTED_EDGE('',*,*,#6669,.F.);
#10463 = ORIENTED_EDGE('',*,*,#10464,.F.);
#10464 = EDGE_CURVE('',#2231,#6670,#10465,.T.);
#10465 = SEAM_CURVE('',#10466,(#10470,#10477),.PCURVE_S1.);
#10466 = LINE('',#10467,#10468);
#10467 = CARTESIAN_POINT('',(253.25,154.5,3.));
#10468 = VECTOR('',#10469,1.);
#10469 = DIRECTION('',(0.,0.,-1.));
#10470 = PCURVE('',#2251,#10471);
#10471 = DEFINITIONAL_REPRESENTATION('',(#10472),#10476);
#10472 = LINE('',#10473,#10474);
#10473 = CARTESIAN_POINT('',(6.28318530718,-0.));
#10474 = VECTOR('',#10475,1.);
#10475 = DIRECTION('',(0.,1.));
#10476 = ( GEOMETRIC_REPRESENTATION_CONTEXT(2) 
PARAMETRIC_REPRESENTATION_CONTEXT() REPRESENTATION_CONTEXT('2D SPACE',''
  ) );
#10477 = PCURVE('',#2251,#10478);
#10478 = DEFINITIONAL_REPRESENTATION('',(#10479),#10483);
#10479 = LINE('',#10480,#10481);
#10480 = CARTESIAN_POINT('',(0.,-0.));
#10481 = VECTOR('',#10482,1.);
#10482 = DIRECTION('',(0.,1.));
#10483 = ( GEOMETRIC_REPRESENTATION_CONTEXT(2) 
PARAMETRIC_REPRESENTATION_CONTEXT() REPRESENTATION_CONTEXT('2D SPACE',''
  ) );
#10484 = ORIENTED_EDGE('',*,*,#2230,.T.);
#10485 = ORIENTED_EDGE('',*,*,#10464,.T.);
#10486 = ADVANCED_FACE('',(#10487),#2286,.F.);
#10487 = FACE_BOUND('',#10488,.F.);
#10488 = EDGE_LOOP('',(#10489,#10490,#10511,#10512));
#10489 = ORIENTED_EDGE('',*,*,#6699,.F.);
#10490 = ORIENTED_EDGE('',*,*,#10491,.F.);
#10491 = EDGE_CURVE('',#2266,#6700,#10492,.T.);
#10492 = SEAM_CURVE('',#10493,(#10497,#10504),.PCURVE_S1.);
#10493 = LINE('',#10494,#10495);
#10494 = CARTESIAN_POINT('',(294.25,195.5,3.));
#10495 = VECTOR('',#10496,1.);
#10496 = DIRECTION('',(0.,0.,-1.));
#10497 = PCURVE('',#2286,#10498);
#10498 = DEFINITIONAL_REPRESENTATION('',(#10499),#10503);
#10499 = LINE('',#10500,#10501);
#10500 = CARTESIAN_POINT('',(6.28318530718,-0.));
#10501 = VECTOR('',#10502,1.);
#10502 = DIRECTION('',(0.,1.));
#10503 = ( GEOMETRIC_REPRESENTATION_CONTEXT(2) 
PARAMETRIC_REPRESENTATION_CONTEXT() REPRESENTATION_CONTEXT('2D SPACE',''
  ) );
#10504 = PCURVE('',#2286,#10505);
#10505 = DEFINITIONAL_REPRESENTATION('',(#10506),#10510);
#10506 = LINE('',#10507,#10508);
#10507 = CARTESIAN_POINT('',(0.,-0.));
#10508 = VECTOR('',#10509,1.);
#10509 = DIRECTION('',(0.,1.));
#10510 = ( GEOMETRIC_REPRESENTATION_CONTEXT(2) 
PARAMETRIC_REPRESENTATION_CONTEXT() REPRESENTATION_CONTEXT('2D SPACE',''
  ) );
#10511 = ORIENTED_EDGE('',*,*,#2265,.T.);
#10512 = ORIENTED_EDGE('',*,*,#10491,.T.);
#10513 = ADVANCED_FACE('',(#10514),#2321,.F.);
#10514 = FACE_BOUND('',#10515,.F.);
#10515 = EDGE_LOOP('',(#10516,#10517,#10538,#10539));
#10516 = ORIENTED_EDGE('',*,*,#6729,.F.);
#10517 = ORIENTED_EDGE('',*,*,#10518,.F.);
#10518 = EDGE_CURVE('',#2301,#6730,#10519,.T.);
#10519 = SEAM_CURVE('',#10520,(#10524,#10531),.PCURVE_S1.);
#10520 = LINE('',#10521,#10522);
#10521 = CARTESIAN_POINT('',(303.25,104.5,3.));
#10522 = VECTOR('',#10523,1.);
#10523 = DIRECTION('',(0.,0.,-1.));
#10524 = PCURVE('',#2321,#10525);
#10525 = DEFINITIONAL_REPRESENTATION('',(#10526),#10530);
#10526 = LINE('',#10527,#10528);
#10527 = CARTESIAN_POINT('',(6.28318530718,-0.));
#10528 = VECTOR('',#10529,1.);
#10529 = DIRECTION('',(0.,1.));
#10530 = ( GEOMETRIC_REPRESENTATION_CONTEXT(2) 
PARAMETRIC_REPRESENTATION_CONTEXT() REPRESENTATION_CONTEXT('2D SPACE',''
  ) );
#10531 = PCURVE('',#2321,#10532);
#10532 = DEFINITIONAL_REPRESENTATION('',(#10533),#10537);
#10533 = LINE('',#10534,#10535);
#10534 = CARTESIAN_POINT('',(0.,-0.));
#10535 = VECTOR('',#10536,1.);
#10536 = DIRECTION('',(0.,1.));
#10537 = ( GEOMETRIC_REPRESENTATION_CONTEXT(2) 
PARAMETRIC_REPRESENTATION_CONTEXT() REPRESENTATION_CONTEXT('2D SPACE',''
  ) );
#10538 = ORIENTED_EDGE('',*,*,#2300,.T.);
#10539 = ORIENTED_EDGE('',*,*,#10518,.T.);
#10540 = ADVANCED_FACE('',(#10541),#2356,.F.);
#10541 = FACE_BOUND('',#10542,.F.);
#10542 = EDGE_LOOP('',(#10543,#10544,#10565,#10566));
#10543 = ORIENTED_EDGE('',*,*,#6759,.F.);
#10544 = ORIENTED_EDGE('',*,*,#10545,.F.);
#10545 = EDGE_CURVE('',#2336,#6760,#10546,.T.);
#10546 = SEAM_CURVE('',#10547,(#10551,#10558),.PCURVE_S1.);
#10547 = LINE('',#10548,#10549);
#10548 = CARTESIAN_POINT('',(344.25,145.5,3.));
#10549 = VECTOR('',#10550,1.);
#10550 = DIRECTION('',(0.,0.,-1.));
#10551 = PCURVE('',#2356,#10552);
#10552 = DEFINITIONAL_REPRESENTATION('',(#10553),#10557);
#10553 = LINE('',#10554,#10555);
#10554 = CARTESIAN_POINT('',(6.28318530718,-0.));
#10555 = VECTOR('',#10556,1.);
#10556 = DIRECTION('',(0.,1.));
#10557 = ( GEOMETRIC_REPRESENTATION_CONTEXT(2) 
PARAMETRIC_REPRESENTATION_CONTEXT() REPRESENTATION_CONTEXT('2D SPACE',''
  ) );
#10558 = PCURVE('',#2356,#10559);
#10559 = DEFINITIONAL_REPRESENTATION('',(#10560),#10564);
#10560 = LINE('',#10561,#10562);
#10561 = CARTESIAN_POINT('',(0.,-0.));
#10562 = VECTOR('',#10563,1.);
#10563 = DIRECTION('',(0.,1.));
#10564 = ( GEOMETRIC_REPRESENTATION_CONTEXT(2) 
PARAMETRIC_REPRESENTATION_CONTEXT() REPRESENTATION_CONTEXT('2D SPACE',''
  ) );
#10565 = ORIENTED_EDGE('',*,*,#2335,.T.);
#10566 = ORIENTED_EDGE('',*,*,#10545,.T.);
#10567 = ADVANCED_FACE('',(#10568),#2391,.F.);
#10568 = FACE_BOUND('',#10569,.F.);
#10569 = EDGE_LOOP('',(#10570,#10571,#10592,#10593));
#10570 = ORIENTED_EDGE('',*,*,#6789,.F.);
#10571 = ORIENTED_EDGE('',*,*,#10572,.F.);
#10572 = EDGE_CURVE('',#2371,#6790,#10573,.T.);
#10573 = SEAM_CURVE('',#10574,(#10578,#10585),.PCURVE_S1.);
#10574 = LINE('',#10575,#10576);
#10575 = CARTESIAN_POINT('',(353.25,104.5,3.));
#10576 = VECTOR('',#10577,1.);
#10577 = DIRECTION('',(0.,0.,-1.));
#10578 = PCURVE('',#2391,#10579);
#10579 = DEFINITIONAL_REPRESENTATION('',(#10580),#10584);
#10580 = LINE('',#10581,#10582);
#10581 = CARTESIAN_POINT('',(6.28318530718,-0.));
#10582 = VECTOR('',#10583,1.);
#10583 = DIRECTION('',(0.,1.));
#10584 = ( GEOMETRIC_REPRESENTATION_CONTEXT(2) 
PARAMETRIC_REPRESENTATION_CONTEXT() REPRESENTATION_CONTEXT('2D SPACE',''
  ) );
#10585 = PCURVE('',#2391,#10586);
#10586 = DEFINITIONAL_REPRESENTATION('',(#10587),#10591);
#10587 = LINE('',#10588,#10589);
#10588 = CARTESIAN_POINT('',(0.,-0.));
#10589 = VECTOR('',#10590,1.);
#10590 = DIRECTION('',(0.,1.));
#10591 = ( GEOMETRIC_REPRESENTATION_CONTEXT(2) 
PARAMETRIC_REPRESENTATION_CONTEXT() REPRESENTATION_CONTEXT('2D SPACE',''
  ) );
#10592 = ORIENTED_EDGE('',*,*,#2370,.T.);
#10593 = ORIENTED_EDGE('',*,*,#10572,.T.);
#10594 = ADVANCED_FACE('',(#10595),#2426,.F.);
#10595 = FACE_BOUND('',#10596,.F.);
#10596 = EDGE_LOOP('',(#10597,#10598,#10619,#10620));
#10597 = ORIENTED_EDGE('',*,*,#6819,.F.);
#10598 = ORIENTED_EDGE('',*,*,#10599,.F.);
#10599 = EDGE_CURVE('',#2406,#6820,#10600,.T.);
#10600 = SEAM_CURVE('',#10601,(#10605,#10612),.PCURVE_S1.);
#10601 = LINE('',#10602,#10603);
#10602 = CARTESIAN_POINT('',(394.25,145.5,3.));
#10603 = VECTOR('',#10604,1.);
#10604 = DIRECTION('',(0.,0.,-1.));
#10605 = PCURVE('',#2426,#10606);
#10606 = DEFINITIONAL_REPRESENTATION('',(#10607),#10611);
#10607 = LINE('',#10608,#10609);
#10608 = CARTESIAN_POINT('',(6.28318530718,-0.));
#10609 = VECTOR('',#10610,1.);
#10610 = DIRECTION('',(0.,1.));
#10611 = ( GEOMETRIC_REPRESENTATION_CONTEXT(2) 
PARAMETRIC_REPRESENTATION_CONTEXT() REPRESENTATION_CONTEXT('2D SPACE',''
  ) );
#10612 = PCURVE('',#2426,#10613);
#10613 = DEFINITIONAL_REPRESENTATION('',(#10614),#10618);
#10614 = LINE('',#10615,#10616);
#10615 = CARTESIAN_POINT('',(0.,-0.));
#10616 = VECTOR('',#10617,1.);
#10617 = DIRECTION('',(0.,1.));
#10618 = ( GEOMETRIC_REPRESENTATION_CONTEXT(2) 
PARAMETRIC_REPRESENTATION_CONTEXT() REPRESENTATION_CONTEXT('2D SPACE',''
  ) );
#10619 = ORIENTED_EDGE('',*,*,#2405,.T.);
#10620 = ORIENTED_EDGE('',*,*,#10599,.T.);
#10621 = ADVANCED_FACE('',(#10622),#2461,.F.);
#10622 = FACE_BOUND('',#10623,.F.);
#10623 = EDGE_LOOP('',(#10624,#10625,#10646,#10647));
#10624 = ORIENTED_EDGE('',*,*,#6849,.F.);
#10625 = ORIENTED_EDGE('',*,*,#10626,.F.);
#10626 = EDGE_CURVE('',#2441,#6850,#10627,.T.);
#10627 = SEAM_CURVE('',#10628,(#10632,#10639),.PCURVE_S1.);
#10628 = LINE('',#10629,#10630);
#10629 = CARTESIAN_POINT('',(303.25,154.5,3.));
#10630 = VECTOR('',#10631,1.);
#10631 = DIRECTION('',(0.,0.,-1.));
#10632 = PCURVE('',#2461,#10633);
#10633 = DEFINITIONAL_REPRESENTATION('',(#10634),#10638);
#10634 = LINE('',#10635,#10636);
#10635 = CARTESIAN_POINT('',(6.28318530718,-0.));
#10636 = VECTOR('',#10637,1.);
#10637 = DIRECTION('',(0.,1.));
#10638 = ( GEOMETRIC_REPRESENTATION_CONTEXT(2) 
PARAMETRIC_REPRESENTATION_CONTEXT() REPRESENTATION_CONTEXT('2D SPACE',''
  ) );
#10639 = PCURVE('',#2461,#10640);
#10640 = DEFINITIONAL_REPRESENTATION('',(#10641),#10645);
#10641 = LINE('',#10642,#10643);
#10642 = CARTESIAN_POINT('',(0.,-0.));
#10643 = VECTOR('',#10644,1.);
#10644 = DIRECTION('',(0.,1.));
#10645 = ( GEOMETRIC_REPRESENTATION_CONTEXT(2) 
PARAMETRIC_REPRESENTATION_CONTEXT() REPRESENTATION_CONTEXT('2D SPACE',''
  ) );
#10646 = ORIENTED_EDGE('',*,*,#2440,.T.);
#10647 = ORIENTED_EDGE('',*,*,#10626,.T.);
#10648 = ADVANCED_FACE('',(#10649),#2496,.F.);
#10649 = FACE_BOUND('',#10650,.F.);
#10650 = EDGE_LOOP('',(#10651,#10652,#10673,#10674));
#10651 = ORIENTED_EDGE('',*,*,#6879,.F.);
#10652 = ORIENTED_EDGE('',*,*,#10653,.F.);
#10653 = EDGE_CURVE('',#2476,#6880,#10654,.T.);
#10654 = SEAM_CURVE('',#10655,(#10659,#10666),.PCURVE_S1.);
#10655 = LINE('',#10656,#10657);
#10656 = CARTESIAN_POINT('',(344.25,195.5,3.));
#10657 = VECTOR('',#10658,1.);
#10658 = DIRECTION('',(0.,0.,-1.));
#10659 = PCURVE('',#2496,#10660);
#10660 = DEFINITIONAL_REPRESENTATION('',(#10661),#10665);
#10661 = LINE('',#10662,#10663);
#10662 = CARTESIAN_POINT('',(6.28318530718,-0.));
#10663 = VECTOR('',#10664,1.);
#10664 = DIRECTION('',(0.,1.));
#10665 = ( GEOMETRIC_REPRESENTATION_CONTEXT(2) 
PARAMETRIC_REPRESENTATION_CONTEXT() REPRESENTATION_CONTEXT('2D SPACE',''
  ) );
#10666 = PCURVE('',#2496,#10667);
#10667 = DEFINITIONAL_REPRESENTATION('',(#10668),#10672);
#10668 = LINE('',#10669,#10670);
#10669 = CARTESIAN_POINT('',(0.,-0.));
#10670 = VECTOR('',#10671,1.);
#10671 = DIRECTION('',(0.,1.));
#10672 = ( GEOMETRIC_REPRESENTATION_CONTEXT(2) 
PARAMETRIC_REPRESENTATION_CONTEXT() REPRESENTATION_CONTEXT('2D SPACE',''
  ) );
#10673 = ORIENTED_EDGE('',*,*,#2475,.T.);
#10674 = ORIENTED_EDGE('',*,*,#10653,.T.);
#10675 = ADVANCED_FACE('',(#10676),#2531,.F.);
#10676 = FACE_BOUND('',#10677,.F.);
#10677 = EDGE_LOOP('',(#10678,#10679,#10700,#10701));
#10678 = ORIENTED_EDGE('',*,*,#6909,.F.);
#10679 = ORIENTED_EDGE('',*,*,#10680,.F.);
#10680 = EDGE_CURVE('',#2511,#6910,#10681,.T.);
#10681 = SEAM_CURVE('',#10682,(#10686,#10693),.PCURVE_S1.);
#10682 = LINE('',#10683,#10684);
#10683 = CARTESIAN_POINT('',(353.25,154.5,3.));
#10684 = VECTOR('',#10685,1.);
#10685 = DIRECTION('',(0.,0.,-1.));
#10686 = PCURVE('',#2531,#10687);
#10687 = DEFINITIONAL_REPRESENTATION('',(#10688),#10692);
#10688 = LINE('',#10689,#10690);
#10689 = CARTESIAN_POINT('',(6.28318530718,-0.));
#10690 = VECTOR('',#10691,1.);
#10691 = DIRECTION('',(0.,1.));
#10692 = ( GEOMETRIC_REPRESENTATION_CONTEXT(2) 
PARAMETRIC_REPRESENTATION_CONTEXT() REPRESENTATION_CONTEXT('2D SPACE',''
  ) );
#10693 = PCURVE('',#2531,#10694);
#10694 = DEFINITIONAL_REPRESENTATION('',(#10695),#10699);
#10695 = LINE('',#10696,#10697);
#10696 = CARTESIAN_POINT('',(0.,-0.));
#10697 = VECTOR('',#10698,1.);
#10698 = DIRECTION('',(0.,1.));
#10699 = ( GEOMETRIC_REPRESENTATION_CONTEXT(2) 
PARAMETRIC_REPRESENTATION_CONTEXT() REPRESENTATION_CONTEXT('2D SPACE',''
  ) );
#10700 = ORIENTED_EDGE('',*,*,#2510,.T.);
#10701 = ORIENTED_EDGE('',*,*,#10680,.T.);
#10702 = ADVANCED_FACE('',(#10703),#2566,.F.);
#10703 = FACE_BOUND('',#10704,.F.);
#10704 = EDGE_LOOP('',(#10705,#10706,#10727,#10728));
#10705 = ORIENTED_EDGE('',*,*,#6939,.F.);
#10706 = ORIENTED_EDGE('',*,*,#10707,.F.);
#10707 = EDGE_CURVE('',#2546,#6940,#10708,.T.);
#10708 = SEAM_CURVE('',#10709,(#10713,#10720),.PCURVE_S1.);
#10709 = LINE('',#10710,#10711);
#10710 = CARTESIAN_POINT('',(394.25,195.5,3.));
#10711 = VECTOR('',#10712,1.);
#10712 = DIRECTION('',(0.,0.,-1.));
#10713 = PCURVE('',#2566,#10714);
#10714 = DEFINITIONAL_REPRESENTATION('',(#10715),#10719);
#10715 = LINE('',#10716,#10717);
#10716 = CARTESIAN_POINT('',(6.28318530718,-0.));
#10717 = VECTOR('',#10718,1.);
#10718 = DIRECTION('',(0.,1.));
#10719 = ( GEOMETRIC_REPRESENTATION_CONTEXT(2) 
PARAMETRIC_REPRESENTATION_CONTEXT() REPRESENTATION_CONTEXT('2D SPACE',''
  ) );
#10720 = PCURVE('',#2566,#10721);
#10721 = DEFINITIONAL_REPRESENTATION('',(#10722),#10726);
#10722 = LINE('',#10723,#10724);
#10723 = CARTESIAN_POINT('',(0.,-0.));
#10724 = VECTOR('',#10725,1.);
#10725 = DIRECTION('',(0.,1.));
#10726 = ( GEOMETRIC_REPRESENTATION_CONTEXT(2) 
PARAMETRIC_REPRESENTATION_CONTEXT() REPRESENTATION_CONTEXT('2D SPACE',''
  ) );
#10727 = ORIENTED_EDGE('',*,*,#2545,.T.);
#10728 = ORIENTED_EDGE('',*,*,#10707,.T.);
#10729 = ADVANCED_FACE('',(#10730),#2601,.F.);
#10730 = FACE_BOUND('',#10731,.F.);
#10731 = EDGE_LOOP('',(#10732,#10733,#10754,#10755));
#10732 = ORIENTED_EDGE('',*,*,#6969,.F.);
#10733 = ORIENTED_EDGE('',*,*,#10734,.F.);
#10734 = EDGE_CURVE('',#2581,#6970,#10735,.T.);
#10735 = SEAM_CURVE('',#10736,(#10740,#10747),.PCURVE_S1.);
#10736 = LINE('',#10737,#10738);
#10737 = CARTESIAN_POINT('',(3.25,204.5,3.));
#10738 = VECTOR('',#10739,1.);
#10739 = DIRECTION('',(0.,0.,-1.));
#10740 = PCURVE('',#2601,#10741);
#10741 = DEFINITIONAL_REPRESENTATION('',(#10742),#10746);
#10742 = LINE('',#10743,#10744);
#10743 = CARTESIAN_POINT('',(6.28318530718,-0.));
#10744 = VECTOR('',#10745,1.);
#10745 = DIRECTION('',(0.,1.));
#10746 = ( GEOMETRIC_REPRESENTATION_CONTEXT(2) 
PARAMETRIC_REPRESENTATION_CONTEXT() REPRESENTATION_CONTEXT('2D SPACE',''
  ) );
#10747 = PCURVE('',#2601,#10748);
#10748 = DEFINITIONAL_REPRESENTATION('',(#10749),#10753);
#10749 = LINE('',#10750,#10751);
#10750 = CARTESIAN_POINT('',(0.,-0.));
#10751 = VECTOR('',#10752,1.);
#10752 = DIRECTION('',(0.,1.));
#10753 = ( GEOMETRIC_REPRESENTATION_CONTEXT(2) 
PARAMETRIC_REPRESENTATION_CONTEXT() REPRESENTATION_CONTEXT('2D SPACE',''
  ) );
#10754 = ORIENTED_EDGE('',*,*,#2580,.T.);
#10755 = ORIENTED_EDGE('',*,*,#10734,.T.);
#10756 = ADVANCED_FACE('',(#10757),#2636,.F.);
#10757 = FACE_BOUND('',#10758,.F.);
#10758 = EDGE_LOOP('',(#10759,#10760,#10781,#10782));
#10759 = ORIENTED_EDGE('',*,*,#6999,.F.);
#10760 = ORIENTED_EDGE('',*,*,#10761,.F.);
#10761 = EDGE_CURVE('',#2616,#7000,#10762,.T.);
#10762 = SEAM_CURVE('',#10763,(#10767,#10774),.PCURVE_S1.);
#10763 = LINE('',#10764,#10765);
#10764 = CARTESIAN_POINT('',(44.25,245.5,3.));
#10765 = VECTOR('',#10766,1.);
#10766 = DIRECTION('',(0.,0.,-1.));
#10767 = PCURVE('',#2636,#10768);
#10768 = DEFINITIONAL_REPRESENTATION('',(#10769),#10773);
#10769 = LINE('',#10770,#10771);
#10770 = CARTESIAN_POINT('',(6.28318530718,-0.));
#10771 = VECTOR('',#10772,1.);
#10772 = DIRECTION('',(0.,1.));
#10773 = ( GEOMETRIC_REPRESENTATION_CONTEXT(2) 
PARAMETRIC_REPRESENTATION_CONTEXT() REPRESENTATION_CONTEXT('2D SPACE',''
  ) );
#10774 = PCURVE('',#2636,#10775);
#10775 = DEFINITIONAL_REPRESENTATION('',(#10776),#10780);
#10776 = LINE('',#10777,#10778);
#10777 = CARTESIAN_POINT('',(0.,-0.));
#10778 = VECTOR('',#10779,1.);
#10779 = DIRECTION('',(0.,1.));
#10780 = ( GEOMETRIC_REPRESENTATION_CONTEXT(2) 
PARAMETRIC_REPRESENTATION_CONTEXT() REPRESENTATION_CONTEXT('2D SPACE',''
  ) );
#10781 = ORIENTED_EDGE('',*,*,#2615,.T.);
#10782 = ORIENTED_EDGE('',*,*,#10761,.T.);
#10783 = ADVANCED_FACE('',(#10784),#2671,.F.);
#10784 = FACE_BOUND('',#10785,.F.);
#10785 = EDGE_LOOP('',(#10786,#10787,#10808,#10809));
#10786 = ORIENTED_EDGE('',*,*,#7029,.F.);
#10787 = ORIENTED_EDGE('',*,*,#10788,.F.);
#10788 = EDGE_CURVE('',#2651,#7030,#10789,.T.);
#10789 = SEAM_CURVE('',#10790,(#10794,#10801),.PCURVE_S1.);
#10790 = LINE('',#10791,#10792);
#10791 = CARTESIAN_POINT('',(53.25,204.5,3.));
#10792 = VECTOR('',#10793,1.);
#10793 = DIRECTION('',(0.,0.,-1.));
#10794 = PCURVE('',#2671,#10795);
#10795 = DEFINITIONAL_REPRESENTATION('',(#10796),#10800);
#10796 = LINE('',#10797,#10798);
#10797 = CARTESIAN_POINT('',(6.28318530718,-0.));
#10798 = VECTOR('',#10799,1.);
#10799 = DIRECTION('',(0.,1.));
#10800 = ( GEOMETRIC_REPRESENTATION_CONTEXT(2) 
PARAMETRIC_REPRESENTATION_CONTEXT() REPRESENTATION_CONTEXT('2D SPACE',''
  ) );
#10801 = PCURVE('',#2671,#10802);
#10802 = DEFINITIONAL_REPRESENTATION('',(#10803),#10807);
#10803 = LINE('',#10804,#10805);
#10804 = CARTESIAN_POINT('',(0.,-0.));
#10805 = VECTOR('',#10806,1.);
#10806 = DIRECTION('',(0.,1.));
#10807 = ( GEOMETRIC_REPRESENTATION_CONTEXT(2) 
PARAMETRIC_REPRESENTATION_CONTEXT() REPRESENTATION_CONTEXT('2D SPACE',''
  ) );
#10808 = ORIENTED_EDGE('',*,*,#2650,.T.);
#10809 = ORIENTED_EDGE('',*,*,#10788,.T.);
#10810 = ADVANCED_FACE('',(#10811),#2706,.F.);
#10811 = FACE_BOUND('',#10812,.F.);
#10812 = EDGE_LOOP('',(#10813,#10814,#10835,#10836));
#10813 = ORIENTED_EDGE('',*,*,#7059,.F.);
#10814 = ORIENTED_EDGE('',*,*,#10815,.F.);
#10815 = EDGE_CURVE('',#2686,#7060,#10816,.T.);
#10816 = SEAM_CURVE('',#10817,(#10821,#10828),.PCURVE_S1.);
#10817 = LINE('',#10818,#10819);
#10818 = CARTESIAN_POINT('',(94.25,245.5,3.));
#10819 = VECTOR('',#10820,1.);
#10820 = DIRECTION('',(0.,0.,-1.));
#10821 = PCURVE('',#2706,#10822);
#10822 = DEFINITIONAL_REPRESENTATION('',(#10823),#10827);
#10823 = LINE('',#10824,#10825);
#10824 = CARTESIAN_POINT('',(6.28318530718,-0.));
#10825 = VECTOR('',#10826,1.);
#10826 = DIRECTION('',(0.,1.));
#10827 = ( GEOMETRIC_REPRESENTATION_CONTEXT(2) 
PARAMETRIC_REPRESENTATION_CONTEXT() REPRESENTATION_CONTEXT('2D SPACE',''
  ) );
#10828 = PCURVE('',#2706,#10829);
#10829 = DEFINITIONAL_REPRESENTATION('',(#10830),#10834);
#10830 = LINE('',#10831,#10832);
#10831 = CARTESIAN_POINT('',(0.,-0.));
#10832 = VECTOR('',#10833,1.);
#10833 = DIRECTION('',(0.,1.));
#10834 = ( GEOMETRIC_REPRESENTATION_CONTEXT(2) 
PARAMETRIC_REPRESENTATION_CONTEXT() REPRESENTATION_CONTEXT('2D SPACE',''
  ) );
#10835 = ORIENTED_EDGE('',*,*,#2685,.T.);
#10836 = ORIENTED_EDGE('',*,*,#10815,.T.);
#10837 = ADVANCED_FACE('',(#10838),#2741,.F.);
#10838 = FACE_BOUND('',#10839,.F.);
#10839 = EDGE_LOOP('',(#10840,#10841,#10862,#10863));
#10840 = ORIENTED_EDGE('',*,*,#7089,.F.);
#10841 = ORIENTED_EDGE('',*,*,#10842,.F.);
#10842 = EDGE_CURVE('',#2721,#7090,#10843,.T.);
#10843 = SEAM_CURVE('',#10844,(#10848,#10855),.PCURVE_S1.);
#10844 = LINE('',#10845,#10846);
#10845 = CARTESIAN_POINT('',(3.25,254.5,3.));
#10846 = VECTOR('',#10847,1.);
#10847 = DIRECTION('',(0.,0.,-1.));
#10848 = PCURVE('',#2741,#10849);
#10849 = DEFINITIONAL_REPRESENTATION('',(#10850),#10854);
#10850 = LINE('',#10851,#10852);
#10851 = CARTESIAN_POINT('',(6.28318530718,-0.));
#10852 = VECTOR('',#10853,1.);
#10853 = DIRECTION('',(0.,1.));
#10854 = ( GEOMETRIC_REPRESENTATION_CONTEXT(2) 
PARAMETRIC_REPRESENTATION_CONTEXT() REPRESENTATION_CONTEXT('2D SPACE',''
  ) );
#10855 = PCURVE('',#2741,#10856);
#10856 = DEFINITIONAL_REPRESENTATION('',(#10857),#10861);
#10857 = LINE('',#10858,#10859);
#10858 = CARTESIAN_POINT('',(0.,-0.));
#10859 = VECTOR('',#10860,1.);
#10860 = DIRECTION('',(0.,1.));
#10861 = ( GEOMETRIC_REPRESENTATION_CONTEXT(2) 
PARAMETRIC_REPRESENTATION_CONTEXT() REPRESENTATION_CONTEXT('2D SPACE',''
  ) );
#10862 = ORIENTED_EDGE('',*,*,#2720,.T.);
#10863 = ORIENTED_EDGE('',*,*,#10842,.T.);
#10864 = ADVANCED_FACE('',(#10865),#2776,.F.);
#10865 = FACE_BOUND('',#10866,.F.);
#10866 = EDGE_LOOP('',(#10867,#10868,#10889,#10890));
#10867 = ORIENTED_EDGE('',*,*,#7119,.F.);
#10868 = ORIENTED_EDGE('',*,*,#10869,.F.);
#10869 = EDGE_CURVE('',#2756,#7120,#10870,.T.);
#10870 = SEAM_CURVE('',#10871,(#10875,#10882),.PCURVE_S1.);
#10871 = LINE('',#10872,#10873);
#10872 = CARTESIAN_POINT('',(44.25,295.5,3.));
#10873 = VECTOR('',#10874,1.);
#10874 = DIRECTION('',(0.,0.,-1.));
#10875 = PCURVE('',#2776,#10876);
#10876 = DEFINITIONAL_REPRESENTATION('',(#10877),#10881);
#10877 = LINE('',#10878,#10879);
#10878 = CARTESIAN_POINT('',(6.28318530718,-0.));
#10879 = VECTOR('',#10880,1.);
#10880 = DIRECTION('',(0.,1.));
#10881 = ( GEOMETRIC_REPRESENTATION_CONTEXT(2) 
PARAMETRIC_REPRESENTATION_CONTEXT() REPRESENTATION_CONTEXT('2D SPACE',''
  ) );
#10882 = PCURVE('',#2776,#10883);
#10883 = DEFINITIONAL_REPRESENTATION('',(#10884),#10888);
#10884 = LINE('',#10885,#10886);
#10885 = CARTESIAN_POINT('',(0.,-0.));
#10886 = VECTOR('',#10887,1.);
#10887 = DIRECTION('',(0.,1.));
#10888 = ( GEOMETRIC_REPRESENTATION_CONTEXT(2) 
PARAMETRIC_REPRESENTATION_CONTEXT() REPRESENTATION_CONTEXT('2D SPACE',''
  ) );
#10889 = ORIENTED_EDGE('',*,*,#2755,.T.);
#10890 = ORIENTED_EDGE('',*,*,#10869,.T.);
#10891 = ADVANCED_FACE('',(#10892),#2811,.F.);
#10892 = FACE_BOUND('',#10893,.F.);
#10893 = EDGE_LOOP('',(#10894,#10895,#10916,#10917));
#10894 = ORIENTED_EDGE('',*,*,#7149,.F.);
#10895 = ORIENTED_EDGE('',*,*,#10896,.F.);
#10896 = EDGE_CURVE('',#2791,#7150,#10897,.T.);
#10897 = SEAM_CURVE('',#10898,(#10902,#10909),.PCURVE_S1.);
#10898 = LINE('',#10899,#10900);
#10899 = CARTESIAN_POINT('',(53.25,254.5,3.));
#10900 = VECTOR('',#10901,1.);
#10901 = DIRECTION('',(0.,0.,-1.));
#10902 = PCURVE('',#2811,#10903);
#10903 = DEFINITIONAL_REPRESENTATION('',(#10904),#10908);
#10904 = LINE('',#10905,#10906);
#10905 = CARTESIAN_POINT('',(6.28318530718,-0.));
#10906 = VECTOR('',#10907,1.);
#10907 = DIRECTION('',(0.,1.));
#10908 = ( GEOMETRIC_REPRESENTATION_CONTEXT(2) 
PARAMETRIC_REPRESENTATION_CONTEXT() REPRESENTATION_CONTEXT('2D SPACE',''
  ) );
#10909 = PCURVE('',#2811,#10910);
#10910 = DEFINITIONAL_REPRESENTATION('',(#10911),#10915);
#10911 = LINE('',#10912,#10913);
#10912 = CARTESIAN_POINT('',(0.,-0.));
#10913 = VECTOR('',#10914,1.);
#10914 = DIRECTION('',(0.,1.));
#10915 = ( GEOMETRIC_REPRESENTATION_CONTEXT(2) 
PARAMETRIC_REPRESENTATION_CONTEXT() REPRESENTATION_CONTEXT('2D SPACE',''
  ) );
#10916 = ORIENTED_EDGE('',*,*,#2790,.T.);
#10917 = ORIENTED_EDGE('',*,*,#10896,.T.);
#10918 = ADVANCED_FACE('',(#10919),#2846,.F.);
#10919 = FACE_BOUND('',#10920,.F.);
#10920 = EDGE_LOOP('',(#10921,#10922,#10943,#10944));
#10921 = ORIENTED_EDGE('',*,*,#7179,.F.);
#10922 = ORIENTED_EDGE('',*,*,#10923,.F.);
#10923 = EDGE_CURVE('',#2826,#7180,#10924,.T.);
#10924 = SEAM_CURVE('',#10925,(#10929,#10936),.PCURVE_S1.);
#10925 = LINE('',#10926,#10927);
#10926 = CARTESIAN_POINT('',(94.25,295.5,3.));
#10927 = VECTOR('',#10928,1.);
#10928 = DIRECTION('',(0.,0.,-1.));
#10929 = PCURVE('',#2846,#10930);
#10930 = DEFINITIONAL_REPRESENTATION('',(#10931),#10935);
#10931 = LINE('',#10932,#10933);
#10932 = CARTESIAN_POINT('',(6.28318530718,-0.));
#10933 = VECTOR('',#10934,1.);
#10934 = DIRECTION('',(0.,1.));
#10935 = ( GEOMETRIC_REPRESENTATION_CONTEXT(2) 
PARAMETRIC_REPRESENTATION_CONTEXT() REPRESENTATION_CONTEXT('2D SPACE',''
  ) );
#10936 = PCURVE('',#2846,#10937);
#10937 = DEFINITIONAL_REPRESENTATION('',(#10938),#10942);
#10938 = LINE('',#10939,#10940);
#10939 = CARTESIAN_POINT('',(0.,-0.));
#10940 = VECTOR('',#10941,1.);
#10941 = DIRECTION('',(0.,1.));
#10942 = ( GEOMETRIC_REPRESENTATION_CONTEXT(2) 
PARAMETRIC_REPRESENTATION_CONTEXT() REPRESENTATION_CONTEXT('2D SPACE',''
  ) );
#10943 = ORIENTED_EDGE('',*,*,#2825,.T.);
#10944 = ORIENTED_EDGE('',*,*,#10923,.T.);
#10945 = ADVANCED_FACE('',(#10946),#2881,.F.);
#10946 = FACE_BOUND('',#10947,.F.);
#10947 = EDGE_LOOP('',(#10948,#10949,#10970,#10971));
#10948 = ORIENTED_EDGE('',*,*,#7209,.F.);
#10949 = ORIENTED_EDGE('',*,*,#10950,.F.);
#10950 = EDGE_CURVE('',#2861,#7210,#10951,.T.);
#10951 = SEAM_CURVE('',#10952,(#10956,#10963),.PCURVE_S1.);
#10952 = LINE('',#10953,#10954);
#10953 = CARTESIAN_POINT('',(103.25,204.5,3.));
#10954 = VECTOR('',#10955,1.);
#10955 = DIRECTION('',(0.,0.,-1.));
#10956 = PCURVE('',#2881,#10957);
#10957 = DEFINITIONAL_REPRESENTATION('',(#10958),#10962);
#10958 = LINE('',#10959,#10960);
#10959 = CARTESIAN_POINT('',(6.28318530718,-0.));
#10960 = VECTOR('',#10961,1.);
#10961 = DIRECTION('',(0.,1.));
#10962 = ( GEOMETRIC_REPRESENTATION_CONTEXT(2) 
PARAMETRIC_REPRESENTATION_CONTEXT() REPRESENTATION_CONTEXT('2D SPACE',''
  ) );
#10963 = PCURVE('',#2881,#10964);
#10964 = DEFINITIONAL_REPRESENTATION('',(#10965),#10969);
#10965 = LINE('',#10966,#10967);
#10966 = CARTESIAN_POINT('',(0.,-0.));
#10967 = VECTOR('',#10968,1.);
#10968 = DIRECTION('',(0.,1.));
#10969 = ( GEOMETRIC_REPRESENTATION_CONTEXT(2) 
PARAMETRIC_REPRESENTATION_CONTEXT() REPRESENTATION_CONTEXT('2D SPACE',''
  ) );
#10970 = ORIENTED_EDGE('',*,*,#2860,.T.);
#10971 = ORIENTED_EDGE('',*,*,#10950,.T.);
#10972 = ADVANCED_FACE('',(#10973),#2916,.F.);
#10973 = FACE_BOUND('',#10974,.F.);
#10974 = EDGE_LOOP('',(#10975,#10976,#10997,#10998));
#10975 = ORIENTED_EDGE('',*,*,#7239,.F.);
#10976 = ORIENTED_EDGE('',*,*,#10977,.F.);
#10977 = EDGE_CURVE('',#2896,#7240,#10978,.T.);
#10978 = SEAM_CURVE('',#10979,(#10983,#10990),.PCURVE_S1.);
#10979 = LINE('',#10980,#10981);
#10980 = CARTESIAN_POINT('',(144.25,245.5,3.));
#10981 = VECTOR('',#10982,1.);
#10982 = DIRECTION('',(0.,0.,-1.));
#10983 = PCURVE('',#2916,#10984);
#10984 = DEFINITIONAL_REPRESENTATION('',(#10985),#10989);
#10985 = LINE('',#10986,#10987);
#10986 = CARTESIAN_POINT('',(6.28318530718,-0.));
#10987 = VECTOR('',#10988,1.);
#10988 = DIRECTION('',(0.,1.));
#10989 = ( GEOMETRIC_REPRESENTATION_CONTEXT(2) 
PARAMETRIC_REPRESENTATION_CONTEXT() REPRESENTATION_CONTEXT('2D SPACE',''
  ) );
#10990 = PCURVE('',#2916,#10991);
#10991 = DEFINITIONAL_REPRESENTATION('',(#10992),#10996);
#10992 = LINE('',#10993,#10994);
#10993 = CARTESIAN_POINT('',(0.,-0.));
#10994 = VECTOR('',#10995,1.);
#10995 = DIRECTION('',(0.,1.));
#10996 = ( GEOMETRIC_REPRESENTATION_CONTEXT(2) 
PARAMETRIC_REPRESENTATION_CONTEXT() REPRESENTATION_CONTEXT('2D SPACE',''
  ) );
#10997 = ORIENTED_EDGE('',*,*,#2895,.T.);
#10998 = ORIENTED_EDGE('',*,*,#10977,.T.);
#10999 = ADVANCED_FACE('',(#11000),#2951,.F.);
#11000 = FACE_BOUND('',#11001,.F.);
#11001 = EDGE_LOOP('',(#11002,#11003,#11024,#11025));
#11002 = ORIENTED_EDGE('',*,*,#7269,.F.);
#11003 = ORIENTED_EDGE('',*,*,#11004,.F.);
#11004 = EDGE_CURVE('',#2931,#7270,#11005,.T.);
#11005 = SEAM_CURVE('',#11006,(#11010,#11017),.PCURVE_S1.);
#11006 = LINE('',#11007,#11008);
#11007 = CARTESIAN_POINT('',(153.25,204.5,3.));
#11008 = VECTOR('',#11009,1.);
#11009 = DIRECTION('',(0.,0.,-1.));
#11010 = PCURVE('',#2951,#11011);
#11011 = DEFINITIONAL_REPRESENTATION('',(#11012),#11016);
#11012 = LINE('',#11013,#11014);
#11013 = CARTESIAN_POINT('',(6.28318530718,-0.));
#11014 = VECTOR('',#11015,1.);
#11015 = DIRECTION('',(0.,1.));
#11016 = ( GEOMETRIC_REPRESENTATION_CONTEXT(2) 
PARAMETRIC_REPRESENTATION_CONTEXT() REPRESENTATION_CONTEXT('2D SPACE',''
  ) );
#11017 = PCURVE('',#2951,#11018);
#11018 = DEFINITIONAL_REPRESENTATION('',(#11019),#11023);
#11019 = LINE('',#11020,#11021);
#11020 = CARTESIAN_POINT('',(0.,-0.));
#11021 = VECTOR('',#11022,1.);
#11022 = DIRECTION('',(0.,1.));
#11023 = ( GEOMETRIC_REPRESENTATION_CONTEXT(2) 
PARAMETRIC_REPRESENTATION_CONTEXT() REPRESENTATION_CONTEXT('2D SPACE',''
  ) );
#11024 = ORIENTED_EDGE('',*,*,#2930,.T.);
#11025 = ORIENTED_EDGE('',*,*,#11004,.T.);
#11026 = ADVANCED_FACE('',(#11027),#2986,.F.);
#11027 = FACE_BOUND('',#11028,.F.);
#11028 = EDGE_LOOP('',(#11029,#11030,#11051,#11052));
#11029 = ORIENTED_EDGE('',*,*,#7299,.F.);
#11030 = ORIENTED_EDGE('',*,*,#11031,.F.);
#11031 = EDGE_CURVE('',#2966,#7300,#11032,.T.);
#11032 = SEAM_CURVE('',#11033,(#11037,#11044),.PCURVE_S1.);
#11033 = LINE('',#11034,#11035);
#11034 = CARTESIAN_POINT('',(194.25,245.5,3.));
#11035 = VECTOR('',#11036,1.);
#11036 = DIRECTION('',(0.,0.,-1.));
#11037 = PCURVE('',#2986,#11038);
#11038 = DEFINITIONAL_REPRESENTATION('',(#11039),#11043);
#11039 = LINE('',#11040,#11041);
#11040 = CARTESIAN_POINT('',(6.28318530718,-0.));
#11041 = VECTOR('',#11042,1.);
#11042 = DIRECTION('',(0.,1.));
#11043 = ( GEOMETRIC_REPRESENTATION_CONTEXT(2) 
PARAMETRIC_REPRESENTATION_CONTEXT() REPRESENTATION_CONTEXT('2D SPACE',''
  ) );
#11044 = PCURVE('',#2986,#11045);
#11045 = DEFINITIONAL_REPRESENTATION('',(#11046),#11050);
#11046 = LINE('',#11047,#11048);
#11047 = CARTESIAN_POINT('',(0.,-0.));
#11048 = VECTOR('',#11049,1.);
#11049 = DIRECTION('',(0.,1.));
#11050 = ( GEOMETRIC_REPRESENTATION_CONTEXT(2) 
PARAMETRIC_REPRESENTATION_CONTEXT() REPRESENTATION_CONTEXT('2D SPACE',''
  ) );
#11051 = ORIENTED_EDGE('',*,*,#2965,.T.);
#11052 = ORIENTED_EDGE('',*,*,#11031,.T.);
#11053 = ADVANCED_FACE('',(#11054),#3021,.F.);
#11054 = FACE_BOUND('',#11055,.F.);
#11055 = EDGE_LOOP('',(#11056,#11057,#11078,#11079));
#11056 = ORIENTED_EDGE('',*,*,#7329,.F.);
#11057 = ORIENTED_EDGE('',*,*,#11058,.F.);
#11058 = EDGE_CURVE('',#3001,#7330,#11059,.T.);
#11059 = SEAM_CURVE('',#11060,(#11064,#11071),.PCURVE_S1.);
#11060 = LINE('',#11061,#11062);
#11061 = CARTESIAN_POINT('',(103.25,254.5,3.));
#11062 = VECTOR('',#11063,1.);
#11063 = DIRECTION('',(0.,0.,-1.));
#11064 = PCURVE('',#3021,#11065);
#11065 = DEFINITIONAL_REPRESENTATION('',(#11066),#11070);
#11066 = LINE('',#11067,#11068);
#11067 = CARTESIAN_POINT('',(6.28318530718,-0.));
#11068 = VECTOR('',#11069,1.);
#11069 = DIRECTION('',(0.,1.));
#11070 = ( GEOMETRIC_REPRESENTATION_CONTEXT(2) 
PARAMETRIC_REPRESENTATION_CONTEXT() REPRESENTATION_CONTEXT('2D SPACE',''
  ) );
#11071 = PCURVE('',#3021,#11072);
#11072 = DEFINITIONAL_REPRESENTATION('',(#11073),#11077);
#11073 = LINE('',#11074,#11075);
#11074 = CARTESIAN_POINT('',(0.,-0.));
#11075 = VECTOR('',#11076,1.);
#11076 = DIRECTION('',(0.,1.));
#11077 = ( GEOMETRIC_REPRESENTATION_CONTEXT(2) 
PARAMETRIC_REPRESENTATION_CONTEXT() REPRESENTATION_CONTEXT('2D SPACE',''
  ) );
#11078 = ORIENTED_EDGE('',*,*,#3000,.T.);
#11079 = ORIENTED_EDGE('',*,*,#11058,.T.);
#11080 = ADVANCED_FACE('',(#11081),#3056,.F.);
#11081 = FACE_BOUND('',#11082,.F.);
#11082 = EDGE_LOOP('',(#11083,#11084,#11105,#11106));
#11083 = ORIENTED_EDGE('',*,*,#7359,.F.);
#11084 = ORIENTED_EDGE('',*,*,#11085,.F.);
#11085 = EDGE_CURVE('',#3036,#7360,#11086,.T.);
#11086 = SEAM_CURVE('',#11087,(#11091,#11098),.PCURVE_S1.);
#11087 = LINE('',#11088,#11089);
#11088 = CARTESIAN_POINT('',(144.25,295.5,3.));
#11089 = VECTOR('',#11090,1.);
#11090 = DIRECTION('',(0.,0.,-1.));
#11091 = PCURVE('',#3056,#11092);
#11092 = DEFINITIONAL_REPRESENTATION('',(#11093),#11097);
#11093 = LINE('',#11094,#11095);
#11094 = CARTESIAN_POINT('',(6.28318530718,-0.));
#11095 = VECTOR('',#11096,1.);
#11096 = DIRECTION('',(0.,1.));
#11097 = ( GEOMETRIC_REPRESENTATION_CONTEXT(2) 
PARAMETRIC_REPRESENTATION_CONTEXT() REPRESENTATION_CONTEXT('2D SPACE',''
  ) );
#11098 = PCURVE('',#3056,#11099);
#11099 = DEFINITIONAL_REPRESENTATION('',(#11100),#11104);
#11100 = LINE('',#11101,#11102);
#11101 = CARTESIAN_POINT('',(0.,-0.));
#11102 = VECTOR('',#11103,1.);
#11103 = DIRECTION('',(0.,1.));
#11104 = ( GEOMETRIC_REPRESENTATION_CONTEXT(2) 
PARAMETRIC_REPRESENTATION_CONTEXT() REPRESENTATION_CONTEXT('2D SPACE',''
  ) );
#11105 = ORIENTED_EDGE('',*,*,#3035,.T.);
#11106 = ORIENTED_EDGE('',*,*,#11085,.T.);
#11107 = ADVANCED_FACE('',(#11108),#3091,.F.);
#11108 = FACE_BOUND('',#11109,.F.);
#11109 = EDGE_LOOP('',(#11110,#11111,#11132,#11133));
#11110 = ORIENTED_EDGE('',*,*,#7389,.F.);
#11111 = ORIENTED_EDGE('',*,*,#11112,.F.);
#11112 = EDGE_CURVE('',#3071,#7390,#11113,.T.);
#11113 = SEAM_CURVE('',#11114,(#11118,#11125),.PCURVE_S1.);
#11114 = LINE('',#11115,#11116);
#11115 = CARTESIAN_POINT('',(153.25,254.5,3.));
#11116 = VECTOR('',#11117,1.);
#11117 = DIRECTION('',(0.,0.,-1.));
#11118 = PCURVE('',#3091,#11119);
#11119 = DEFINITIONAL_REPRESENTATION('',(#11120),#11124);
#11120 = LINE('',#11121,#11122);
#11121 = CARTESIAN_POINT('',(6.28318530718,-0.));
#11122 = VECTOR('',#11123,1.);
#11123 = DIRECTION('',(0.,1.));
#11124 = ( GEOMETRIC_REPRESENTATION_CONTEXT(2) 
PARAMETRIC_REPRESENTATION_CONTEXT() REPRESENTATION_CONTEXT('2D SPACE',''
  ) );
#11125 = PCURVE('',#3091,#11126);
#11126 = DEFINITIONAL_REPRESENTATION('',(#11127),#11131);
#11127 = LINE('',#11128,#11129);
#11128 = CARTESIAN_POINT('',(0.,-0.));
#11129 = VECTOR('',#11130,1.);
#11130 = DIRECTION('',(0.,1.));
#11131 = ( GEOMETRIC_REPRESENTATION_CONTEXT(2) 
PARAMETRIC_REPRESENTATION_CONTEXT() REPRESENTATION_CONTEXT('2D SPACE',''
  ) );
#11132 = ORIENTED_EDGE('',*,*,#3070,.T.);
#11133 = ORIENTED_EDGE('',*,*,#11112,.T.);
#11134 = ADVANCED_FACE('',(#11135),#3126,.F.);
#11135 = FACE_BOUND('',#11136,.F.);
#11136 = EDGE_LOOP('',(#11137,#11138,#11159,#11160));
#11137 = ORIENTED_EDGE('',*,*,#7419,.F.);
#11138 = ORIENTED_EDGE('',*,*,#11139,.F.);
#11139 = EDGE_CURVE('',#3106,#7420,#11140,.T.);
#11140 = SEAM_CURVE('',#11141,(#11145,#11152),.PCURVE_S1.);
#11141 = LINE('',#11142,#11143);
#11142 = CARTESIAN_POINT('',(194.25,295.5,3.));
#11143 = VECTOR('',#11144,1.);
#11144 = DIRECTION('',(0.,0.,-1.));
#11145 = PCURVE('',#3126,#11146);
#11146 = DEFINITIONAL_REPRESENTATION('',(#11147),#11151);
#11147 = LINE('',#11148,#11149);
#11148 = CARTESIAN_POINT('',(6.28318530718,-0.));
#11149 = VECTOR('',#11150,1.);
#11150 = DIRECTION('',(0.,1.));
#11151 = ( GEOMETRIC_REPRESENTATION_CONTEXT(2) 
PARAMETRIC_REPRESENTATION_CONTEXT() REPRESENTATION_CONTEXT('2D SPACE',''
  ) );
#11152 = PCURVE('',#3126,#11153);
#11153 = DEFINITIONAL_REPRESENTATION('',(#11154),#11158);
#11154 = LINE('',#11155,#11156);
#11155 = CARTESIAN_POINT('',(0.,-0.));
#11156 = VECTOR('',#11157,1.);
#11157 = DIRECTION('',(0.,1.));
#11158 = ( GEOMETRIC_REPRESENTATION_CONTEXT(2) 
PARAMETRIC_REPRESENTATION_CONTEXT() REPRESENTATION_CONTEXT('2D SPACE',''
  ) );
#11159 = ORIENTED_EDGE('',*,*,#3105,.T.);
#11160 = ORIENTED_EDGE('',*,*,#11139,.T.);
#11161 = ADVANCED_FACE('',(#11162),#3161,.F.);
#11162 = FACE_BOUND('',#11163,.F.);
#11163 = EDGE_LOOP('',(#11164,#11165,#11186,#11187));
#11164 = ORIENTED_EDGE('',*,*,#7449,.F.);
#11165 = ORIENTED_EDGE('',*,*,#11166,.F.);
#11166 = EDGE_CURVE('',#3141,#7450,#11167,.T.);
#11167 = SEAM_CURVE('',#11168,(#11172,#11179),.PCURVE_S1.);
#11168 = LINE('',#11169,#11170);
#11169 = CARTESIAN_POINT('',(3.25,304.5,3.));
#11170 = VECTOR('',#11171,1.);
#11171 = DIRECTION('',(0.,0.,-1.));
#11172 = PCURVE('',#3161,#11173);
#11173 = DEFINITIONAL_REPRESENTATION('',(#11174),#11178);
#11174 = LINE('',#11175,#11176);
#11175 = CARTESIAN_POINT('',(6.28318530718,-0.));
#11176 = VECTOR('',#11177,1.);
#11177 = DIRECTION('',(0.,1.));
#11178 = ( GEOMETRIC_REPRESENTATION_CONTEXT(2) 
PARAMETRIC_REPRESENTATION_CONTEXT() REPRESENTATION_CONTEXT('2D SPACE',''
  ) );
#11179 = PCURVE('',#3161,#11180);
#11180 = DEFINITIONAL_REPRESENTATION('',(#11181),#11185);
#11181 = LINE('',#11182,#11183);
#11182 = CARTESIAN_POINT('',(0.,-0.));
#11183 = VECTOR('',#11184,1.);
#11184 = DIRECTION('',(0.,1.));
#11185 = ( GEOMETRIC_REPRESENTATION_CONTEXT(2) 
PARAMETRIC_REPRESENTATION_CONTEXT() REPRESENTATION_CONTEXT('2D SPACE',''
  ) );
#11186 = ORIENTED_EDGE('',*,*,#3140,.T.);
#11187 = ORIENTED_EDGE('',*,*,#11166,.T.);
#11188 = ADVANCED_FACE('',(#11189),#3196,.F.);
#11189 = FACE_BOUND('',#11190,.F.);
#11190 = EDGE_LOOP('',(#11191,#11192,#11213,#11214));
#11191 = ORIENTED_EDGE('',*,*,#7479,.F.);
#11192 = ORIENTED_EDGE('',*,*,#11193,.F.);
#11193 = EDGE_CURVE('',#3176,#7480,#11194,.T.);
#11194 = SEAM_CURVE('',#11195,(#11199,#11206),.PCURVE_S1.);
#11195 = LINE('',#11196,#11197);
#11196 = CARTESIAN_POINT('',(44.25,345.5,3.));
#11197 = VECTOR('',#11198,1.);
#11198 = DIRECTION('',(0.,0.,-1.));
#11199 = PCURVE('',#3196,#11200);
#11200 = DEFINITIONAL_REPRESENTATION('',(#11201),#11205);
#11201 = LINE('',#11202,#11203);
#11202 = CARTESIAN_POINT('',(6.28318530718,-0.));
#11203 = VECTOR('',#11204,1.);
#11204 = DIRECTION('',(0.,1.));
#11205 = ( GEOMETRIC_REPRESENTATION_CONTEXT(2) 
PARAMETRIC_REPRESENTATION_CONTEXT() REPRESENTATION_CONTEXT('2D SPACE',''
  ) );
#11206 = PCURVE('',#3196,#11207);
#11207 = DEFINITIONAL_REPRESENTATION('',(#11208),#11212);
#11208 = LINE('',#11209,#11210);
#11209 = CARTESIAN_POINT('',(0.,-0.));
#11210 = VECTOR('',#11211,1.);
#11211 = DIRECTION('',(0.,1.));
#11212 = ( GEOMETRIC_REPRESENTATION_CONTEXT(2) 
PARAMETRIC_REPRESENTATION_CONTEXT() REPRESENTATION_CONTEXT('2D SPACE',''
  ) );
#11213 = ORIENTED_EDGE('',*,*,#3175,.T.);
#11214 = ORIENTED_EDGE('',*,*,#11193,.T.);
#11215 = ADVANCED_FACE('',(#11216),#3231,.F.);
#11216 = FACE_BOUND('',#11217,.F.);
#11217 = EDGE_LOOP('',(#11218,#11219,#11240,#11241));
#11218 = ORIENTED_EDGE('',*,*,#7509,.F.);
#11219 = ORIENTED_EDGE('',*,*,#11220,.F.);
#11220 = EDGE_CURVE('',#3211,#7510,#11221,.T.);
#11221 = SEAM_CURVE('',#11222,(#11226,#11233),.PCURVE_S1.);
#11222 = LINE('',#11223,#11224);
#11223 = CARTESIAN_POINT('',(53.25,304.5,3.));
#11224 = VECTOR('',#11225,1.);
#11225 = DIRECTION('',(0.,0.,-1.));
#11226 = PCURVE('',#3231,#11227);
#11227 = DEFINITIONAL_REPRESENTATION('',(#11228),#11232);
#11228 = LINE('',#11229,#11230);
#11229 = CARTESIAN_POINT('',(6.28318530718,-0.));
#11230 = VECTOR('',#11231,1.);
#11231 = DIRECTION('',(0.,1.));
#11232 = ( GEOMETRIC_REPRESENTATION_CONTEXT(2) 
PARAMETRIC_REPRESENTATION_CONTEXT() REPRESENTATION_CONTEXT('2D SPACE',''
  ) );
#11233 = PCURVE('',#3231,#11234);
#11234 = DEFINITIONAL_REPRESENTATION('',(#11235),#11239);
#11235 = LINE('',#11236,#11237);
#11236 = CARTESIAN_POINT('',(0.,-0.));
#11237 = VECTOR('',#11238,1.);
#11238 = DIRECTION('',(0.,1.));
#11239 = ( GEOMETRIC_REPRESENTATION_CONTEXT(2) 
PARAMETRIC_REPRESENTATION_CONTEXT() REPRESENTATION_CONTEXT('2D SPACE',''
  ) );
#11240 = ORIENTED_EDGE('',*,*,#3210,.T.);
#11241 = ORIENTED_EDGE('',*,*,#11220,.T.);
#11242 = ADVANCED_FACE('',(#11243),#3266,.F.);
#11243 = FACE_BOUND('',#11244,.F.);
#11244 = EDGE_LOOP('',(#11245,#11246,#11267,#11268));
#11245 = ORIENTED_EDGE('',*,*,#7539,.F.);
#11246 = ORIENTED_EDGE('',*,*,#11247,.F.);
#11247 = EDGE_CURVE('',#3246,#7540,#11248,.T.);
#11248 = SEAM_CURVE('',#11249,(#11253,#11260),.PCURVE_S1.);
#11249 = LINE('',#11250,#11251);
#11250 = CARTESIAN_POINT('',(94.25,345.5,3.));
#11251 = VECTOR('',#11252,1.);
#11252 = DIRECTION('',(0.,0.,-1.));
#11253 = PCURVE('',#3266,#11254);
#11254 = DEFINITIONAL_REPRESENTATION('',(#11255),#11259);
#11255 = LINE('',#11256,#11257);
#11256 = CARTESIAN_POINT('',(6.28318530718,-0.));
#11257 = VECTOR('',#11258,1.);
#11258 = DIRECTION('',(0.,1.));
#11259 = ( GEOMETRIC_REPRESENTATION_CONTEXT(2) 
PARAMETRIC_REPRESENTATION_CONTEXT() REPRESENTATION_CONTEXT('2D SPACE',''
  ) );
#11260 = PCURVE('',#3266,#11261);
#11261 = DEFINITIONAL_REPRESENTATION('',(#11262),#11266);
#11262 = LINE('',#11263,#11264);
#11263 = CARTESIAN_POINT('',(0.,-0.));
#11264 = VECTOR('',#11265,1.);
#11265 = DIRECTION('',(0.,1.));
#11266 = ( GEOMETRIC_REPRESENTATION_CONTEXT(2) 
PARAMETRIC_REPRESENTATION_CONTEXT() REPRESENTATION_CONTEXT('2D SPACE',''
  ) );
#11267 = ORIENTED_EDGE('',*,*,#3245,.T.);
#11268 = ORIENTED_EDGE('',*,*,#11247,.T.);
#11269 = ADVANCED_FACE('',(#11270),#3301,.F.);
#11270 = FACE_BOUND('',#11271,.F.);
#11271 = EDGE_LOOP('',(#11272,#11273,#11294,#11295));
#11272 = ORIENTED_EDGE('',*,*,#7569,.F.);
#11273 = ORIENTED_EDGE('',*,*,#11274,.F.);
#11274 = EDGE_CURVE('',#3281,#7570,#11275,.T.);
#11275 = SEAM_CURVE('',#11276,(#11280,#11287),.PCURVE_S1.);
#11276 = LINE('',#11277,#11278);
#11277 = CARTESIAN_POINT('',(3.25,354.5,3.));
#11278 = VECTOR('',#11279,1.);
#11279 = DIRECTION('',(0.,0.,-1.));
#11280 = PCURVE('',#3301,#11281);
#11281 = DEFINITIONAL_REPRESENTATION('',(#11282),#11286);
#11282 = LINE('',#11283,#11284);
#11283 = CARTESIAN_POINT('',(6.28318530718,-0.));
#11284 = VECTOR('',#11285,1.);
#11285 = DIRECTION('',(0.,1.));
#11286 = ( GEOMETRIC_REPRESENTATION_CONTEXT(2) 
PARAMETRIC_REPRESENTATION_CONTEXT() REPRESENTATION_CONTEXT('2D SPACE',''
  ) );
#11287 = PCURVE('',#3301,#11288);
#11288 = DEFINITIONAL_REPRESENTATION('',(#11289),#11293);
#11289 = LINE('',#11290,#11291);
#11290 = CARTESIAN_POINT('',(0.,-0.));
#11291 = VECTOR('',#11292,1.);
#11292 = DIRECTION('',(0.,1.));
#11293 = ( GEOMETRIC_REPRESENTATION_CONTEXT(2) 
PARAMETRIC_REPRESENTATION_CONTEXT() REPRESENTATION_CONTEXT('2D SPACE',''
  ) );
#11294 = ORIENTED_EDGE('',*,*,#3280,.T.);
#11295 = ORIENTED_EDGE('',*,*,#11274,.T.);
#11296 = ADVANCED_FACE('',(#11297),#3336,.F.);
#11297 = FACE_BOUND('',#11298,.F.);
#11298 = EDGE_LOOP('',(#11299,#11300,#11321,#11322));
#11299 = ORIENTED_EDGE('',*,*,#7599,.F.);
#11300 = ORIENTED_EDGE('',*,*,#11301,.F.);
#11301 = EDGE_CURVE('',#3316,#7600,#11302,.T.);
#11302 = SEAM_CURVE('',#11303,(#11307,#11314),.PCURVE_S1.);
#11303 = LINE('',#11304,#11305);
#11304 = CARTESIAN_POINT('',(44.25,395.5,3.));
#11305 = VECTOR('',#11306,1.);
#11306 = DIRECTION('',(0.,0.,-1.));
#11307 = PCURVE('',#3336,#11308);
#11308 = DEFINITIONAL_REPRESENTATION('',(#11309),#11313);
#11309 = LINE('',#11310,#11311);
#11310 = CARTESIAN_POINT('',(6.28318530718,-0.));
#11311 = VECTOR('',#11312,1.);
#11312 = DIRECTION('',(0.,1.));
#11313 = ( GEOMETRIC_REPRESENTATION_CONTEXT(2) 
PARAMETRIC_REPRESENTATION_CONTEXT() REPRESENTATION_CONTEXT('2D SPACE',''
  ) );
#11314 = PCURVE('',#3336,#11315);
#11315 = DEFINITIONAL_REPRESENTATION('',(#11316),#11320);
#11316 = LINE('',#11317,#11318);
#11317 = CARTESIAN_POINT('',(0.,-0.));
#11318 = VECTOR('',#11319,1.);
#11319 = DIRECTION('',(0.,1.));
#11320 = ( GEOMETRIC_REPRESENTATION_CONTEXT(2) 
PARAMETRIC_REPRESENTATION_CONTEXT() REPRESENTATION_CONTEXT('2D SPACE',''
  ) );
#11321 = ORIENTED_EDGE('',*,*,#3315,.T.);
#11322 = ORIENTED_EDGE('',*,*,#11301,.T.);
#11323 = ADVANCED_FACE('',(#11324),#3371,.F.);
#11324 = FACE_BOUND('',#11325,.F.);
#11325 = EDGE_LOOP('',(#11326,#11327,#11348,#11349));
#11326 = ORIENTED_EDGE('',*,*,#7629,.F.);
#11327 = ORIENTED_EDGE('',*,*,#11328,.F.);
#11328 = EDGE_CURVE('',#3351,#7630,#11329,.T.);
#11329 = SEAM_CURVE('',#11330,(#11334,#11341),.PCURVE_S1.);
#11330 = LINE('',#11331,#11332);
#11331 = CARTESIAN_POINT('',(53.25,354.5,3.));
#11332 = VECTOR('',#11333,1.);
#11333 = DIRECTION('',(0.,0.,-1.));
#11334 = PCURVE('',#3371,#11335);
#11335 = DEFINITIONAL_REPRESENTATION('',(#11336),#11340);
#11336 = LINE('',#11337,#11338);
#11337 = CARTESIAN_POINT('',(6.28318530718,-0.));
#11338 = VECTOR('',#11339,1.);
#11339 = DIRECTION('',(0.,1.));
#11340 = ( GEOMETRIC_REPRESENTATION_CONTEXT(2) 
PARAMETRIC_REPRESENTATION_CONTEXT() REPRESENTATION_CONTEXT('2D SPACE',''
  ) );
#11341 = PCURVE('',#3371,#11342);
#11342 = DEFINITIONAL_REPRESENTATION('',(#11343),#11347);
#11343 = LINE('',#11344,#11345);
#11344 = CARTESIAN_POINT('',(0.,-0.));
#11345 = VECTOR('',#11346,1.);
#11346 = DIRECTION('',(0.,1.));
#11347 = ( GEOMETRIC_REPRESENTATION_CONTEXT(2) 
PARAMETRIC_REPRESENTATION_CONTEXT() REPRESENTATION_CONTEXT('2D SPACE',''
  ) );
#11348 = ORIENTED_EDGE('',*,*,#3350,.T.);
#11349 = ORIENTED_EDGE('',*,*,#11328,.T.);
#11350 = ADVANCED_FACE('',(#11351),#3406,.F.);
#11351 = FACE_BOUND('',#11352,.F.);
#11352 = EDGE_LOOP('',(#11353,#11354,#11375,#11376));
#11353 = ORIENTED_EDGE('',*,*,#7659,.F.);
#11354 = ORIENTED_EDGE('',*,*,#11355,.F.);
#11355 = EDGE_CURVE('',#3386,#7660,#11356,.T.);
#11356 = SEAM_CURVE('',#11357,(#11361,#11368),.PCURVE_S1.);
#11357 = LINE('',#11358,#11359);
#11358 = CARTESIAN_POINT('',(94.25,395.5,3.));
#11359 = VECTOR('',#11360,1.);
#11360 = DIRECTION('',(0.,0.,-1.));
#11361 = PCURVE('',#3406,#11362);
#11362 = DEFINITIONAL_REPRESENTATION('',(#11363),#11367);
#11363 = LINE('',#11364,#11365);
#11364 = CARTESIAN_POINT('',(6.28318530718,-0.));
#11365 = VECTOR('',#11366,1.);
#11366 = DIRECTION('',(0.,1.));
#11367 = ( GEOMETRIC_REPRESENTATION_CONTEXT(2) 
PARAMETRIC_REPRESENTATION_CONTEXT() REPRESENTATION_CONTEXT('2D SPACE',''
  ) );
#11368 = PCURVE('',#3406,#11369);
#11369 = DEFINITIONAL_REPRESENTATION('',(#11370),#11374);
#11370 = LINE('',#11371,#11372);
#11371 = CARTESIAN_POINT('',(0.,-0.));
#11372 = VECTOR('',#11373,1.);
#11373 = DIRECTION('',(0.,1.));
#11374 = ( GEOMETRIC_REPRESENTATION_CONTEXT(2) 
PARAMETRIC_REPRESENTATION_CONTEXT() REPRESENTATION_CONTEXT('2D SPACE',''
  ) );
#11375 = ORIENTED_EDGE('',*,*,#3385,.T.);
#11376 = ORIENTED_EDGE('',*,*,#11355,.T.);
#11377 = ADVANCED_FACE('',(#11378),#3441,.F.);
#11378 = FACE_BOUND('',#11379,.F.);
#11379 = EDGE_LOOP('',(#11380,#11381,#11402,#11403));
#11380 = ORIENTED_EDGE('',*,*,#7689,.F.);
#11381 = ORIENTED_EDGE('',*,*,#11382,.F.);
#11382 = EDGE_CURVE('',#3421,#7690,#11383,.T.);
#11383 = SEAM_CURVE('',#11384,(#11388,#11395),.PCURVE_S1.);
#11384 = LINE('',#11385,#11386);
#11385 = CARTESIAN_POINT('',(103.25,304.5,3.));
#11386 = VECTOR('',#11387,1.);
#11387 = DIRECTION('',(0.,0.,-1.));
#11388 = PCURVE('',#3441,#11389);
#11389 = DEFINITIONAL_REPRESENTATION('',(#11390),#11394);
#11390 = LINE('',#11391,#11392);
#11391 = CARTESIAN_POINT('',(6.28318530718,-0.));
#11392 = VECTOR('',#11393,1.);
#11393 = DIRECTION('',(0.,1.));
#11394 = ( GEOMETRIC_REPRESENTATION_CONTEXT(2) 
PARAMETRIC_REPRESENTATION_CONTEXT() REPRESENTATION_CONTEXT('2D SPACE',''
  ) );
#11395 = PCURVE('',#3441,#11396);
#11396 = DEFINITIONAL_REPRESENTATION('',(#11397),#11401);
#11397 = LINE('',#11398,#11399);
#11398 = CARTESIAN_POINT('',(0.,-0.));
#11399 = VECTOR('',#11400,1.);
#11400 = DIRECTION('',(0.,1.));
#11401 = ( GEOMETRIC_REPRESENTATION_CONTEXT(2) 
PARAMETRIC_REPRESENTATION_CONTEXT() REPRESENTATION_CONTEXT('2D SPACE',''
  ) );
#11402 = ORIENTED_EDGE('',*,*,#3420,.T.);
#11403 = ORIENTED_EDGE('',*,*,#11382,.T.);
#11404 = ADVANCED_FACE('',(#11405),#3476,.F.);
#11405 = FACE_BOUND('',#11406,.F.);
#11406 = EDGE_LOOP('',(#11407,#11408,#11429,#11430));
#11407 = ORIENTED_EDGE('',*,*,#7719,.F.);
#11408 = ORIENTED_EDGE('',*,*,#11409,.F.);
#11409 = EDGE_CURVE('',#3456,#7720,#11410,.T.);
#11410 = SEAM_CURVE('',#11411,(#11415,#11422),.PCURVE_S1.);
#11411 = LINE('',#11412,#11413);
#11412 = CARTESIAN_POINT('',(144.25,345.5,3.));
#11413 = VECTOR('',#11414,1.);
#11414 = DIRECTION('',(0.,0.,-1.));
#11415 = PCURVE('',#3476,#11416);
#11416 = DEFINITIONAL_REPRESENTATION('',(#11417),#11421);
#11417 = LINE('',#11418,#11419);
#11418 = CARTESIAN_POINT('',(6.28318530718,-0.));
#11419 = VECTOR('',#11420,1.);
#11420 = DIRECTION('',(0.,1.));
#11421 = ( GEOMETRIC_REPRESENTATION_CONTEXT(2) 
PARAMETRIC_REPRESENTATION_CONTEXT() REPRESENTATION_CONTEXT('2D SPACE',''
  ) );
#11422 = PCURVE('',#3476,#11423);
#11423 = DEFINITIONAL_REPRESENTATION('',(#11424),#11428);
#11424 = LINE('',#11425,#11426);
#11425 = CARTESIAN_POINT('',(0.,-0.));
#11426 = VECTOR('',#11427,1.);
#11427 = DIRECTION('',(0.,1.));
#11428 = ( GEOMETRIC_REPRESENTATION_CONTEXT(2) 
PARAMETRIC_REPRESENTATION_CONTEXT() REPRESENTATION_CONTEXT('2D SPACE',''
  ) );
#11429 = ORIENTED_EDGE('',*,*,#3455,.T.);
#11430 = ORIENTED_EDGE('',*,*,#11409,.T.);
#11431 = ADVANCED_FACE('',(#11432),#3511,.F.);
#11432 = FACE_BOUND('',#11433,.F.);
#11433 = EDGE_LOOP('',(#11434,#11435,#11456,#11457));
#11434 = ORIENTED_EDGE('',*,*,#7749,.F.);
#11435 = ORIENTED_EDGE('',*,*,#11436,.F.);
#11436 = EDGE_CURVE('',#3491,#7750,#11437,.T.);
#11437 = SEAM_CURVE('',#11438,(#11442,#11449),.PCURVE_S1.);
#11438 = LINE('',#11439,#11440);
#11439 = CARTESIAN_POINT('',(153.25,304.5,3.));
#11440 = VECTOR('',#11441,1.);
#11441 = DIRECTION('',(0.,0.,-1.));
#11442 = PCURVE('',#3511,#11443);
#11443 = DEFINITIONAL_REPRESENTATION('',(#11444),#11448);
#11444 = LINE('',#11445,#11446);
#11445 = CARTESIAN_POINT('',(6.28318530718,-0.));
#11446 = VECTOR('',#11447,1.);
#11447 = DIRECTION('',(0.,1.));
#11448 = ( GEOMETRIC_REPRESENTATION_CONTEXT(2) 
PARAMETRIC_REPRESENTATION_CONTEXT() REPRESENTATION_CONTEXT('2D SPACE',''
  ) );
#11449 = PCURVE('',#3511,#11450);
#11450 = DEFINITIONAL_REPRESENTATION('',(#11451),#11455);
#11451 = LINE('',#11452,#11453);
#11452 = CARTESIAN_POINT('',(0.,-0.));
#11453 = VECTOR('',#11454,1.);
#11454 = DIRECTION('',(0.,1.));
#11455 = ( GEOMETRIC_REPRESENTATION_CONTEXT(2) 
PARAMETRIC_REPRESENTATION_CONTEXT() REPRESENTATION_CONTEXT('2D SPACE',''
  ) );
#11456 = ORIENTED_EDGE('',*,*,#3490,.T.);
#11457 = ORIENTED_EDGE('',*,*,#11436,.T.);
#11458 = ADVANCED_FACE('',(#11459),#3546,.F.);
#11459 = FACE_BOUND('',#11460,.F.);
#11460 = EDGE_LOOP('',(#11461,#11462,#11483,#11484));
#11461 = ORIENTED_EDGE('',*,*,#7779,.F.);
#11462 = ORIENTED_EDGE('',*,*,#11463,.F.);
#11463 = EDGE_CURVE('',#3526,#7780,#11464,.T.);
#11464 = SEAM_CURVE('',#11465,(#11469,#11476),.PCURVE_S1.);
#11465 = LINE('',#11466,#11467);
#11466 = CARTESIAN_POINT('',(194.25,345.5,3.));
#11467 = VECTOR('',#11468,1.);
#11468 = DIRECTION('',(0.,0.,-1.));
#11469 = PCURVE('',#3546,#11470);
#11470 = DEFINITIONAL_REPRESENTATION('',(#11471),#11475);
#11471 = LINE('',#11472,#11473);
#11472 = CARTESIAN_POINT('',(6.28318530718,-0.));
#11473 = VECTOR('',#11474,1.);
#11474 = DIRECTION('',(0.,1.));
#11475 = ( GEOMETRIC_REPRESENTATION_CONTEXT(2) 
PARAMETRIC_REPRESENTATION_CONTEXT() REPRESENTATION_CONTEXT('2D SPACE',''
  ) );
#11476 = PCURVE('',#3546,#11477);
#11477 = DEFINITIONAL_REPRESENTATION('',(#11478),#11482);
#11478 = LINE('',#11479,#11480);
#11479 = CARTESIAN_POINT('',(0.,-0.));
#11480 = VECTOR('',#11481,1.);
#11481 = DIRECTION('',(0.,1.));
#11482 = ( GEOMETRIC_REPRESENTATION_CONTEXT(2) 
PARAMETRIC_REPRESENTATION_CONTEXT() REPRESENTATION_CONTEXT('2D SPACE',''
  ) );
#11483 = ORIENTED_EDGE('',*,*,#3525,.T.);
#11484 = ORIENTED_EDGE('',*,*,#11463,.T.);
#11485 = ADVANCED_FACE('',(#11486),#3581,.F.);
#11486 = FACE_BOUND('',#11487,.F.);
#11487 = EDGE_LOOP('',(#11488,#11489,#11510,#11511));
#11488 = ORIENTED_EDGE('',*,*,#7809,.F.);
#11489 = ORIENTED_EDGE('',*,*,#11490,.F.);
#11490 = EDGE_CURVE('',#3561,#7810,#11491,.T.);
#11491 = SEAM_CURVE('',#11492,(#11496,#11503),.PCURVE_S1.);
#11492 = LINE('',#11493,#11494);
#11493 = CARTESIAN_POINT('',(103.25,354.5,3.));
#11494 = VECTOR('',#11495,1.);
#11495 = DIRECTION('',(0.,0.,-1.));
#11496 = PCURVE('',#3581,#11497);
#11497 = DEFINITIONAL_REPRESENTATION('',(#11498),#11502);
#11498 = LINE('',#11499,#11500);
#11499 = CARTESIAN_POINT('',(6.28318530718,-0.));
#11500 = VECTOR('',#11501,1.);
#11501 = DIRECTION('',(0.,1.));
#11502 = ( GEOMETRIC_REPRESENTATION_CONTEXT(2) 
PARAMETRIC_REPRESENTATION_CONTEXT() REPRESENTATION_CONTEXT('2D SPACE',''
  ) );
#11503 = PCURVE('',#3581,#11504);
#11504 = DEFINITIONAL_REPRESENTATION('',(#11505),#11509);
#11505 = LINE('',#11506,#11507);
#11506 = CARTESIAN_POINT('',(0.,-0.));
#11507 = VECTOR('',#11508,1.);
#11508 = DIRECTION('',(0.,1.));
#11509 = ( GEOMETRIC_REPRESENTATION_CONTEXT(2) 
PARAMETRIC_REPRESENTATION_CONTEXT() REPRESENTATION_CONTEXT('2D SPACE',''
  ) );
#11510 = ORIENTED_EDGE('',*,*,#3560,.T.);
#11511 = ORIENTED_EDGE('',*,*,#11490,.T.);
#11512 = ADVANCED_FACE('',(#11513),#3616,.F.);
#11513 = FACE_BOUND('',#11514,.F.);
#11514 = EDGE_LOOP('',(#11515,#11516,#11537,#11538));
#11515 = ORIENTED_EDGE('',*,*,#7839,.F.);
#11516 = ORIENTED_EDGE('',*,*,#11517,.F.);
#11517 = EDGE_CURVE('',#3596,#7840,#11518,.T.);
#11518 = SEAM_CURVE('',#11519,(#11523,#11530),.PCURVE_S1.);
#11519 = LINE('',#11520,#11521);
#11520 = CARTESIAN_POINT('',(144.25,395.5,3.));
#11521 = VECTOR('',#11522,1.);
#11522 = DIRECTION('',(0.,0.,-1.));
#11523 = PCURVE('',#3616,#11524);
#11524 = DEFINITIONAL_REPRESENTATION('',(#11525),#11529);
#11525 = LINE('',#11526,#11527);
#11526 = CARTESIAN_POINT('',(6.28318530718,-0.));
#11527 = VECTOR('',#11528,1.);
#11528 = DIRECTION('',(0.,1.));
#11529 = ( GEOMETRIC_REPRESENTATION_CONTEXT(2) 
PARAMETRIC_REPRESENTATION_CONTEXT() REPRESENTATION_CONTEXT('2D SPACE',''
  ) );
#11530 = PCURVE('',#3616,#11531);
#11531 = DEFINITIONAL_REPRESENTATION('',(#11532),#11536);
#11532 = LINE('',#11533,#11534);
#11533 = CARTESIAN_POINT('',(0.,-0.));
#11534 = VECTOR('',#11535,1.);
#11535 = DIRECTION('',(0.,1.));
#11536 = ( GEOMETRIC_REPRESENTATION_CONTEXT(2) 
PARAMETRIC_REPRESENTATION_CONTEXT() REPRESENTATION_CONTEXT('2D SPACE',''
  ) );
#11537 = ORIENTED_EDGE('',*,*,#3595,.T.);
#11538 = ORIENTED_EDGE('',*,*,#11517,.T.);
#11539 = ADVANCED_FACE('',(#11540),#3651,.F.);
#11540 = FACE_BOUND('',#11541,.F.);
#11541 = EDGE_LOOP('',(#11542,#11543,#11564,#11565));
#11542 = ORIENTED_EDGE('',*,*,#7869,.F.);
#11543 = ORIENTED_EDGE('',*,*,#11544,.F.);
#11544 = EDGE_CURVE('',#3631,#7870,#11545,.T.);
#11545 = SEAM_CURVE('',#11546,(#11550,#11557),.PCURVE_S1.);
#11546 = LINE('',#11547,#11548);
#11547 = CARTESIAN_POINT('',(153.25,354.5,3.));
#11548 = VECTOR('',#11549,1.);
#11549 = DIRECTION('',(0.,0.,-1.));
#11550 = PCURVE('',#3651,#11551);
#11551 = DEFINITIONAL_REPRESENTATION('',(#11552),#11556);
#11552 = LINE('',#11553,#11554);
#11553 = CARTESIAN_POINT('',(6.28318530718,-0.));
#11554 = VECTOR('',#11555,1.);
#11555 = DIRECTION('',(0.,1.));
#11556 = ( GEOMETRIC_REPRESENTATION_CONTEXT(2) 
PARAMETRIC_REPRESENTATION_CONTEXT() REPRESENTATION_CONTEXT('2D SPACE',''
  ) );
#11557 = PCURVE('',#3651,#11558);
#11558 = DEFINITIONAL_REPRESENTATION('',(#11559),#11563);
#11559 = LINE('',#11560,#11561);
#11560 = CARTESIAN_POINT('',(0.,-0.));
#11561 = VECTOR('',#11562,1.);
#11562 = DIRECTION('',(0.,1.));
#11563 = ( GEOMETRIC_REPRESENTATION_CONTEXT(2) 
PARAMETRIC_REPRESENTATION_CONTEXT() REPRESENTATION_CONTEXT('2D SPACE',''
  ) );
#11564 = ORIENTED_EDGE('',*,*,#3630,.T.);
#11565 = ORIENTED_EDGE('',*,*,#11544,.T.);
#11566 = ADVANCED_FACE('',(#11567),#3686,.F.);
#11567 = FACE_BOUND('',#11568,.F.);
#11568 = EDGE_LOOP('',(#11569,#11570,#11591,#11592));
#11569 = ORIENTED_EDGE('',*,*,#7899,.F.);
#11570 = ORIENTED_EDGE('',*,*,#11571,.F.);
#11571 = EDGE_CURVE('',#3666,#7900,#11572,.T.);
#11572 = SEAM_CURVE('',#11573,(#11577,#11584),.PCURVE_S1.);
#11573 = LINE('',#11574,#11575);
#11574 = CARTESIAN_POINT('',(194.25,395.5,3.));
#11575 = VECTOR('',#11576,1.);
#11576 = DIRECTION('',(0.,0.,-1.));
#11577 = PCURVE('',#3686,#11578);
#11578 = DEFINITIONAL_REPRESENTATION('',(#11579),#11583);
#11579 = LINE('',#11580,#11581);
#11580 = CARTESIAN_POINT('',(6.28318530718,-0.));
#11581 = VECTOR('',#11582,1.);
#11582 = DIRECTION('',(0.,1.));
#11583 = ( GEOMETRIC_REPRESENTATION_CONTEXT(2) 
PARAMETRIC_REPRESENTATION_CONTEXT() REPRESENTATION_CONTEXT('2D SPACE',''
  ) );
#11584 = PCURVE('',#3686,#11585);
#11585 = DEFINITIONAL_REPRESENTATION('',(#11586),#11590);
#11586 = LINE('',#11587,#11588);
#11587 = CARTESIAN_POINT('',(0.,-0.));
#11588 = VECTOR('',#11589,1.);
#11589 = DIRECTION('',(0.,1.));
#11590 = ( GEOMETRIC_REPRESENTATION_CONTEXT(2) 
PARAMETRIC_REPRESENTATION_CONTEXT() REPRESENTATION_CONTEXT('2D SPACE',''
  ) );
#11591 = ORIENTED_EDGE('',*,*,#3665,.T.);
#11592 = ORIENTED_EDGE('',*,*,#11571,.T.);
#11593 = ADVANCED_FACE('',(#11594),#3721,.F.);
#11594 = FACE_BOUND('',#11595,.F.);
#11595 = EDGE_LOOP('',(#11596,#11597,#11618,#11619));
#11596 = ORIENTED_EDGE('',*,*,#7929,.F.);
#11597 = ORIENTED_EDGE('',*,*,#11598,.F.);
#11598 = EDGE_CURVE('',#3701,#7930,#11599,.T.);
#11599 = SEAM_CURVE('',#11600,(#11604,#11611),.PCURVE_S1.);
#11600 = LINE('',#11601,#11602);
#11601 = CARTESIAN_POINT('',(203.25,204.5,3.));
#11602 = VECTOR('',#11603,1.);
#11603 = DIRECTION('',(0.,0.,-1.));
#11604 = PCURVE('',#3721,#11605);
#11605 = DEFINITIONAL_REPRESENTATION('',(#11606),#11610);
#11606 = LINE('',#11607,#11608);
#11607 = CARTESIAN_POINT('',(6.28318530718,-0.));
#11608 = VECTOR('',#11609,1.);
#11609 = DIRECTION('',(0.,1.));
#11610 = ( GEOMETRIC_REPRESENTATION_CONTEXT(2) 
PARAMETRIC_REPRESENTATION_CONTEXT() REPRESENTATION_CONTEXT('2D SPACE',''
  ) );
#11611 = PCURVE('',#3721,#11612);
#11612 = DEFINITIONAL_REPRESENTATION('',(#11613),#11617);
#11613 = LINE('',#11614,#11615);
#11614 = CARTESIAN_POINT('',(0.,-0.));
#11615 = VECTOR('',#11616,1.);
#11616 = DIRECTION('',(0.,1.));
#11617 = ( GEOMETRIC_REPRESENTATION_CONTEXT(2) 
PARAMETRIC_REPRESENTATION_CONTEXT() REPRESENTATION_CONTEXT('2D SPACE',''
  ) );
#11618 = ORIENTED_EDGE('',*,*,#3700,.T.);
#11619 = ORIENTED_EDGE('',*,*,#11598,.T.);
#11620 = ADVANCED_FACE('',(#11621),#3756,.F.);
#11621 = FACE_BOUND('',#11622,.F.);
#11622 = EDGE_LOOP('',(#11623,#11624,#11645,#11646));
#11623 = ORIENTED_EDGE('',*,*,#7959,.F.);
#11624 = ORIENTED_EDGE('',*,*,#11625,.F.);
#11625 = EDGE_CURVE('',#3736,#7960,#11626,.T.);
#11626 = SEAM_CURVE('',#11627,(#11631,#11638),.PCURVE_S1.);
#11627 = LINE('',#11628,#11629);
#11628 = CARTESIAN_POINT('',(244.25,245.5,3.));
#11629 = VECTOR('',#11630,1.);
#11630 = DIRECTION('',(0.,0.,-1.));
#11631 = PCURVE('',#3756,#11632);
#11632 = DEFINITIONAL_REPRESENTATION('',(#11633),#11637);
#11633 = LINE('',#11634,#11635);
#11634 = CARTESIAN_POINT('',(6.28318530718,-0.));
#11635 = VECTOR('',#11636,1.);
#11636 = DIRECTION('',(0.,1.));
#11637 = ( GEOMETRIC_REPRESENTATION_CONTEXT(2) 
PARAMETRIC_REPRESENTATION_CONTEXT() REPRESENTATION_CONTEXT('2D SPACE',''
  ) );
#11638 = PCURVE('',#3756,#11639);
#11639 = DEFINITIONAL_REPRESENTATION('',(#11640),#11644);
#11640 = LINE('',#11641,#11642);
#11641 = CARTESIAN_POINT('',(0.,-0.));
#11642 = VECTOR('',#11643,1.);
#11643 = DIRECTION('',(0.,1.));
#11644 = ( GEOMETRIC_REPRESENTATION_CONTEXT(2) 
PARAMETRIC_REPRESENTATION_CONTEXT() REPRESENTATION_CONTEXT('2D SPACE',''
  ) );
#11645 = ORIENTED_EDGE('',*,*,#3735,.T.);
#11646 = ORIENTED_EDGE('',*,*,#11625,.T.);
#11647 = ADVANCED_FACE('',(#11648),#3791,.F.);
#11648 = FACE_BOUND('',#11649,.F.);
#11649 = EDGE_LOOP('',(#11650,#11651,#11672,#11673));
#11650 = ORIENTED_EDGE('',*,*,#7989,.F.);
#11651 = ORIENTED_EDGE('',*,*,#11652,.F.);
#11652 = EDGE_CURVE('',#3771,#7990,#11653,.T.);
#11653 = SEAM_CURVE('',#11654,(#11658,#11665),.PCURVE_S1.);
#11654 = LINE('',#11655,#11656);
#11655 = CARTESIAN_POINT('',(253.25,204.5,3.));
#11656 = VECTOR('',#11657,1.);
#11657 = DIRECTION('',(0.,0.,-1.));
#11658 = PCURVE('',#3791,#11659);
#11659 = DEFINITIONAL_REPRESENTATION('',(#11660),#11664);
#11660 = LINE('',#11661,#11662);
#11661 = CARTESIAN_POINT('',(6.28318530718,-0.));
#11662 = VECTOR('',#11663,1.);
#11663 = DIRECTION('',(0.,1.));
#11664 = ( GEOMETRIC_REPRESENTATION_CONTEXT(2) 
PARAMETRIC_REPRESENTATION_CONTEXT() REPRESENTATION_CONTEXT('2D SPACE',''
  ) );
#11665 = PCURVE('',#3791,#11666);
#11666 = DEFINITIONAL_REPRESENTATION('',(#11667),#11671);
#11667 = LINE('',#11668,#11669);
#11668 = CARTESIAN_POINT('',(0.,-0.));
#11669 = VECTOR('',#11670,1.);
#11670 = DIRECTION('',(0.,1.));
#11671 = ( GEOMETRIC_REPRESENTATION_CONTEXT(2) 
PARAMETRIC_REPRESENTATION_CONTEXT() REPRESENTATION_CONTEXT('2D SPACE',''
  ) );
#11672 = ORIENTED_EDGE('',*,*,#3770,.T.);
#11673 = ORIENTED_EDGE('',*,*,#11652,.T.);
#11674 = ADVANCED_FACE('',(#11675),#3826,.F.);
#11675 = FACE_BOUND('',#11676,.F.);
#11676 = EDGE_LOOP('',(#11677,#11678,#11699,#11700));
#11677 = ORIENTED_EDGE('',*,*,#8019,.F.);
#11678 = ORIENTED_EDGE('',*,*,#11679,.F.);
#11679 = EDGE_CURVE('',#3806,#8020,#11680,.T.);
#11680 = SEAM_CURVE('',#11681,(#11685,#11692),.PCURVE_S1.);
#11681 = LINE('',#11682,#11683);
#11682 = CARTESIAN_POINT('',(294.25,245.5,3.));
#11683 = VECTOR('',#11684,1.);
#11684 = DIRECTION('',(0.,0.,-1.));
#11685 = PCURVE('',#3826,#11686);
#11686 = DEFINITIONAL_REPRESENTATION('',(#11687),#11691);
#11687 = LINE('',#11688,#11689);
#11688 = CARTESIAN_POINT('',(6.28318530718,-0.));
#11689 = VECTOR('',#11690,1.);
#11690 = DIRECTION('',(0.,1.));
#11691 = ( GEOMETRIC_REPRESENTATION_CONTEXT(2) 
PARAMETRIC_REPRESENTATION_CONTEXT() REPRESENTATION_CONTEXT('2D SPACE',''
  ) );
#11692 = PCURVE('',#3826,#11693);
#11693 = DEFINITIONAL_REPRESENTATION('',(#11694),#11698);
#11694 = LINE('',#11695,#11696);
#11695 = CARTESIAN_POINT('',(0.,-0.));
#11696 = VECTOR('',#11697,1.);
#11697 = DIRECTION('',(0.,1.));
#11698 = ( GEOMETRIC_REPRESENTATION_CONTEXT(2) 
PARAMETRIC_REPRESENTATION_CONTEXT() REPRESENTATION_CONTEXT('2D SPACE',''
  ) );
#11699 = ORIENTED_EDGE('',*,*,#3805,.T.);
#11700 = ORIENTED_EDGE('',*,*,#11679,.T.);
#11701 = ADVANCED_FACE('',(#11702),#3861,.F.);
#11702 = FACE_BOUND('',#11703,.F.);
#11703 = EDGE_LOOP('',(#11704,#11705,#11726,#11727));
#11704 = ORIENTED_EDGE('',*,*,#8049,.F.);
#11705 = ORIENTED_EDGE('',*,*,#11706,.F.);
#11706 = EDGE_CURVE('',#3841,#8050,#11707,.T.);
#11707 = SEAM_CURVE('',#11708,(#11712,#11719),.PCURVE_S1.);
#11708 = LINE('',#11709,#11710);
#11709 = CARTESIAN_POINT('',(203.25,254.5,3.));
#11710 = VECTOR('',#11711,1.);
#11711 = DIRECTION('',(0.,0.,-1.));
#11712 = PCURVE('',#3861,#11713);
#11713 = DEFINITIONAL_REPRESENTATION('',(#11714),#11718);
#11714 = LINE('',#11715,#11716);
#11715 = CARTESIAN_POINT('',(6.28318530718,-0.));
#11716 = VECTOR('',#11717,1.);
#11717 = DIRECTION('',(0.,1.));
#11718 = ( GEOMETRIC_REPRESENTATION_CONTEXT(2) 
PARAMETRIC_REPRESENTATION_CONTEXT() REPRESENTATION_CONTEXT('2D SPACE',''
  ) );
#11719 = PCURVE('',#3861,#11720);
#11720 = DEFINITIONAL_REPRESENTATION('',(#11721),#11725);
#11721 = LINE('',#11722,#11723);
#11722 = CARTESIAN_POINT('',(0.,-0.));
#11723 = VECTOR('',#11724,1.);
#11724 = DIRECTION('',(0.,1.));
#11725 = ( GEOMETRIC_REPRESENTATION_CONTEXT(2) 
PARAMETRIC_REPRESENTATION_CONTEXT() REPRESENTATION_CONTEXT('2D SPACE',''
  ) );
#11726 = ORIENTED_EDGE('',*,*,#3840,.T.);
#11727 = ORIENTED_EDGE('',*,*,#11706,.T.);
#11728 = ADVANCED_FACE('',(#11729),#3896,.F.);
#11729 = FACE_BOUND('',#11730,.F.);
#11730 = EDGE_LOOP('',(#11731,#11732,#11753,#11754));
#11731 = ORIENTED_EDGE('',*,*,#8079,.F.);
#11732 = ORIENTED_EDGE('',*,*,#11733,.F.);
#11733 = EDGE_CURVE('',#3876,#8080,#11734,.T.);
#11734 = SEAM_CURVE('',#11735,(#11739,#11746),.PCURVE_S1.);
#11735 = LINE('',#11736,#11737);
#11736 = CARTESIAN_POINT('',(244.25,295.5,3.));
#11737 = VECTOR('',#11738,1.);
#11738 = DIRECTION('',(0.,0.,-1.));
#11739 = PCURVE('',#3896,#11740);
#11740 = DEFINITIONAL_REPRESENTATION('',(#11741),#11745);
#11741 = LINE('',#11742,#11743);
#11742 = CARTESIAN_POINT('',(6.28318530718,-0.));
#11743 = VECTOR('',#11744,1.);
#11744 = DIRECTION('',(0.,1.));
#11745 = ( GEOMETRIC_REPRESENTATION_CONTEXT(2) 
PARAMETRIC_REPRESENTATION_CONTEXT() REPRESENTATION_CONTEXT('2D SPACE',''
  ) );
#11746 = PCURVE('',#3896,#11747);
#11747 = DEFINITIONAL_REPRESENTATION('',(#11748),#11752);
#11748 = LINE('',#11749,#11750);
#11749 = CARTESIAN_POINT('',(0.,-0.));
#11750 = VECTOR('',#11751,1.);
#11751 = DIRECTION('',(0.,1.));
#11752 = ( GEOMETRIC_REPRESENTATION_CONTEXT(2) 
PARAMETRIC_REPRESENTATION_CONTEXT() REPRESENTATION_CONTEXT('2D SPACE',''
  ) );
#11753 = ORIENTED_EDGE('',*,*,#3875,.T.);
#11754 = ORIENTED_EDGE('',*,*,#11733,.T.);
#11755 = ADVANCED_FACE('',(#11756),#3931,.F.);
#11756 = FACE_BOUND('',#11757,.F.);
#11757 = EDGE_LOOP('',(#11758,#11759,#11780,#11781));
#11758 = ORIENTED_EDGE('',*,*,#8109,.F.);
#11759 = ORIENTED_EDGE('',*,*,#11760,.F.);
#11760 = EDGE_CURVE('',#3911,#8110,#11761,.T.);
#11761 = SEAM_CURVE('',#11762,(#11766,#11773),.PCURVE_S1.);
#11762 = LINE('',#11763,#11764);
#11763 = CARTESIAN_POINT('',(253.25,254.5,3.));
#11764 = VECTOR('',#11765,1.);
#11765 = DIRECTION('',(0.,0.,-1.));
#11766 = PCURVE('',#3931,#11767);
#11767 = DEFINITIONAL_REPRESENTATION('',(#11768),#11772);
#11768 = LINE('',#11769,#11770);
#11769 = CARTESIAN_POINT('',(6.28318530718,-0.));
#11770 = VECTOR('',#11771,1.);
#11771 = DIRECTION('',(0.,1.));
#11772 = ( GEOMETRIC_REPRESENTATION_CONTEXT(2) 
PARAMETRIC_REPRESENTATION_CONTEXT() REPRESENTATION_CONTEXT('2D SPACE',''
  ) );
#11773 = PCURVE('',#3931,#11774);
#11774 = DEFINITIONAL_REPRESENTATION('',(#11775),#11779);
#11775 = LINE('',#11776,#11777);
#11776 = CARTESIAN_POINT('',(0.,-0.));
#11777 = VECTOR('',#11778,1.);
#11778 = DIRECTION('',(0.,1.));
#11779 = ( GEOMETRIC_REPRESENTATION_CONTEXT(2) 
PARAMETRIC_REPRESENTATION_CONTEXT() REPRESENTATION_CONTEXT('2D SPACE',''
  ) );
#11780 = ORIENTED_EDGE('',*,*,#3910,.T.);
#11781 = ORIENTED_EDGE('',*,*,#11760,.T.);
#11782 = ADVANCED_FACE('',(#11783),#3966,.F.);
#11783 = FACE_BOUND('',#11784,.F.);
#11784 = EDGE_LOOP('',(#11785,#11786,#11807,#11808));
#11785 = ORIENTED_EDGE('',*,*,#8139,.F.);
#11786 = ORIENTED_EDGE('',*,*,#11787,.F.);
#11787 = EDGE_CURVE('',#3946,#8140,#11788,.T.);
#11788 = SEAM_CURVE('',#11789,(#11793,#11800),.PCURVE_S1.);
#11789 = LINE('',#11790,#11791);
#11790 = CARTESIAN_POINT('',(294.25,295.5,3.));
#11791 = VECTOR('',#11792,1.);
#11792 = DIRECTION('',(0.,0.,-1.));
#11793 = PCURVE('',#3966,#11794);
#11794 = DEFINITIONAL_REPRESENTATION('',(#11795),#11799);
#11795 = LINE('',#11796,#11797);
#11796 = CARTESIAN_POINT('',(6.28318530718,-0.));
#11797 = VECTOR('',#11798,1.);
#11798 = DIRECTION('',(0.,1.));
#11799 = ( GEOMETRIC_REPRESENTATION_CONTEXT(2) 
PARAMETRIC_REPRESENTATION_CONTEXT() REPRESENTATION_CONTEXT('2D SPACE',''
  ) );
#11800 = PCURVE('',#3966,#11801);
#11801 = DEFINITIONAL_REPRESENTATION('',(#11802),#11806);
#11802 = LINE('',#11803,#11804);
#11803 = CARTESIAN_POINT('',(0.,-0.));
#11804 = VECTOR('',#11805,1.);
#11805 = DIRECTION('',(0.,1.));
#11806 = ( GEOMETRIC_REPRESENTATION_CONTEXT(2) 
PARAMETRIC_REPRESENTATION_CONTEXT() REPRESENTATION_CONTEXT('2D SPACE',''
  ) );
#11807 = ORIENTED_EDGE('',*,*,#3945,.T.);
#11808 = ORIENTED_EDGE('',*,*,#11787,.T.);
#11809 = ADVANCED_FACE('',(#11810),#4001,.F.);
#11810 = FACE_BOUND('',#11811,.F.);
#11811 = EDGE_LOOP('',(#11812,#11813,#11834,#11835));
#11812 = ORIENTED_EDGE('',*,*,#8169,.F.);
#11813 = ORIENTED_EDGE('',*,*,#11814,.F.);
#11814 = EDGE_CURVE('',#3981,#8170,#11815,.T.);
#11815 = SEAM_CURVE('',#11816,(#11820,#11827),.PCURVE_S1.);
#11816 = LINE('',#11817,#11818);
#11817 = CARTESIAN_POINT('',(303.25,204.5,3.));
#11818 = VECTOR('',#11819,1.);
#11819 = DIRECTION('',(0.,0.,-1.));
#11820 = PCURVE('',#4001,#11821);
#11821 = DEFINITIONAL_REPRESENTATION('',(#11822),#11826);
#11822 = LINE('',#11823,#11824);
#11823 = CARTESIAN_POINT('',(6.28318530718,-0.));
#11824 = VECTOR('',#11825,1.);
#11825 = DIRECTION('',(0.,1.));
#11826 = ( GEOMETRIC_REPRESENTATION_CONTEXT(2) 
PARAMETRIC_REPRESENTATION_CONTEXT() REPRESENTATION_CONTEXT('2D SPACE',''
  ) );
#11827 = PCURVE('',#4001,#11828);
#11828 = DEFINITIONAL_REPRESENTATION('',(#11829),#11833);
#11829 = LINE('',#11830,#11831);
#11830 = CARTESIAN_POINT('',(0.,-0.));
#11831 = VECTOR('',#11832,1.);
#11832 = DIRECTION('',(0.,1.));
#11833 = ( GEOMETRIC_REPRESENTATION_CONTEXT(2) 
PARAMETRIC_REPRESENTATION_CONTEXT() REPRESENTATION_CONTEXT('2D SPACE',''
  ) );
#11834 = ORIENTED_EDGE('',*,*,#3980,.T.);
#11835 = ORIENTED_EDGE('',*,*,#11814,.T.);
#11836 = ADVANCED_FACE('',(#11837),#4036,.F.);
#11837 = FACE_BOUND('',#11838,.F.);
#11838 = EDGE_LOOP('',(#11839,#11840,#11861,#11862));
#11839 = ORIENTED_EDGE('',*,*,#8199,.F.);
#11840 = ORIENTED_EDGE('',*,*,#11841,.F.);
#11841 = EDGE_CURVE('',#4016,#8200,#11842,.T.);
#11842 = SEAM_CURVE('',#11843,(#11847,#11854),.PCURVE_S1.);
#11843 = LINE('',#11844,#11845);
#11844 = CARTESIAN_POINT('',(344.25,245.5,3.));
#11845 = VECTOR('',#11846,1.);
#11846 = DIRECTION('',(0.,0.,-1.));
#11847 = PCURVE('',#4036,#11848);
#11848 = DEFINITIONAL_REPRESENTATION('',(#11849),#11853);
#11849 = LINE('',#11850,#11851);
#11850 = CARTESIAN_POINT('',(6.28318530718,-0.));
#11851 = VECTOR('',#11852,1.);
#11852 = DIRECTION('',(0.,1.));
#11853 = ( GEOMETRIC_REPRESENTATION_CONTEXT(2) 
PARAMETRIC_REPRESENTATION_CONTEXT() REPRESENTATION_CONTEXT('2D SPACE',''
  ) );
#11854 = PCURVE('',#4036,#11855);
#11855 = DEFINITIONAL_REPRESENTATION('',(#11856),#11860);
#11856 = LINE('',#11857,#11858);
#11857 = CARTESIAN_POINT('',(0.,-0.));
#11858 = VECTOR('',#11859,1.);
#11859 = DIRECTION('',(0.,1.));
#11860 = ( GEOMETRIC_REPRESENTATION_CONTEXT(2) 
PARAMETRIC_REPRESENTATION_CONTEXT() REPRESENTATION_CONTEXT('2D SPACE',''
  ) );
#11861 = ORIENTED_EDGE('',*,*,#4015,.T.);
#11862 = ORIENTED_EDGE('',*,*,#11841,.T.);
#11863 = ADVANCED_FACE('',(#11864),#4071,.F.);
#11864 = FACE_BOUND('',#11865,.F.);
#11865 = EDGE_LOOP('',(#11866,#11867,#11888,#11889));
#11866 = ORIENTED_EDGE('',*,*,#8229,.F.);
#11867 = ORIENTED_EDGE('',*,*,#11868,.F.);
#11868 = EDGE_CURVE('',#4051,#8230,#11869,.T.);
#11869 = SEAM_CURVE('',#11870,(#11874,#11881),.PCURVE_S1.);
#11870 = LINE('',#11871,#11872);
#11871 = CARTESIAN_POINT('',(353.25,204.5,3.));
#11872 = VECTOR('',#11873,1.);
#11873 = DIRECTION('',(0.,0.,-1.));
#11874 = PCURVE('',#4071,#11875);
#11875 = DEFINITIONAL_REPRESENTATION('',(#11876),#11880);
#11876 = LINE('',#11877,#11878);
#11877 = CARTESIAN_POINT('',(6.28318530718,-0.));
#11878 = VECTOR('',#11879,1.);
#11879 = DIRECTION('',(0.,1.));
#11880 = ( GEOMETRIC_REPRESENTATION_CONTEXT(2) 
PARAMETRIC_REPRESENTATION_CONTEXT() REPRESENTATION_CONTEXT('2D SPACE',''
  ) );
#11881 = PCURVE('',#4071,#11882);
#11882 = DEFINITIONAL_REPRESENTATION('',(#11883),#11887);
#11883 = LINE('',#11884,#11885);
#11884 = CARTESIAN_POINT('',(0.,-0.));
#11885 = VECTOR('',#11886,1.);
#11886 = DIRECTION('',(0.,1.));
#11887 = ( GEOMETRIC_REPRESENTATION_CONTEXT(2) 
PARAMETRIC_REPRESENTATION_CONTEXT() REPRESENTATION_CONTEXT('2D SPACE',''
  ) );
#11888 = ORIENTED_EDGE('',*,*,#4050,.T.);
#11889 = ORIENTED_EDGE('',*,*,#11868,.T.);
#11890 = ADVANCED_FACE('',(#11891),#4106,.F.);
#11891 = FACE_BOUND('',#11892,.F.);
#11892 = EDGE_LOOP('',(#11893,#11894,#11915,#11916));
#11893 = ORIENTED_EDGE('',*,*,#8259,.F.);
#11894 = ORIENTED_EDGE('',*,*,#11895,.F.);
#11895 = EDGE_CURVE('',#4086,#8260,#11896,.T.);
#11896 = SEAM_CURVE('',#11897,(#11901,#11908),.PCURVE_S1.);
#11897 = LINE('',#11898,#11899);
#11898 = CARTESIAN_POINT('',(394.25,245.5,3.));
#11899 = VECTOR('',#11900,1.);
#11900 = DIRECTION('',(0.,0.,-1.));
#11901 = PCURVE('',#4106,#11902);
#11902 = DEFINITIONAL_REPRESENTATION('',(#11903),#11907);
#11903 = LINE('',#11904,#11905);
#11904 = CARTESIAN_POINT('',(6.28318530718,-0.));
#11905 = VECTOR('',#11906,1.);
#11906 = DIRECTION('',(0.,1.));
#11907 = ( GEOMETRIC_REPRESENTATION_CONTEXT(2) 
PARAMETRIC_REPRESENTATION_CONTEXT() REPRESENTATION_CONTEXT('2D SPACE',''
  ) );
#11908 = PCURVE('',#4106,#11909);
#11909 = DEFINITIONAL_REPRESENTATION('',(#11910),#11914);
#11910 = LINE('',#11911,#11912);
#11911 = CARTESIAN_POINT('',(0.,-0.));
#11912 = VECTOR('',#11913,1.);
#11913 = DIRECTION('',(0.,1.));
#11914 = ( GEOMETRIC_REPRESENTATION_CONTEXT(2) 
PARAMETRIC_REPRESENTATION_CONTEXT() REPRESENTATION_CONTEXT('2D SPACE',''
  ) );
#11915 = ORIENTED_EDGE('',*,*,#4085,.T.);
#11916 = ORIENTED_EDGE('',*,*,#11895,.T.);
#11917 = ADVANCED_FACE('',(#11918),#4141,.F.);
#11918 = FACE_BOUND('',#11919,.F.);
#11919 = EDGE_LOOP('',(#11920,#11921,#11942,#11943));
#11920 = ORIENTED_EDGE('',*,*,#8289,.F.);
#11921 = ORIENTED_EDGE('',*,*,#11922,.F.);
#11922 = EDGE_CURVE('',#4121,#8290,#11923,.T.);
#11923 = SEAM_CURVE('',#11924,(#11928,#11935),.PCURVE_S1.);
#11924 = LINE('',#11925,#11926);
#11925 = CARTESIAN_POINT('',(303.25,254.5,3.));
#11926 = VECTOR('',#11927,1.);
#11927 = DIRECTION('',(0.,0.,-1.));
#11928 = PCURVE('',#4141,#11929);
#11929 = DEFINITIONAL_REPRESENTATION('',(#11930),#11934);
#11930 = LINE('',#11931,#11932);
#11931 = CARTESIAN_POINT('',(6.28318530718,-0.));
#11932 = VECTOR('',#11933,1.);
#11933 = DIRECTION('',(0.,1.));
#11934 = ( GEOMETRIC_REPRESENTATION_CONTEXT(2) 
PARAMETRIC_REPRESENTATION_CONTEXT() REPRESENTATION_CONTEXT('2D SPACE',''
  ) );
#11935 = PCURVE('',#4141,#11936);
#11936 = DEFINITIONAL_REPRESENTATION('',(#11937),#11941);
#11937 = LINE('',#11938,#11939);
#11938 = CARTESIAN_POINT('',(0.,-0.));
#11939 = VECTOR('',#11940,1.);
#11940 = DIRECTION('',(0.,1.));
#11941 = ( GEOMETRIC_REPRESENTATION_CONTEXT(2) 
PARAMETRIC_REPRESENTATION_CONTEXT() REPRESENTATION_CONTEXT('2D SPACE',''
  ) );
#11942 = ORIENTED_EDGE('',*,*,#4120,.T.);
#11943 = ORIENTED_EDGE('',*,*,#11922,.T.);
#11944 = ADVANCED_FACE('',(#11945),#4176,.F.);
#11945 = FACE_BOUND('',#11946,.F.);
#11946 = EDGE_LOOP('',(#11947,#11948,#11969,#11970));
#11947 = ORIENTED_EDGE('',*,*,#8319,.F.);
#11948 = ORIENTED_EDGE('',*,*,#11949,.F.);
#11949 = EDGE_CURVE('',#4156,#8320,#11950,.T.);
#11950 = SEAM_CURVE('',#11951,(#11955,#11962),.PCURVE_S1.);
#11951 = LINE('',#11952,#11953);
#11952 = CARTESIAN_POINT('',(344.25,295.5,3.));
#11953 = VECTOR('',#11954,1.);
#11954 = DIRECTION('',(0.,0.,-1.));
#11955 = PCURVE('',#4176,#11956);
#11956 = DEFINITIONAL_REPRESENTATION('',(#11957),#11961);
#11957 = LINE('',#11958,#11959);
#11958 = CARTESIAN_POINT('',(6.28318530718,-0.));
#11959 = VECTOR('',#11960,1.);
#11960 = DIRECTION('',(0.,1.));
#11961 = ( GEOMETRIC_REPRESENTATION_CONTEXT(2) 
PARAMETRIC_REPRESENTATION_CONTEXT() REPRESENTATION_CONTEXT('2D SPACE',''
  ) );
#11962 = PCURVE('',#4176,#11963);
#11963 = DEFINITIONAL_REPRESENTATION('',(#11964),#11968);
#11964 = LINE('',#11965,#11966);
#11965 = CARTESIAN_POINT('',(0.,-0.));
#11966 = VECTOR('',#11967,1.);
#11967 = DIRECTION('',(0.,1.));
#11968 = ( GEOMETRIC_REPRESENTATION_CONTEXT(2) 
PARAMETRIC_REPRESENTATION_CONTEXT() REPRESENTATION_CONTEXT('2D SPACE',''
  ) );
#11969 = ORIENTED_EDGE('',*,*,#4155,.T.);
#11970 = ORIENTED_EDGE('',*,*,#11949,.T.);
#11971 = ADVANCED_FACE('',(#11972),#4211,.F.);
#11972 = FACE_BOUND('',#11973,.F.);
#11973 = EDGE_LOOP('',(#11974,#11975,#11996,#11997));
#11974 = ORIENTED_EDGE('',*,*,#8349,.F.);
#11975 = ORIENTED_EDGE('',*,*,#11976,.F.);
#11976 = EDGE_CURVE('',#4191,#8350,#11977,.T.);
#11977 = SEAM_CURVE('',#11978,(#11982,#11989),.PCURVE_S1.);
#11978 = LINE('',#11979,#11980);
#11979 = CARTESIAN_POINT('',(353.25,254.5,3.));
#11980 = VECTOR('',#11981,1.);
#11981 = DIRECTION('',(0.,0.,-1.));
#11982 = PCURVE('',#4211,#11983);
#11983 = DEFINITIONAL_REPRESENTATION('',(#11984),#11988);
#11984 = LINE('',#11985,#11986);
#11985 = CARTESIAN_POINT('',(6.28318530718,-0.));
#11986 = VECTOR('',#11987,1.);
#11987 = DIRECTION('',(0.,1.));
#11988 = ( GEOMETRIC_REPRESENTATION_CONTEXT(2) 
PARAMETRIC_REPRESENTATION_CONTEXT() REPRESENTATION_CONTEXT('2D SPACE',''
  ) );
#11989 = PCURVE('',#4211,#11990);
#11990 = DEFINITIONAL_REPRESENTATION('',(#11991),#11995);
#11991 = LINE('',#11992,#11993);
#11992 = CARTESIAN_POINT('',(0.,-0.));
#11993 = VECTOR('',#11994,1.);
#11994 = DIRECTION('',(0.,1.));
#11995 = ( GEOMETRIC_REPRESENTATION_CONTEXT(2) 
PARAMETRIC_REPRESENTATION_CONTEXT() REPRESENTATION_CONTEXT('2D SPACE',''
  ) );
#11996 = ORIENTED_EDGE('',*,*,#4190,.T.);
#11997 = ORIENTED_EDGE('',*,*,#11976,.T.);
#11998 = ADVANCED_FACE('',(#11999),#4246,.F.);
#11999 = FACE_BOUND('',#12000,.F.);
#12000 = EDGE_LOOP('',(#12001,#12002,#12023,#12024));
#12001 = ORIENTED_EDGE('',*,*,#8379,.F.);
#12002 = ORIENTED_EDGE('',*,*,#12003,.F.);
#12003 = EDGE_CURVE('',#4226,#8380,#12004,.T.);
#12004 = SEAM_CURVE('',#12005,(#12009,#12016),.PCURVE_S1.);
#12005 = LINE('',#12006,#12007);
#12006 = CARTESIAN_POINT('',(394.25,295.5,3.));
#12007 = VECTOR('',#12008,1.);
#12008 = DIRECTION('',(0.,0.,-1.));
#12009 = PCURVE('',#4246,#12010);
#12010 = DEFINITIONAL_REPRESENTATION('',(#12011),#12015);
#12011 = LINE('',#12012,#12013);
#12012 = CARTESIAN_POINT('',(6.28318530718,-0.));
#12013 = VECTOR('',#12014,1.);
#12014 = DIRECTION('',(0.,1.));
#12015 = ( GEOMETRIC_REPRESENTATION_CONTEXT(2) 
PARAMETRIC_REPRESENTATION_CONTEXT() REPRESENTATION_CONTEXT('2D SPACE',''
  ) );
#12016 = PCURVE('',#4246,#12017);
#12017 = DEFINITIONAL_REPRESENTATION('',(#12018),#12022);
#12018 = LINE('',#12019,#12020);
#12019 = CARTESIAN_POINT('',(0.,-0.));
#12020 = VECTOR('',#12021,1.);
#12021 = DIRECTION('',(0.,1.));
#12022 = ( GEOMETRIC_REPRESENTATION_CONTEXT(2) 
PARAMETRIC_REPRESENTATION_CONTEXT() REPRESENTATION_CONTEXT('2D SPACE',''
  ) );
#12023 = ORIENTED_EDGE('',*,*,#4225,.T.);
#12024 = ORIENTED_EDGE('',*,*,#12003,.T.);
#12025 = ADVANCED_FACE('',(#12026),#4281,.F.);
#12026 = FACE_BOUND('',#12027,.F.);
#12027 = EDGE_LOOP('',(#12028,#12029,#12050,#12051));
#12028 = ORIENTED_EDGE('',*,*,#8409,.F.);
#12029 = ORIENTED_EDGE('',*,*,#12030,.F.);
#12030 = EDGE_CURVE('',#4261,#8410,#12031,.T.);
#12031 = SEAM_CURVE('',#12032,(#12036,#12043),.PCURVE_S1.);
#12032 = LINE('',#12033,#12034);
#12033 = CARTESIAN_POINT('',(203.25,304.5,3.));
#12034 = VECTOR('',#12035,1.);
#12035 = DIRECTION('',(0.,0.,-1.));
#12036 = PCURVE('',#4281,#12037);
#12037 = DEFINITIONAL_REPRESENTATION('',(#12038),#12042);
#12038 = LINE('',#12039,#12040);
#12039 = CARTESIAN_POINT('',(6.28318530718,-0.));
#12040 = VECTOR('',#12041,1.);
#12041 = DIRECTION('',(0.,1.));
#12042 = ( GEOMETRIC_REPRESENTATION_CONTEXT(2) 
PARAMETRIC_REPRESENTATION_CONTEXT() REPRESENTATION_CONTEXT('2D SPACE',''
  ) );
#12043 = PCURVE('',#4281,#12044);
#12044 = DEFINITIONAL_REPRESENTATION('',(#12045),#12049);
#12045 = LINE('',#12046,#12047);
#12046 = CARTESIAN_POINT('',(0.,-0.));
#12047 = VECTOR('',#12048,1.);
#12048 = DIRECTION('',(0.,1.));
#12049 = ( GEOMETRIC_REPRESENTATION_CONTEXT(2) 
PARAMETRIC_REPRESENTATION_CONTEXT() REPRESENTATION_CONTEXT('2D SPACE',''
  ) );
#12050 = ORIENTED_EDGE('',*,*,#4260,.T.);
#12051 = ORIENTED_EDGE('',*,*,#12030,.T.);
#12052 = ADVANCED_FACE('',(#12053),#4316,.F.);
#12053 = FACE_BOUND('',#12054,.F.);
#12054 = EDGE_LOOP('',(#12055,#12056,#12077,#12078));
#12055 = ORIENTED_EDGE('',*,*,#8439,.F.);
#12056 = ORIENTED_EDGE('',*,*,#12057,.F.);
#12057 = EDGE_CURVE('',#4296,#8440,#12058,.T.);
#12058 = SEAM_CURVE('',#12059,(#12063,#12070),.PCURVE_S1.);
#12059 = LINE('',#12060,#12061);
#12060 = CARTESIAN_POINT('',(244.25,345.5,3.));
#12061 = VECTOR('',#12062,1.);
#12062 = DIRECTION('',(0.,0.,-1.));
#12063 = PCURVE('',#4316,#12064);
#12064 = DEFINITIONAL_REPRESENTATION('',(#12065),#12069);
#12065 = LINE('',#12066,#12067);
#12066 = CARTESIAN_POINT('',(6.28318530718,-0.));
#12067 = VECTOR('',#12068,1.);
#12068 = DIRECTION('',(0.,1.));
#12069 = ( GEOMETRIC_REPRESENTATION_CONTEXT(2) 
PARAMETRIC_REPRESENTATION_CONTEXT() REPRESENTATION_CONTEXT('2D SPACE',''
  ) );
#12070 = PCURVE('',#4316,#12071);
#12071 = DEFINITIONAL_REPRESENTATION('',(#12072),#12076);
#12072 = LINE('',#12073,#12074);
#12073 = CARTESIAN_POINT('',(0.,-0.));
#12074 = VECTOR('',#12075,1.);
#12075 = DIRECTION('',(0.,1.));
#12076 = ( GEOMETRIC_REPRESENTATION_CONTEXT(2) 
PARAMETRIC_REPRESENTATION_CONTEXT() REPRESENTATION_CONTEXT('2D SPACE',''
  ) );
#12077 = ORIENTED_EDGE('',*,*,#4295,.T.);
#12078 = ORIENTED_EDGE('',*,*,#12057,.T.);
#12079 = ADVANCED_FACE('',(#12080),#4351,.F.);
#12080 = FACE_BOUND('',#12081,.F.);
#12081 = EDGE_LOOP('',(#12082,#12083,#12104,#12105));
#12082 = ORIENTED_EDGE('',*,*,#8469,.F.);
#12083 = ORIENTED_EDGE('',*,*,#12084,.F.);
#12084 = EDGE_CURVE('',#4331,#8470,#12085,.T.);
#12085 = SEAM_CURVE('',#12086,(#12090,#12097),.PCURVE_S1.);
#12086 = LINE('',#12087,#12088);
#12087 = CARTESIAN_POINT('',(253.25,304.5,3.));
#12088 = VECTOR('',#12089,1.);
#12089 = DIRECTION('',(0.,0.,-1.));
#12090 = PCURVE('',#4351,#12091);
#12091 = DEFINITIONAL_REPRESENTATION('',(#12092),#12096);
#12092 = LINE('',#12093,#12094);
#12093 = CARTESIAN_POINT('',(6.28318530718,-0.));
#12094 = VECTOR('',#12095,1.);
#12095 = DIRECTION('',(0.,1.));
#12096 = ( GEOMETRIC_REPRESENTATION_CONTEXT(2) 
PARAMETRIC_REPRESENTATION_CONTEXT() REPRESENTATION_CONTEXT('2D SPACE',''
  ) );
#12097 = PCURVE('',#4351,#12098);
#12098 = DEFINITIONAL_REPRESENTATION('',(#12099),#12103);
#12099 = LINE('',#12100,#12101);
#12100 = CARTESIAN_POINT('',(0.,-0.));
#12101 = VECTOR('',#12102,1.);
#12102 = DIRECTION('',(0.,1.));
#12103 = ( GEOMETRIC_REPRESENTATION_CONTEXT(2) 
PARAMETRIC_REPRESENTATION_CONTEXT() REPRESENTATION_CONTEXT('2D SPACE',''
  ) );
#12104 = ORIENTED_EDGE('',*,*,#4330,.T.);
#12105 = ORIENTED_EDGE('',*,*,#12084,.T.);
#12106 = ADVANCED_FACE('',(#12107),#4386,.F.);
#12107 = FACE_BOUND('',#12108,.F.);
#12108 = EDGE_LOOP('',(#12109,#12110,#12131,#12132));
#12109 = ORIENTED_EDGE('',*,*,#8499,.F.);
#12110 = ORIENTED_EDGE('',*,*,#12111,.F.);
#12111 = EDGE_CURVE('',#4366,#8500,#12112,.T.);
#12112 = SEAM_CURVE('',#12113,(#12117,#12124),.PCURVE_S1.);
#12113 = LINE('',#12114,#12115);
#12114 = CARTESIAN_POINT('',(294.25,345.5,3.));
#12115 = VECTOR('',#12116,1.);
#12116 = DIRECTION('',(0.,0.,-1.));
#12117 = PCURVE('',#4386,#12118);
#12118 = DEFINITIONAL_REPRESENTATION('',(#12119),#12123);
#12119 = LINE('',#12120,#12121);
#12120 = CARTESIAN_POINT('',(6.28318530718,-0.));
#12121 = VECTOR('',#12122,1.);
#12122 = DIRECTION('',(0.,1.));
#12123 = ( GEOMETRIC_REPRESENTATION_CONTEXT(2) 
PARAMETRIC_REPRESENTATION_CONTEXT() REPRESENTATION_CONTEXT('2D SPACE',''
  ) );
#12124 = PCURVE('',#4386,#12125);
#12125 = DEFINITIONAL_REPRESENTATION('',(#12126),#12130);
#12126 = LINE('',#12127,#12128);
#12127 = CARTESIAN_POINT('',(0.,-0.));
#12128 = VECTOR('',#12129,1.);
#12129 = DIRECTION('',(0.,1.));
#12130 = ( GEOMETRIC_REPRESENTATION_CONTEXT(2) 
PARAMETRIC_REPRESENTATION_CONTEXT() REPRESENTATION_CONTEXT('2D SPACE',''
  ) );
#12131 = ORIENTED_EDGE('',*,*,#4365,.T.);
#12132 = ORIENTED_EDGE('',*,*,#12111,.T.);
#12133 = ADVANCED_FACE('',(#12134),#4421,.F.);
#12134 = FACE_BOUND('',#12135,.F.);
#12135 = EDGE_LOOP('',(#12136,#12137,#12158,#12159));
#12136 = ORIENTED_EDGE('',*,*,#8529,.F.);
#12137 = ORIENTED_EDGE('',*,*,#12138,.F.);
#12138 = EDGE_CURVE('',#4401,#8530,#12139,.T.);
#12139 = SEAM_CURVE('',#12140,(#12144,#12151),.PCURVE_S1.);
#12140 = LINE('',#12141,#12142);
#12141 = CARTESIAN_POINT('',(203.25,354.5,3.));
#12142 = VECTOR('',#12143,1.);
#12143 = DIRECTION('',(0.,0.,-1.));
#12144 = PCURVE('',#4421,#12145);
#12145 = DEFINITIONAL_REPRESENTATION('',(#12146),#12150);
#12146 = LINE('',#12147,#12148);
#12147 = CARTESIAN_POINT('',(6.28318530718,-0.));
#12148 = VECTOR('',#12149,1.);
#12149 = DIRECTION('',(0.,1.));
#12150 = ( GEOMETRIC_REPRESENTATION_CONTEXT(2) 
PARAMETRIC_REPRESENTATION_CONTEXT() REPRESENTATION_CONTEXT('2D SPACE',''
  ) );
#12151 = PCURVE('',#4421,#12152);
#12152 = DEFINITIONAL_REPRESENTATION('',(#12153),#12157);
#12153 = LINE('',#12154,#12155);
#12154 = CARTESIAN_POINT('',(0.,-0.));
#12155 = VECTOR('',#12156,1.);
#12156 = DIRECTION('',(0.,1.));
#12157 = ( GEOMETRIC_REPRESENTATION_CONTEXT(2) 
PARAMETRIC_REPRESENTATION_CONTEXT() REPRESENTATION_CONTEXT('2D SPACE',''
  ) );
#12158 = ORIENTED_EDGE('',*,*,#4400,.T.);
#12159 = ORIENTED_EDGE('',*,*,#12138,.T.);
#12160 = ADVANCED_FACE('',(#12161),#4456,.F.);
#12161 = FACE_BOUND('',#12162,.F.);
#12162 = EDGE_LOOP('',(#12163,#12164,#12185,#12186));
#12163 = ORIENTED_EDGE('',*,*,#8559,.F.);
#12164 = ORIENTED_EDGE('',*,*,#12165,.F.);
#12165 = EDGE_CURVE('',#4436,#8560,#12166,.T.);
#12166 = SEAM_CURVE('',#12167,(#12171,#12178),.PCURVE_S1.);
#12167 = LINE('',#12168,#12169);
#12168 = CARTESIAN_POINT('',(244.25,395.5,3.));
#12169 = VECTOR('',#12170,1.);
#12170 = DIRECTION('',(0.,0.,-1.));
#12171 = PCURVE('',#4456,#12172);
#12172 = DEFINITIONAL_REPRESENTATION('',(#12173),#12177);
#12173 = LINE('',#12174,#12175);
#12174 = CARTESIAN_POINT('',(6.28318530718,-0.));
#12175 = VECTOR('',#12176,1.);
#12176 = DIRECTION('',(0.,1.));
#12177 = ( GEOMETRIC_REPRESENTATION_CONTEXT(2) 
PARAMETRIC_REPRESENTATION_CONTEXT() REPRESENTATION_CONTEXT('2D SPACE',''
  ) );
#12178 = PCURVE('',#4456,#12179);
#12179 = DEFINITIONAL_REPRESENTATION('',(#12180),#12184);
#12180 = LINE('',#12181,#12182);
#12181 = CARTESIAN_POINT('',(0.,-0.));
#12182 = VECTOR('',#12183,1.);
#12183 = DIRECTION('',(0.,1.));
#12184 = ( GEOMETRIC_REPRESENTATION_CONTEXT(2) 
PARAMETRIC_REPRESENTATION_CONTEXT() REPRESENTATION_CONTEXT('2D SPACE',''
  ) );
#12185 = ORIENTED_EDGE('',*,*,#4435,.T.);
#12186 = ORIENTED_EDGE('',*,*,#12165,.T.);
#12187 = ADVANCED_FACE('',(#12188),#4491,.F.);
#12188 = FACE_BOUND('',#12189,.F.);
#12189 = EDGE_LOOP('',(#12190,#12191,#12212,#12213));
#12190 = ORIENTED_EDGE('',*,*,#8589,.F.);
#12191 = ORIENTED_EDGE('',*,*,#12192,.F.);
#12192 = EDGE_CURVE('',#4471,#8590,#12193,.T.);
#12193 = SEAM_CURVE('',#12194,(#12198,#12205),.PCURVE_S1.);
#12194 = LINE('',#12195,#12196);
#12195 = CARTESIAN_POINT('',(253.25,354.5,3.));
#12196 = VECTOR('',#12197,1.);
#12197 = DIRECTION('',(0.,0.,-1.));
#12198 = PCURVE('',#4491,#12199);
#12199 = DEFINITIONAL_REPRESENTATION('',(#12200),#12204);
#12200 = LINE('',#12201,#12202);
#12201 = CARTESIAN_POINT('',(6.28318530718,-0.));
#12202 = VECTOR('',#12203,1.);
#12203 = DIRECTION('',(0.,1.));
#12204 = ( GEOMETRIC_REPRESENTATION_CONTEXT(2) 
PARAMETRIC_REPRESENTATION_CONTEXT() REPRESENTATION_CONTEXT('2D SPACE',''
  ) );
#12205 = PCURVE('',#4491,#12206);
#12206 = DEFINITIONAL_REPRESENTATION('',(#12207),#12211);
#12207 = LINE('',#12208,#12209);
#12208 = CARTESIAN_POINT('',(0.,-0.));
#12209 = VECTOR('',#12210,1.);
#12210 = DIRECTION('',(0.,1.));
#12211 = ( GEOMETRIC_REPRESENTATION_CONTEXT(2) 
PARAMETRIC_REPRESENTATION_CONTEXT() REPRESENTATION_CONTEXT('2D SPACE',''
  ) );
#12212 = ORIENTED_EDGE('',*,*,#4470,.T.);
#12213 = ORIENTED_EDGE('',*,*,#12192,.T.);
#12214 = ADVANCED_FACE('',(#12215),#4526,.F.);
#12215 = FACE_BOUND('',#12216,.F.);
#12216 = EDGE_LOOP('',(#12217,#12218,#12239,#12240));
#12217 = ORIENTED_EDGE('',*,*,#8619,.F.);
#12218 = ORIENTED_EDGE('',*,*,#12219,.F.);
#12219 = EDGE_CURVE('',#4506,#8620,#12220,.T.);
#12220 = SEAM_CURVE('',#12221,(#12225,#12232),.PCURVE_S1.);
#12221 = LINE('',#12222,#12223);
#12222 = CARTESIAN_POINT('',(294.25,395.5,3.));
#12223 = VECTOR('',#12224,1.);
#12224 = DIRECTION('',(0.,0.,-1.));
#12225 = PCURVE('',#4526,#12226);
#12226 = DEFINITIONAL_REPRESENTATION('',(#12227),#12231);
#12227 = LINE('',#12228,#12229);
#12228 = CARTESIAN_POINT('',(6.28318530718,-0.));
#12229 = VECTOR('',#12230,1.);
#12230 = DIRECTION('',(0.,1.));
#12231 = ( GEOMETRIC_REPRESENTATION_CONTEXT(2) 
PARAMETRIC_REPRESENTATION_CONTEXT() REPRESENTATION_CONTEXT('2D SPACE',''
  ) );
#12232 = PCURVE('',#4526,#12233);
#12233 = DEFINITIONAL_REPRESENTATION('',(#12234),#12238);
#12234 = LINE('',#12235,#12236);
#12235 = CARTESIAN_POINT('',(0.,-0.));
#12236 = VECTOR('',#12237,1.);
#12237 = DIRECTION('',(0.,1.));
#12238 = ( GEOMETRIC_REPRESENTATION_CONTEXT(2) 
PARAMETRIC_REPRESENTATION_CONTEXT() REPRESENTATION_CONTEXT('2D SPACE',''
  ) );
#12239 = ORIENTED_EDGE('',*,*,#4505,.T.);
#12240 = ORIENTED_EDGE('',*,*,#12219,.T.);
#12241 = ADVANCED_FACE('',(#12242),#4561,.F.);
#12242 = FACE_BOUND('',#12243,.F.);
#12243 = EDGE_LOOP('',(#12244,#12245,#12266,#12267));
#12244 = ORIENTED_EDGE('',*,*,#8649,.F.);
#12245 = ORIENTED_EDGE('',*,*,#12246,.F.);
#12246 = EDGE_CURVE('',#4541,#8650,#12247,.T.);
#12247 = SEAM_CURVE('',#12248,(#12252,#12259),.PCURVE_S1.);
#12248 = LINE('',#12249,#12250);
#12249 = CARTESIAN_POINT('',(303.25,304.5,3.));
#12250 = VECTOR('',#12251,1.);
#12251 = DIRECTION('',(0.,0.,-1.));
#12252 = PCURVE('',#4561,#12253);
#12253 = DEFINITIONAL_REPRESENTATION('',(#12254),#12258);
#12254 = LINE('',#12255,#12256);
#12255 = CARTESIAN_POINT('',(6.28318530718,-0.));
#12256 = VECTOR('',#12257,1.);
#12257 = DIRECTION('',(0.,1.));
#12258 = ( GEOMETRIC_REPRESENTATION_CONTEXT(2) 
PARAMETRIC_REPRESENTATION_CONTEXT() REPRESENTATION_CONTEXT('2D SPACE',''
  ) );
#12259 = PCURVE('',#4561,#12260);
#12260 = DEFINITIONAL_REPRESENTATION('',(#12261),#12265);
#12261 = LINE('',#12262,#12263);
#12262 = CARTESIAN_POINT('',(0.,-0.));
#12263 = VECTOR('',#12264,1.);
#12264 = DIRECTION('',(0.,1.));
#12265 = ( GEOMETRIC_REPRESENTATION_CONTEXT(2) 
PARAMETRIC_REPRESENTATION_CONTEXT() REPRESENTATION_CONTEXT('2D SPACE',''
  ) );
#12266 = ORIENTED_EDGE('',*,*,#4540,.T.);
#12267 = ORIENTED_EDGE('',*,*,#12246,.T.);
#12268 = ADVANCED_FACE('',(#12269),#4596,.F.);
#12269 = FACE_BOUND('',#12270,.F.);
#12270 = EDGE_LOOP('',(#12271,#12272,#12293,#12294));
#12271 = ORIENTED_EDGE('',*,*,#8679,.F.);
#12272 = ORIENTED_EDGE('',*,*,#12273,.F.);
#12273 = EDGE_CURVE('',#4576,#8680,#12274,.T.);
#12274 = SEAM_CURVE('',#12275,(#12279,#12286),.PCURVE_S1.);
#12275 = LINE('',#12276,#12277);
#12276 = CARTESIAN_POINT('',(344.25,345.5,3.));
#12277 = VECTOR('',#12278,1.);
#12278 = DIRECTION('',(0.,0.,-1.));
#12279 = PCURVE('',#4596,#12280);
#12280 = DEFINITIONAL_REPRESENTATION('',(#12281),#12285);
#12281 = LINE('',#12282,#12283);
#12282 = CARTESIAN_POINT('',(6.28318530718,-0.));
#12283 = VECTOR('',#12284,1.);
#12284 = DIRECTION('',(0.,1.));
#12285 = ( GEOMETRIC_REPRESENTATION_CONTEXT(2) 
PARAMETRIC_REPRESENTATION_CONTEXT() REPRESENTATION_CONTEXT('2D SPACE',''
  ) );
#12286 = PCURVE('',#4596,#12287);
#12287 = DEFINITIONAL_REPRESENTATION('',(#12288),#12292);
#12288 = LINE('',#12289,#12290);
#12289 = CARTESIAN_POINT('',(0.,-0.));
#12290 = VECTOR('',#12291,1.);
#12291 = DIRECTION('',(0.,1.));
#12292 = ( GEOMETRIC_REPRESENTATION_CONTEXT(2) 
PARAMETRIC_REPRESENTATION_CONTEXT() REPRESENTATION_CONTEXT('2D SPACE',''
  ) );
#12293 = ORIENTED_EDGE('',*,*,#4575,.T.);
#12294 = ORIENTED_EDGE('',*,*,#12273,.T.);
#12295 = ADVANCED_FACE('',(#12296),#4631,.F.);
#12296 = FACE_BOUND('',#12297,.F.);
#12297 = EDGE_LOOP('',(#12298,#12299,#12320,#12321));
#12298 = ORIENTED_EDGE('',*,*,#8709,.F.);
#12299 = ORIENTED_EDGE('',*,*,#12300,.F.);
#12300 = EDGE_CURVE('',#4611,#8710,#12301,.T.);
#12301 = SEAM_CURVE('',#12302,(#12306,#12313),.PCURVE_S1.);
#12302 = LINE('',#12303,#12304);
#12303 = CARTESIAN_POINT('',(353.25,304.5,3.));
#12304 = VECTOR('',#12305,1.);
#12305 = DIRECTION('',(0.,0.,-1.));
#12306 = PCURVE('',#4631,#12307);
#12307 = DEFINITIONAL_REPRESENTATION('',(#12308),#12312);
#12308 = LINE('',#12309,#12310);
#12309 = CARTESIAN_POINT('',(6.28318530718,-0.));
#12310 = VECTOR('',#12311,1.);
#12311 = DIRECTION('',(0.,1.));
#12312 = ( GEOMETRIC_REPRESENTATION_CONTEXT(2) 
PARAMETRIC_REPRESENTATION_CONTEXT() REPRESENTATION_CONTEXT('2D SPACE',''
  ) );
#12313 = PCURVE('',#4631,#12314);
#12314 = DEFINITIONAL_REPRESENTATION('',(#12315),#12319);
#12315 = LINE('',#12316,#12317);
#12316 = CARTESIAN_POINT('',(0.,-0.));
#12317 = VECTOR('',#12318,1.);
#12318 = DIRECTION('',(0.,1.));
#12319 = ( GEOMETRIC_REPRESENTATION_CONTEXT(2) 
PARAMETRIC_REPRESENTATION_CONTEXT() REPRESENTATION_CONTEXT('2D SPACE',''
  ) );
#12320 = ORIENTED_EDGE('',*,*,#4610,.T.);
#12321 = ORIENTED_EDGE('',*,*,#12300,.T.);
#12322 = ADVANCED_FACE('',(#12323),#4666,.F.);
#12323 = FACE_BOUND('',#12324,.F.);
#12324 = EDGE_LOOP('',(#12325,#12326,#12347,#12348));
#12325 = ORIENTED_EDGE('',*,*,#8739,.F.);
#12326 = ORIENTED_EDGE('',*,*,#12327,.F.);
#12327 = EDGE_CURVE('',#4646,#8740,#12328,.T.);
#12328 = SEAM_CURVE('',#12329,(#12333,#12340),.PCURVE_S1.);
#12329 = LINE('',#12330,#12331);
#12330 = CARTESIAN_POINT('',(394.25,345.5,3.));
#12331 = VECTOR('',#12332,1.);
#12332 = DIRECTION('',(0.,0.,-1.));
#12333 = PCURVE('',#4666,#12334);
#12334 = DEFINITIONAL_REPRESENTATION('',(#12335),#12339);
#12335 = LINE('',#12336,#12337);
#12336 = CARTESIAN_POINT('',(6.28318530718,-0.));
#12337 = VECTOR('',#12338,1.);
#12338 = DIRECTION('',(0.,1.));
#12339 = ( GEOMETRIC_REPRESENTATION_CONTEXT(2) 
PARAMETRIC_REPRESENTATION_CONTEXT() REPRESENTATION_CONTEXT('2D SPACE',''
  ) );
#12340 = PCURVE('',#4666,#12341);
#12341 = DEFINITIONAL_REPRESENTATION('',(#12342),#12346);
#12342 = LINE('',#12343,#12344);
#12343 = CARTESIAN_POINT('',(0.,-0.));
#12344 = VECTOR('',#12345,1.);
#12345 = DIRECTION('',(0.,1.));
#12346 = ( GEOMETRIC_REPRESENTATION_CONTEXT(2) 
PARAMETRIC_REPRESENTATION_CONTEXT() REPRESENTATION_CONTEXT('2D SPACE',''
  ) );
#12347 = ORIENTED_EDGE('',*,*,#4645,.T.);
#12348 = ORIENTED_EDGE('',*,*,#12327,.T.);
#12349 = ADVANCED_FACE('',(#12350),#4701,.F.);
#12350 = FACE_BOUND('',#12351,.F.);
#12351 = EDGE_LOOP('',(#12352,#12353,#12374,#12375));
#12352 = ORIENTED_EDGE('',*,*,#8769,.F.);
#12353 = ORIENTED_EDGE('',*,*,#12354,.F.);
#12354 = EDGE_CURVE('',#4681,#8770,#12355,.T.);
#12355 = SEAM_CURVE('',#12356,(#12360,#12367),.PCURVE_S1.);
#12356 = LINE('',#12357,#12358);
#12357 = CARTESIAN_POINT('',(303.25,354.5,3.));
#12358 = VECTOR('',#12359,1.);
#12359 = DIRECTION('',(0.,0.,-1.));
#12360 = PCURVE('',#4701,#12361);
#12361 = DEFINITIONAL_REPRESENTATION('',(#12362),#12366);
#12362 = LINE('',#12363,#12364);
#12363 = CARTESIAN_POINT('',(6.28318530718,-0.));
#12364 = VECTOR('',#12365,1.);
#12365 = DIRECTION('',(0.,1.));
#12366 = ( GEOMETRIC_REPRESENTATION_CONTEXT(2) 
PARAMETRIC_REPRESENTATION_CONTEXT() REPRESENTATION_CONTEXT('2D SPACE',''
  ) );
#12367 = PCURVE('',#4701,#12368);
#12368 = DEFINITIONAL_REPRESENTATION('',(#12369),#12373);
#12369 = LINE('',#12370,#12371);
#12370 = CARTESIAN_POINT('',(0.,-0.));
#12371 = VECTOR('',#12372,1.);
#12372 = DIRECTION('',(0.,1.));
#12373 = ( GEOMETRIC_REPRESENTATION_CONTEXT(2) 
PARAMETRIC_REPRESENTATION_CONTEXT() REPRESENTATION_CONTEXT('2D SPACE',''
  ) );
#12374 = ORIENTED_EDGE('',*,*,#4680,.T.);
#12375 = ORIENTED_EDGE('',*,*,#12354,.T.);
#12376 = ADVANCED_FACE('',(#12377),#4736,.F.);
#12377 = FACE_BOUND('',#12378,.F.);
#12378 = EDGE_LOOP('',(#12379,#12380,#12401,#12402));
#12379 = ORIENTED_EDGE('',*,*,#8799,.F.);
#12380 = ORIENTED_EDGE('',*,*,#12381,.F.);
#12381 = EDGE_CURVE('',#4716,#8800,#12382,.T.);
#12382 = SEAM_CURVE('',#12383,(#12387,#12394),.PCURVE_S1.);
#12383 = LINE('',#12384,#12385);
#12384 = CARTESIAN_POINT('',(344.25,395.5,3.));
#12385 = VECTOR('',#12386,1.);
#12386 = DIRECTION('',(0.,0.,-1.));
#12387 = PCURVE('',#4736,#12388);
#12388 = DEFINITIONAL_REPRESENTATION('',(#12389),#12393);
#12389 = LINE('',#12390,#12391);
#12390 = CARTESIAN_POINT('',(6.28318530718,-0.));
#12391 = VECTOR('',#12392,1.);
#12392 = DIRECTION('',(0.,1.));
#12393 = ( GEOMETRIC_REPRESENTATION_CONTEXT(2) 
PARAMETRIC_REPRESENTATION_CONTEXT() REPRESENTATION_CONTEXT('2D SPACE',''
  ) );
#12394 = PCURVE('',#4736,#12395);
#12395 = DEFINITIONAL_REPRESENTATION('',(#12396),#12400);
#12396 = LINE('',#12397,#12398);
#12397 = CARTESIAN_POINT('',(0.,-0.));
#12398 = VECTOR('',#12399,1.);
#12399 = DIRECTION('',(0.,1.));
#12400 = ( GEOMETRIC_REPRESENTATION_CONTEXT(2) 
PARAMETRIC_REPRESENTATION_CONTEXT() REPRESENTATION_CONTEXT('2D SPACE',''
  ) );
#12401 = ORIENTED_EDGE('',*,*,#4715,.T.);
#12402 = ORIENTED_EDGE('',*,*,#12381,.T.);
#12403 = ADVANCED_FACE('',(#12404),#4771,.F.);
#12404 = FACE_BOUND('',#12405,.F.);
#12405 = EDGE_LOOP('',(#12406,#12407,#12428,#12429));
#12406 = ORIENTED_EDGE('',*,*,#8829,.F.);
#12407 = ORIENTED_EDGE('',*,*,#12408,.F.);
#12408 = EDGE_CURVE('',#4751,#8830,#12409,.T.);
#12409 = SEAM_CURVE('',#12410,(#12414,#12421),.PCURVE_S1.);
#12410 = LINE('',#12411,#12412);
#12411 = CARTESIAN_POINT('',(353.25,354.5,3.));
#12412 = VECTOR('',#12413,1.);
#12413 = DIRECTION('',(0.,0.,-1.));
#12414 = PCURVE('',#4771,#12415);
#12415 = DEFINITIONAL_REPRESENTATION('',(#12416),#12420);
#12416 = LINE('',#12417,#12418);
#12417 = CARTESIAN_POINT('',(6.28318530718,-0.));
#12418 = VECTOR('',#12419,1.);
#12419 = DIRECTION('',(0.,1.));
#12420 = ( GEOMETRIC_REPRESENTATION_CONTEXT(2) 
PARAMETRIC_REPRESENTATION_CONTEXT() REPRESENTATION_CONTEXT('2D SPACE',''
  ) );
#12421 = PCURVE('',#4771,#12422);
#12422 = DEFINITIONAL_REPRESENTATION('',(#12423),#12427);
#12423 = LINE('',#12424,#12425);
#12424 = CARTESIAN_POINT('',(0.,-0.));
#12425 = VECTOR('',#12426,1.);
#12426 = DIRECTION('',(0.,1.));
#12427 = ( GEOMETRIC_REPRESENTATION_CONTEXT(2) 
PARAMETRIC_REPRESENTATION_CONTEXT() REPRESENTATION_CONTEXT('2D SPACE',''
  ) );
#12428 = ORIENTED_EDGE('',*,*,#4750,.T.);
#12429 = ORIENTED_EDGE('',*,*,#12408,.T.);
#12430 = ADVANCED_FACE('',(#12431),#4806,.F.);
#12431 = FACE_BOUND('',#12432,.F.);
#12432 = EDGE_LOOP('',(#12433,#12434,#12455,#12456));
#12433 = ORIENTED_EDGE('',*,*,#8859,.F.);
#12434 = ORIENTED_EDGE('',*,*,#12435,.F.);
#12435 = EDGE_CURVE('',#4786,#8860,#12436,.T.);
#12436 = SEAM_CURVE('',#12437,(#12441,#12448),.PCURVE_S1.);
#12437 = LINE('',#12438,#12439);
#12438 = CARTESIAN_POINT('',(394.25,395.5,3.));
#12439 = VECTOR('',#12440,1.);
#12440 = DIRECTION('',(0.,0.,-1.));
#12441 = PCURVE('',#4806,#12442);
#12442 = DEFINITIONAL_REPRESENTATION('',(#12443),#12447);
#12443 = LINE('',#12444,#12445);
#12444 = CARTESIAN_POINT('',(6.28318530718,-0.));
#12445 = VECTOR('',#12446,1.);
#12446 = DIRECTION('',(0.,1.));
#12447 = ( GEOMETRIC_REPRESENTATION_CONTEXT(2) 
PARAMETRIC_REPRESENTATION_CONTEXT() REPRESENTATION_CONTEXT('2D SPACE',''
  ) );
#12448 = PCURVE('',#4806,#12449);
#12449 = DEFINITIONAL_REPRESENTATION('',(#12450),#12454);
#12450 = LINE('',#12451,#12452);
#12451 = CARTESIAN_POINT('',(0.,-0.));
#12452 = VECTOR('',#12453,1.);
#12453 = DIRECTION('',(0.,1.));
#12454 = ( GEOMETRIC_REPRESENTATION_CONTEXT(2) 
PARAMETRIC_REPRESENTATION_CONTEXT() REPRESENTATION_CONTEXT('2D SPACE',''
  ) );
#12455 = ORIENTED_EDGE('',*,*,#4785,.T.);
#12456 = ORIENTED_EDGE('',*,*,#12435,.T.);
#12457 = ( GEOMETRIC_REPRESENTATION_CONTEXT(3) 
GLOBAL_UNCERTAINTY_ASSIGNED_CONTEXT((#12461)) 
GLOBAL_UNIT_ASSIGNED_CONTEXT((#12458,#12459,#12460)) 
REPRESENTATION_CONTEXT('Context #1',
  '3D Context with UNIT and UNCERTAINTY') );
#12458 = ( LENGTH_UNIT() NAMED_UNIT(*) SI_UNIT(.MILLI.,.METRE.) );
#12459 = ( NAMED_UNIT(*) PLANE_ANGLE_UNIT() SI_UNIT($,.RADIAN.) );
#12460 = ( NAMED_UNIT(*) SI_UNIT($,.STERADIAN.) SOLID_ANGLE_UNIT() );
#12461 = UNCERTAINTY_MEASURE_WITH_UNIT(LENGTH_MEASURE(1.E-07),#12458,
  'distance_accuracy_value','confusion accuracy');
#12462 = PRODUCT_RELATED_PRODUCT_CATEGORY('part',$,(#7));
ENDSEC;
END-ISO-10303-21;
